flight_id,flight_number,flight_date,airline_code,aircraft_id,origin,destination,scheduled_departure,actual_departure,scheduled_arrival,actual_arrival,departure_delay_min,arrival_delay_min,distance_km,passengers,status
1,F81461,2025-01-01,F8,40,YYC,YWG,2025-01-01 06:15:00,2025-01-01 06:12:00,2025-01-01 08:13:00,2025-01-01 08:03:00,-3,-10,1191,162,À l'heure
2,AC1819,2025-01-01,AC,4,YYC,YUL,2025-01-01 06:20:00,2025-01-01 06:20:00,2025-01-01 10:47:00,2025-01-01 10:53:00,0,6,3005,163,À l'heure
3,DL768,2025-01-01,DL,50,JFK,YUL,2025-01-01 06:25:00,2025-01-01 06:25:00,2025-01-01 07:29:00,2025-01-01 07:22:00,0,-7,537,91,À l'heure
4,AC435,2025-01-01,AC,8,YYZ,YYC,2025-01-01 07:05:00,2025-01-01 07:11:00,2025-01-01 11:02:00,2025-01-01 11:04:00,6,2,2689,155,À l'heure
5,AC396,2025-01-01,AC,4,YYC,YYZ,2025-01-01 08:25:00,2025-01-01 08:24:00,2025-01-01 12:16:00,2025-01-01 12:14:00,-1,-2,2689,123,À l'heure
6,AC820,2025-01-01,AC,4,YUL,YYZ,2025-01-01 08:35:00,2025-01-01 08:43:00,2025-01-01 09:45:00,2025-01-01 09:44:00,8,-1,507,189,À l'heure
7,AC829,2025-01-01,AC,10,YVR,YUL,2025-01-01 09:00:00,2025-01-01 09:04:00,2025-01-01 14:05:00,2025-01-01 14:08:00,4,3,3682,144,À l'heure
8,PD137,2025-01-01,PD,31,YQB,YUL,2025-01-01 11:05:00,2025-01-01 11:17:00,2025-01-01 11:53:00,2025-01-01 11:54:00,12,1,233,76,À l'heure
9,PD390,2025-01-01,PD,29,YUL,YHZ,2025-01-01 18:30:00,2025-01-01 18:36:00,2025-01-01 20:10:00,2025-01-01 20:18:00,6,8,804,51,À l'heure
10,AC1381,2025-01-02,AC,2,YYZ,YUL,2025-01-02 06:20:00,2025-01-02 06:21:00,2025-01-02 07:23:00,2025-01-02 07:34:00,1,11,507,107,À l'heure
11,WS1245,2025-01-02,WS,17,YVR,YYC,2025-01-02 07:00:00,2025-01-02 06:55:00,2025-01-02 08:27:00,2025-01-02 08:13:00,-5,-14,687,122,À l'heure
12,F8674,2025-01-02,F8,40,YYZ,YVR,2025-01-02 10:55:00,2025-01-02 11:22:00,2025-01-02 15:35:00,2025-01-02 16:09:00,27,34,3346,162,Retardé
13,AC175,2025-01-02,AC,11,LHR,YUL,2025-01-02 13:35:00,2025-01-02 13:38:00,2025-01-02 20:43:00,2025-01-02 20:42:00,3,-1,5215,274,À l'heure
14,AC921,2025-01-02,AC,5,LAX,YUL,2025-01-02 14:15:00,2025-01-02 14:27:00,2025-01-02 19:48:00,2025-01-02 20:04:00,12,16,3973,153,Retardé
15,AC1496,2025-01-02,AC,9,YYZ,YOW,2025-01-02 17:35:00,2025-01-02 17:48:00,2025-01-02 18:36:00,2025-01-02 18:45:00,13,9,363,155,À l'heure
16,AC1036,2025-01-03,AC,14,CDG,YUL,2025-01-03 06:00:00,2025-01-03 06:07:00,2025-01-03 13:28:00,2025-01-03 13:45:00,7,17,5523,206,Retardé
17,WS131,2025-01-03,WS,19,YYZ,YUL,2025-01-03 08:20:00,2025-01-03 08:24:00,2025-01-03 09:30:00,2025-01-03 09:44:00,4,14,507,123,À l'heure
18,WS252,2025-01-03,WS,20,YYC,YVR,2025-01-03 11:35:00,,2025-01-03 12:51:00,,,,687,,Annulé
19,WS398,2025-01-03,WS,17,YVR,YYZ,2025-01-03 13:40:00,2025-01-03 13:36:00,2025-01-03 18:27:00,2025-01-03 18:13:00,-4,-14,3346,164,À l'heure
20,PD895,2025-01-03,PD,29,YHZ,YUL,2025-01-03 15:00:00,2025-01-03 15:01:00,2025-01-03 16:41:00,2025-01-03 16:37:00,1,-4,804,58,À l'heure
21,AC1375,2025-01-03,AC,3,YVR,YYZ,2025-01-03 17:10:00,2025-01-03 17:27:00,2025-01-03 22:00:00,2025-01-03 22:07:00,17,7,3346,150,À l'heure
22,AF1419,2025-01-03,AF,58,YUL,CDG,2025-01-03 19:00:00,2025-01-03 18:56:00,2025-01-04 02:33:00,2025-01-04 02:19:00,-4,-14,5523,220,À l'heure
23,AC1697,2025-01-03,AC,7,YUL,YYZ,2025-01-03 19:40:00,2025-01-03 19:49:00,2025-01-03 20:53:00,2025-01-03 20:56:00,9,3,507,136,À l'heure
24,TS1158,2025-01-03,TS,38,YUL,CDG,2025-01-03 20:25:00,2025-01-03 21:31:00,2025-01-04 03:49:00,2025-01-04 05:02:00,66,73,5523,265,Retardé
25,AC443,2025-01-04,AC,14,LHR,YYZ,2025-01-04 06:15:00,2025-01-04 06:26:00,2025-01-04 13:56:00,2025-01-04 14:04:00,11,8,5707,193,À l'heure
26,WS874,2025-01-04,WS,18,YWG,YYC,2025-01-04 10:45:00,2025-01-04 10:47:00,2025-01-04 12:47:00,2025-01-04 12:52:00,2,5,1191,141,À l'heure
27,PD1836,2025-01-04,PD,27,YUL,YYZ,2025-01-04 11:25:00,2025-01-04 11:20:00,2025-01-04 12:41:00,2025-01-04 12:30:00,-5,-11,507,120,À l'heure
28,AC755,2025-01-04,AC,10,YUL,LAX,2025-01-04 12:10:00,2025-01-04 12:23:00,2025-01-04 17:47:00,2025-01-04 17:56:00,13,9,3973,160,À l'heure
29,WS1670,2025-01-04,WS,17,YHZ,YYZ,2025-01-04 12:30:00,2025-01-04 12:50:00,2025-01-04 14:30:00,2025-01-04 14:52:00,20,22,1288,127,Retardé
30,WS348,2025-01-04,WS,18,YYC,YEG,2025-01-04 14:00:00,2025-01-04 14:46:00,2025-01-04 14:54:00,2025-01-04 15:26:00,46,32,244,135,Retardé
31,F81675,2025-01-04,F8,41,YUL,YVR,2025-01-04 15:25:00,2025-01-04 15:38:00,2025-01-04 20:27:00,2025-01-04 20:36:00,13,9,3682,126,À l'heure
32,F81126,2025-01-04,F8,39,YUL,YVR,2025-01-04 16:45:00,2025-01-04 16:53:00,2025-01-04 21:52:00,2025-01-04 22:07:00,8,15,3682,131,À l'heure
33,TS210,2025-01-04,TS,32,YUL,CUN,2025-01-04 17:20:00,2025-01-04 17:20:00,2025-01-04 21:41:00,2025-01-04 21:36:00,0,-5,2970,136,À l'heure
34,WS287,2025-01-04,WS,20,YYC,YYZ,2025-01-04 17:55:00,2025-01-04 18:11:00,2025-01-04 21:47:00,2025-01-04 22:06:00,16,19,2689,145,Retardé
35,PD1766,2025-01-04,PD,30,YUL,YQB,2025-01-04 21:50:00,2025-01-04 21:50:00,2025-01-04 22:47:00,2025-01-04 22:33:00,0,-14,233,75,À l'heure
36,WS194,2025-01-05,WS,20,YYZ,YWG,2025-01-05 06:10:00,2025-01-05 06:11:00,2025-01-05 08:36:00,2025-01-05 08:31:00,1,-5,1504,109,À l'heure
37,AC360,2025-01-05,AC,8,LAX,YVR,2025-01-05 09:15:00,2025-01-05 09:13:00,2025-01-05 12:04:00,2025-01-05 12:03:00,-2,-1,1741,114,À l'heure
38,PD891,2025-01-05,PD,27,YOW,YYZ,2025-01-05 09:20:00,2025-01-05 09:28:00,2025-01-05 10:18:00,2025-01-05 10:26:00,8,8,363,108,À l'heure
39,AC1514,2025-01-05,AC,10,YWG,YYZ,2025-01-05 09:55:00,2025-01-05 09:56:00,2025-01-05 12:21:00,2025-01-05 12:30:00,1,9,1504,164,À l'heure
40,PD511,2025-01-05,PD,30,YOW,YUL,2025-01-05 10:55:00,2025-01-05 10:53:00,2025-01-05 11:40:00,2025-01-05 11:32:00,-2,-8,151,58,À l'heure
41,F81360,2025-01-05,F8,40,YYZ,YVR,2025-01-05 12:20:00,2025-01-05 12:42:00,2025-01-05 17:11:00,2025-01-05 17:39:00,22,28,3346,132,Retardé
42,AC1654,2025-01-05,AC,9,ORD,YUL,2025-01-05 16:25:00,2025-01-05 16:23:00,2025-01-05 18:33:00,2025-01-05 18:39:00,-2,6,1201,165,À l'heure
43,AC562,2025-01-05,AC,8,YUL,ORD,2025-01-05 17:05:00,2025-01-05 17:03:00,2025-01-05 19:00:00,2025-01-05 18:52:00,-2,-8,1201,155,À l'heure
44,TS549,2025-01-05,TS,37,CDG,YUL,2025-01-05 17:05:00,2025-01-05 17:23:00,2025-01-06 00:43:00,2025-01-06 00:51:00,18,8,5523,219,À l'heure
45,AC930,2025-01-05,AC,13,YYZ,LHR,2025-01-05 21:10:00,2025-01-05 21:21:00,2025-01-06 05:01:00,2025-01-06 05:15:00,11,14,5707,203,À l'heure
46,UA170,2025-01-06,UA,44,YYZ,ORD,2025-01-06 09:35:00,2025-01-06 09:35:00,2025-01-06 11:07:00,2025-01-06 11:09:00,0,2,701,147,À l'heure
47,DL158,2025-01-06,DL,54,YVR,LAX,2025-01-06 11:20:00,,2025-01-06 14:11:00,,,,1741,,Annulé
48,WS904,2025-01-06,WS,17,YVR,YYC,2025-01-06 11:40:00,2025-01-06 11:37:00,2025-01-06 13:10:00,2025-01-06 13:04:00,-3,-6,687,122,À l'heure
49,PD1238,2025-01-06,PD,29,YYZ,YUL,2025-01-06 12:05:00,2025-01-06 12:14:00,2025-01-06 13:13:00,2025-01-06 13:26:00,9,13,507,55,À l'heure
50,AC837,2025-01-06,AC,2,YUL,CUN,2025-01-06 15:35:00,2025-01-06 16:29:00,2025-01-06 19:44:00,2025-01-06 20:34:00,54,50,2970,117,Retardé
51,AC1897,2025-01-06,AC,7,YEG,YVR,2025-01-06 16:40:00,2025-01-06 16:59:00,2025-01-06 18:14:00,2025-01-06 18:26:00,19,12,809,115,À l'heure
52,PD320,2025-01-06,PD,27,YYZ,YOW,2025-01-06 17:30:00,2025-01-06 17:38:00,2025-01-06 18:19:00,2025-01-06 18:28:00,8,9,363,128,À l'heure
53,AC157,2025-01-06,AC,15,YUL,LHR,2025-01-06 18:55:00,2025-01-06 19:01:00,2025-01-07 02:02:00,2025-01-07 02:11:00,6,9,5215,198,À l'heure
54,UA189,2025-01-06,UA,48,ORD,YYZ,2025-01-06 21:00:00,2025-01-06 21:25:00,2025-01-06 22:24:00,2025-01-06 22:44:00,25,20,701,146,Retardé
55,DL744,2025-01-06,DL,54,YUL,JFK,2025-01-06 21:30:00,2025-01-06 22:06:00,2025-01-06 22:43:00,2025-01-06 23:21:00,36,38,537,123,Retardé
56,AC1162,2025-01-07,AC,2,JFK,YUL,2025-01-07 08:30:00,2025-01-07 08:39:00,2025-01-07 09:40:00,2025-01-07 09:50:00,9,10,537,90,À l'heure
57,F8424,2025-01-07,F8,40,YYZ,YYC,2025-01-07 08:30:00,2025-01-07 08:58:00,2025-01-07 12:29:00,2025-01-07 12:58:00,28,29,2689,121,Retardé
58,WS940,2025-01-07,WS,20,YEG,YYC,2025-01-07 08:30:00,2025-01-07 08:30:00,2025-01-07 09:18:00,2025-01-07 09:18:00,0,0,244,154,À l'heure
59,AC317,2025-01-07,AC,2,YYZ,YUL,2025-01-07 14:05:00,2025-01-07 14:19:00,2025-01-07 15:18:00,2025-01-07 15:23:00,14,5,507,116,À l'heure
60,PD1063,2025-01-07,PD,30,YUL,YOW,2025-01-07 14:25:00,2025-01-07 14:24:00,2025-01-07 15:14:00,2025-01-07 15:19:00,-1,5,151,75,À l'heure
61,WS529,2025-01-07,WS,18,CUN,YUL,2025-01-07 14:40:00,2025-01-07 14:52:00,2025-01-07 19:03:00,2025-01-07 19:01:00,12,-2,2970,136,À l'heure
62,AC1309,2025-01-07,AC,9,YYZ,YHZ,2025-01-07 16:30:00,2025-01-07 16:44:00,2025-01-07 18:30:00,2025-01-07 18:33:00,14,3,1288,144,À l'heure
63,AC330,2025-01-07,AC,5,YVR,YUL,2025-01-07 19:25:00,2025-01-07 19:38:00,2025-01-08 00:44:00,2025-01-08 00:44:00,13,0,3682,172,À l'heure
64,WS912,2025-01-07,WS,18,YUL,YYC,2025-01-07 19:50:00,2025-01-07 19:54:00,2025-01-08 00:07:00,2025-01-08 00:14:00,4,7,3005,150,À l'heure
65,WS877,2025-01-07,WS,18,YVR,YEG,2025-01-07 21:55:00,2025-01-07 22:01:00,2025-01-07 23:22:00,2025-01-07 23:18:00,6,-4,809,107,À l'heure
66,WS867,2025-01-08,WS,19,YYC,YEG,2025-01-08 06:40:00,2025-01-08 07:17:00,2025-01-08 07:24:00,2025-01-08 07:49:00,37,25,244,159,Retardé
67,DL396,2025-01-08,DL,54,YVR,LAX,2025-01-08 09:25:00,2025-01-08 09:29:00,2025-01-08 12:07:00,2025-01-08 12:17:00,4,10,1741,187,À l'heure
68,AC178,2025-01-08,AC,13,LHR,YUL,2025-01-08 13:30:00,2025-01-08 13:34:00,2025-01-08 20:35:00,2025-01-08 20:46:00,4,11,5215,185,À l'heure
69,AC613,2025-01-08,AC,3,LAX,YVR,2025-01-08 17:10:00,2025-01-08 17:32:00,2025-01-08 19:44:00,2025-01-08 19:56:00,22,12,1741,163,À l'heure
70,F8440,2025-01-08,F8,40,YVR,YYC,2025-01-08 18:50:00,2025-01-08 18:53:00,2025-01-08 20:07:00,2025-01-08 20:10:00,3,3,687,110,À l'heure
71,AC240,2025-01-08,AC,4,YUL,JFK,2025-01-08 19:20:00,2025-01-08 20:08:00,2025-01-08 20:26:00,2025-01-08 21:12:00,48,46,537,172,Retardé
72,WS187,2025-01-09,WS,19,CUN,YUL,2025-01-09 08:35:00,2025-01-09 08:48:00,2025-01-09 12:47:00,2025-01-09 13:00:00,13,13,2970,160,À l'heure
73,WS910,2025-01-09,WS,18,YEG,YYC,2025-01-09 11:15:00,2025-01-09 11:30:00,2025-01-09 12:11:00,2025-01-09 12:29:00,15,18,244,136,Retardé
74,WS1845,2025-01-09,WS,19,YYC,YUL,2025-01-09 11:40:00,2025-01-09 11:49:00,2025-01-09 16:03:00,2025-01-09 16:07:00,9,4,3005,133,À l'heure
75,F8680,2025-01-09,F8,41,YVR,YYZ,2025-01-09 14:45:00,,2025-01-09 19:29:00,,,,3346,,Annulé
76,WS1504,2025-01-09,WS,18,YUL,YVR,2025-01-09 20:35:00,2025-01-09 20:50:00,2025-01-10 01:39:00,2025-01-10 01:44:00,15,5,3682,113,À l'heure
77,AC1725,2025-01-09,AC,1,YUL,JFK,2025-01-09 20:40:00,2025-01-09 21:17:00,2025-01-09 21:42:00,2025-01-09 22:22:00,37,40,537,118,Retardé
78,PD408,2025-01-10,PD,29,YYZ,YUL,2025-01-10 09:30:00,2025-01-10 09:56:00,2025-01-10 10:37:00,2025-01-10 11:13:00,26,36,507,57,Retardé
79,UA464,2025-01-10,UA,43,ORD,YYZ,2025-01-10 09:35:00,2025-01-10 09:35:00,2025-01-10 11:07:00,2025-01-10 10:57:00,0,-10,701,129,À l'heure
80,PD863,2025-01-10,PD,30,YOW,YUL,2025-01-10 09:50:00,2025-01-10 09:52:00,2025-01-10 10:33:00,2025-01-10 10:42:00,2,9,151,51,À l'heure
81,AC1488,2025-01-10,AC,1,LAX,YUL,2025-01-10 10:20:00,2025-01-10 10:35:00,2025-01-10 15:57:00,2025-01-10 16:07:00,15,10,3973,91,À l'heure
82,WS981,2025-01-10,WS,19,YYC,YWG,2025-01-10 11:20:00,2025-01-10 11:21:00,2025-01-10 13:24:00,2025-01-10 13:15:00,1,-9,1191,155,À l'heure
83,WS965,2025-01-10,WS,20,YUL,CUN,2025-01-10 11:30:00,2025-01-10 11:46:00,2025-01-10 15:41:00,2025-01-10 16:07:00,16,26,2970,134,Retardé
84,DL252,2025-01-10,DL,51,JFK,YUL,2025-01-10 11:55:00,2025-01-10 11:53:00,2025-01-10 13:06:00,2025-01-10 13:01:00,-2,-5,537,104,À l'heure
85,AC227,2025-01-10,AC,16,CDG,YUL,2025-01-10 13:00:00,2025-01-10 13:10:00,2025-01-10 20:32:00,2025-01-10 20:43:00,10,11,5523,257,À l'heure
86,TS1662,2025-01-10,TS,38,CDG,YUL,2025-01-10 17:15:00,2025-01-10 17:30:00,2025-01-11 00:53:00,2025-01-11 01:06:00,15,13,5523,241,À l'heure
87,AF990,2025-01-10,AF,58,YUL,CDG,2025-01-10 19:20:00,2025-01-10 19:39:00,2025-01-11 02:45:00,2025-01-11 02:52:00,19,7,5523,215,À l'heure
88,AC563,2025-01-10,AC,3,YUL,LAX,2025-01-10 21:05:00,2025-01-10 21:07:00,2025-01-11 02:32:00,2025-01-11 02:37:00,2,5,3973,145,À l'heure
89,AC1746,2025-01-10,AC,10,YVR,YYZ,2025-01-10 21:20:00,2025-01-10 21:48:00,2025-01-11 02:10:00,2025-01-11 02:41:00,28,31,3346,115,Retardé
90,AC623,2025-01-11,AC,8,YVR,YUL,2025-01-11 07:35:00,2025-01-11 07:35:00,2025-01-11 12:51:00,2025-01-11 12:50:00,0,-1,3682,147,À l'heure
91,AC1910,2025-01-11,AC,3,YYZ,YYC,2025-01-11 08:45:00,2025-01-11 08:54:00,2025-01-11 12:42:00,2025-01-11 12:37:00,9,-5,2689,126,À l'heure
92,F8390,2025-01-11,F8,40,YVR,YUL,2025-01-11 09:25:00,,2025-01-11 14:31:00,,,,3682,,Annulé
93,AC1973,2025-01-11,AC,9,YWG,YYZ,2025-01-11 09:25:00,2025-01-11 09:22:00,2025-01-11 11:58:00,2025-01-11 12:00:00,-3,2,1504,145,À l'heure
94,PD470,2025-01-11,PD,30,YYZ,YUL,2025-01-11 09:50:00,2025-01-11 09:46:00,2025-01-11 10:53:00,2025-01-11 10:50:00,-4,-3,507,57,À l'heure
95,AC1046,2025-01-11,AC,8,JFK,YUL,2025-01-11 10:00:00,2025-01-11 10:00:00,2025-01-11 11:11:00,2025-01-11 11:05:00,0,-6,537,168,À l'heure
96,WS352,2025-01-11,WS,20,YYZ,YUL,2025-01-11 11:30:00,2025-01-11 11:30:00,2025-01-11 12:46:00,2025-01-11 12:35:00,0,-11,507,121,À l'heure
97,AC1672,2025-01-11,AC,9,YUL,CUN,2025-01-11 12:05:00,2025-01-11 12:10:00,2025-01-11 16:24:00,2025-01-11 16:38:00,5,14,2970,145,À l'heure
98,F81521,2025-01-11,F8,40,YYC,YYZ,2025-01-11 12:15:00,2025-01-11 12:15:00,2025-01-11 16:02:00,2025-01-11 16:04:00,0,2,2689,137,À l'heure
99,PD1472,2025-01-11,PD,31,YUL,YYZ,2025-01-11 13:10:00,2025-01-11 13:20:00,2025-01-11 14:26:00,2025-01-11 14:27:00,10,1,507,72,À l'heure
100,AC1865,2025-01-11,AC,14,YUL,LHR,2025-01-11 17:50:00,2025-01-11 18:23:00,2025-01-12 00:49:00,2025-01-12 01:30:00,33,41,5215,282,Retardé
101,F81147,2025-01-11,F8,39,YYC,YYZ,2025-01-11 18:05:00,2025-01-11 18:12:00,2025-01-11 21:54:00,2025-01-11 21:52:00,7,-2,2689,109,À l'heure
102,WS710,2025-01-11,WS,18,YUL,YYZ,2025-01-11 18:50:00,2025-01-11 22:36:00,2025-01-11 20:05:00,2025-01-11 23:53:00,226,228,507,129,Retardé
103,AC286,2025-01-11,AC,7,YHZ,YYZ,2025-01-11 19:40:00,2025-01-11 20:09:00,2025-01-11 21:43:00,2025-01-11 22:06:00,29,23,1288,142,Retardé
104,AC984,2025-01-11,AC,6,YQB,YUL,2025-01-11 20:00:00,2025-01-11 20:03:00,2025-01-11 20:39:00,2025-01-11 20:31:00,3,-8,233,175,À l'heure
105,AC1872,2025-01-11,AC,3,YOW,YYZ,2025-01-11 20:00:00,2025-01-11 20:25:00,2025-01-11 21:05:00,2025-01-11 21:30:00,25,25,363,155,Retardé
106,AC1726,2025-01-12,AC,10,YHZ,YUL,2025-01-12 07:20:00,2025-01-12 07:25:00,2025-01-12 08:47:00,2025-01-12 08:40:00,5,-7,804,164,À l'heure
107,UA1213,2025-01-12,UA,45,YUL,ORD,2025-01-12 08:20:00,2025-01-12 08:24:00,2025-01-12 10:30:00,2025-01-12 10:37:00,4,7,1201,114,À l'heure
108,AC558,2025-01-12,AC,11,LHR,YYZ,2025-01-12 10:55:00,2025-01-12 10:52:00,2025-01-12 18:39:00,2025-01-12 18:34:00,-3,-5,5707,202,À l'heure
109,WS1096,2025-01-12,WS,18,YYZ,YWG,2025-01-12 11:15:00,2025-01-12 11:50:00,2025-01-12 13:47:00,2025-01-12 14:09:00,35,22,1504,160,Retardé
110,UA1064,2025-01-12,UA,46,ORD,YUL,2025-01-12 17:10:00,2025-01-12 17:24:00,2025-01-12 19:08:00,2025-01-12 19:16:00,14,8,1201,144,À l'heure
111,PD540,2025-01-12,PD,28,YUL,YYZ,2025-01-12 17:15:00,2025-01-12 17:17:00,2025-01-12 18:32:00,2025-01-12 18:20:00,2,-12,507,86,À l'heure
112,WS566,2025-01-12,WS,18,YWG,YYC,2025-01-12 21:20:00,2025-01-13 00:31:00,2025-01-12 23:20:00,2025-01-13 02:19:00,191,179,1191,121,Retardé
113,F81920,2025-01-13,F8,41,YYZ,YVR,2025-01-13 08:50:00,2025-01-13 09:22:00,2025-01-13 13:27:00,2025-01-13 13:47:00,32,20,3346,155,Retardé
114,AC1317,2025-01-13,AC,2,YEG,YVR,2025-01-13 09:10:00,2025-01-13 09:20:00,2025-01-13 10:41:00,2025-01-13 10:54:00,10,13,809,103,À l'heure
115,WS1416,2025-01-13,WS,20,YVR,YYC,2025-01-13 12:50:00,2025-01-13 13:14:00,2025-01-13 14:19:00,2025-01-13 14:41:00,24,22,687,151,Retardé
116,PD1367,2025-01-13,PD,31,YUL,YHZ,2025-01-13 14:00:00,2025-01-13 14:00:00,2025-01-13 15:29:00,2025-01-13 15:26:00,0,-3,804,74,À l'heure
117,PD1176,2025-01-13,PD,26,YUL,YYZ,2025-01-13 15:50:00,2025-01-13 16:46:00,2025-01-13 17:06:00,2025-01-13 17:55:00,56,49,507,82,Retardé
118,F8606,2025-01-13,F8,42,YYZ,YVR,2025-01-13 16:30:00,2025-01-13 17:02:00,2025-01-13 21:08:00,2025-01-13 21:42:00,32,34,3346,162,Retardé
119,AC507,2025-01-13,AC,1,YYZ,YYC,2025-01-13 16:50:00,2025-01-13 18:24:00,2025-01-13 20:40:00,2025-01-13 22:14:00,94,94,2689,122,Retardé
120,UA1236,2025-01-13,UA,49,YYZ,ORD,2025-01-13 17:00:00,2025-01-13 19:29:00,2025-01-13 18:27:00,2025-01-13 20:58:00,149,151,701,144,Retardé
121,AC448,2025-01-13,AC,14,YYZ,LHR,2025-01-13 18:30:00,2025-01-13 19:59:00,2025-01-14 02:13:00,2025-01-14 03:32:00,89,79,5707,239,Retardé
122,PD570,2025-01-13,PD,25,YYZ,YHZ,2025-01-13 18:35:00,2025-01-13 18:47:00,2025-01-13 20:44:00,2025-01-13 20:54:00,12,10,1288,127,À l'heure
123,AF1121,2025-01-13,AF,56,YUL,CDG,2025-01-13 18:40:00,2025-01-13 18:46:00,2025-01-14 02:01:00,2025-01-14 02:03:00,6,2,5523,194,À l'heure
124,PD614,2025-01-13,PD,31,YUL,YQB,2025-01-13 20:45:00,2025-01-13 20:46:00,2025-01-13 21:34:00,2025-01-13 21:44:00,1,10,233,58,À l'heure
125,AC114,2025-01-14,AC,1,YYZ,YOW,2025-01-14 15:00:00,,2025-01-14 15:55:00,,,,363,,Annulé
126,AC498,2025-01-14,AC,5,CUN,YUL,2025-01-14 16:55:00,2025-01-14 17:16:00,2025-01-14 21:09:00,2025-01-14 21:33:00,21,24,2970,127,Retardé
127,WS245,2025-01-14,WS,18,YVR,YEG,2025-01-14 17:05:00,2025-01-14 18:22:00,2025-01-14 18:29:00,2025-01-14 19:55:00,77,86,809,138,Retardé
128,F81860,2025-01-14,F8,42,YYC,YVR,2025-01-14 18:45:00,2025-01-14 18:48:00,2025-01-14 20:09:00,2025-01-14 20:10:00,3,1,687,162,À l'heure
129,WS1365,2025-01-14,WS,19,YUL,YYC,2025-01-14 19:05:00,2025-01-14 19:32:00,2025-01-14 23:22:00,2025-01-14 23:37:00,27,15,3005,144,À l'heure
130,PD191,2025-01-14,PD,26,YOW,YYZ,2025-01-14 20:05:00,2025-01-14 20:10:00,2025-01-14 21:07:00,2025-01-14 21:16:00,5,9,363,93,À l'heure
131,PD1979,2025-01-14,PD,30,YUL,YOW,2025-01-14 20:10:00,2025-01-14 20:14:00,2025-01-14 20:54:00,2025-01-14 21:03:00,4,9,151,55,À l'heure
132,AC732,2025-01-15,AC,2,YUL,JFK,2025-01-15 08:00:00,2025-01-15 08:24:00,2025-01-15 09:05:00,2025-01-15 09:24:00,24,19,537,131,Retardé
133,WS460,2025-01-15,WS,20,YYZ,YUL,2025-01-15 09:00:00,2025-01-15 09:03:00,2025-01-15 10:00:00,2025-01-15 10:10:00,3,10,507,109,À l'heure
134,AC680,2025-01-15,AC,7,YHZ,YYZ,2025-01-15 10:10:00,2025-01-15 10:11:00,2025-01-15 12:23:00,2025-01-15 12:17:00,1,-6,1288,157,À l'heure
135,AC223,2025-01-15,AC,12,CDG,YUL,2025-01-15 14:15:00,2025-01-15 14:39:00,2025-01-15 21:54:00,2025-01-15 22:28:00,24,34,5523,196,Retardé
136,PD1797,2025-01-15,PD,28,YHZ,YUL,2025-01-15 14:50:00,2025-01-15 15:10:00,2025-01-15 16:13:00,2025-01-15 16:21:00,20,8,804,110,À l'heure
137,AC768,2025-01-15,AC,9,YYZ,YOW,2025-01-15 15:55:00,2025-01-15 15:55:00,2025-01-15 16:54:00,2025-01-15 16:42:00,0,-12,363,156,À l'heure
138,AC1413,2025-01-15,AC,5,YUL,YYC,2025-01-15 17:15:00,2025-01-15 17:29:00,2025-01-15 21:34:00,2025-01-15 21:46:00,14,12,3005,152,À l'heure
139,WS1163,2025-01-15,WS,20,YVR,YEG,2025-01-15 17:40:00,2025-01-15 17:51:00,2025-01-15 19:05:00,2025-01-15 19:20:00,11,15,809,156,À l'heure
140,WS384,2025-01-15,WS,20,CUN,YUL,2025-01-15 21:35:00,2025-01-15 22:35:00,2025-01-16 01:50:00,2025-01-16 02:37:00,60,47,2970,159,Retardé
141,AC1020,2025-01-16,AC,9,YYZ,YWG,2025-01-16 07:00:00,2025-01-16 07:00:00,2025-01-16 09:17:00,2025-01-16 09:14:00,0,-3,1504,168,À l'heure
142,WS862,2025-01-16,WS,18,YYC,YWG,2025-01-16 09:35:00,2025-01-16 13:16:00,2025-01-16 11:44:00,2025-01-16 15:20:00,221,216,1191,143,Retardé
143,WS1570,2025-01-16,WS,20,YYZ,YUL,2025-01-16 11:00:00,2025-01-16 11:31:00,2025-01-16 12:18:00,2025-01-16 12:42:00,31,24,507,153,Retardé
144,WS951,2025-01-16,WS,17,YYC,YYZ,2025-01-16 11:55:00,2025-01-16 14:14:00,2025-01-16 15:55:00,2025-01-16 18:01:00,139,126,2689,143,Retardé
145,WS1051,2025-01-16,WS,18,YUL,YYZ,2025-01-16 12:40:00,2025-01-16 13:03:00,2025-01-16 13:54:00,2025-01-16 14:20:00,23,26,507,160,Retardé
146,WS1922,2025-01-16,WS,18,YYZ,YYC,2025-01-16 13:05:00,2025-01-16 13:09:00,2025-01-16 16:56:00,2025-01-16 17:10:00,4,14,2689,164,À l'heure
147,PD1125,2025-01-16,PD,30,YOW,YUL,2025-01-16 17:10:00,2025-01-16 17:13:00,2025-01-16 17:48:00,2025-01-16 17:47:00,3,-1,151,62,À l'heure
148,AC1042,2025-01-16,AC,16,YUL,CDG,2025-01-16 18:05:00,2025-01-16 18:48:00,2025-01-17 01:40:00,2025-01-17 02:09:00,43,29,5523,236,Retardé
149,F8754,2025-01-16,F8,40,YVR,YYZ,2025-01-16 20:05:00,2025-01-16 20:08:00,2025-01-17 00:56:00,2025-01-17 01:08:00,3,12,3346,125,À l'heure
150,PD392,2025-01-16,PD,28,YYZ,YOW,2025-01-16 21:05:00,2025-01-16 22:08:00,2025-01-16 21:58:00,2025-01-16 23:09:00,63,71,363,96,Retardé
151,AC642,2025-01-17,AC,6,YUL,YYZ,2025-01-17 06:20:00,2025-01-17 06:46:00,2025-01-17 07:38:00,2025-01-17 07:51:00,26,13,507,145,À l'heure
152,AC382,2025-01-17,AC,10,ORD,YUL,2025-01-17 07:55:00,2025-01-17 08:01:00,2025-01-17 10:00:00,2025-01-17 10:15:00,6,15,1201,158,À l'heure
153,WS609,2025-01-17,WS,20,YYZ,YUL,2025-01-17 08:30:00,2025-01-17 08:35:00,2025-01-17 09:39:00,2025-01-17 09:51:00,5,12,507,167,À l'heure
154,AC201,2025-01-17,AC,2,YUL,JFK,2025-01-17 09:25:00,2025-01-17 09:34:00,2025-01-17 10:42:00,2025-01-17 10:41:00,9,-1,537,122,À l'heure
155,AC1725,2025-01-17,AC,3,YYC,YVR,2025-01-17 09:25:00,2025-01-17 09:25:00,2025-01-17 10:43:00,2025-01-17 10:41:00,0,-2,687,153,À l'heure
156,AC1572,2025-01-17,AC,10,YUL,ORD,2025-01-17 09:30:00,2025-01-17 10:03:00,2025-01-17 11:39:00,2025-01-17 12:07:00,33,28,1201,124,Retardé
157,UA588,2025-01-17,UA,43,ORD,YYZ,2025-01-17 09:50:00,2025-01-17 10:04:00,2025-01-17 11:22:00,2025-01-17 11:25:00,14,3,701,116,À l'heure
158,UA1111,2025-01-17,UA,46,YYZ,ORD,2025-01-17 10:30:00,,2025-01-17 12:01:00,,,,701,,Annulé
159,F8645,2025-01-17,F8,41,YUL,YVR,2025-01-17 11:35:00,2025-01-17 11:54:00,2025-01-17 16:52:00,2025-01-17 17:01:00,19,9,3682,125,À l'heure
160,WS1492,2025-01-17,WS,17,YYC,YVR,2025-01-17 12:05:00,2025-01-17 12:21:00,2025-01-17 13:20:00,2025-01-17 13:24:00,16,4,687,125,À l'heure
161,AC1089,2025-01-17,AC,2,YVR,YYZ,2025-01-17 12:35:00,2025-01-17 12:39:00,2025-01-17 17:27:00,2025-01-17 17:39:00,4,12,3346,133,À l'heure
162,WS1244,2025-01-17,WS,20,YEG,YYC,2025-01-17 13:30:00,2025-01-17 13:27:00,2025-01-17 14:22:00,2025-01-17 14:13:00,-3,-9,244,132,À l'heure
163,DL343,2025-01-17,DL,53,YVR,LAX,2025-01-17 14:35:00,2025-01-17 14:35:00,2025-01-17 17:23:00,2025-01-17 17:30:00,0,7,1741,176,À l'heure
164,AC804,2025-01-17,AC,9,YUL,LAX,2025-01-17 16:30:00,2025-01-17 16:57:00,2025-01-17 21:55:00,2025-01-17 22:16:00,27,21,3973,109,Retardé
165,AC1191,2025-01-17,AC,2,YQB,YUL,2025-01-17 17:45:00,2025-01-17 18:16:00,2025-01-17 18:33:00,2025-01-17 19:01:00,31,28,233,126,Retardé
166,AC1606,2025-01-17,AC,16,YYZ,LHR,2025-01-17 17:45:00,2025-01-17 18:43:00,2025-01-18 01:38:00,2025-01-18 02:41:00,58,63,5707,252,Retardé
167,WS1016,2025-01-17,WS,20,YVR,YUL,2025-01-17 19:30:00,2025-01-17 19:54:00,2025-01-18 00:39:00,2025-01-18 01:04:00,24,25,3682,164,Retardé
168,AC1077,2025-01-17,AC,1,YUL,YYZ,2025-01-17 19:40:00,2025-01-17 20:29:00,2025-01-17 20:47:00,2025-01-17 21:43:00,49,56,507,130,Retardé
169,TS722,2025-01-18,TS,35,CUN,YUL,2025-01-18 07:40:00,2025-01-18 07:46:00,2025-01-18 12:04:00,2025-01-18 12:01:00,6,-3,2970,139,À l'heure
170,AC140,2025-01-18,AC,3,YOW,YYZ,2025-01-18 08:00:00,2025-01-18 08:14:00,2025-01-18 09:00:00,2025-01-18 09:18:00,14,18,363,143,Retardé
171,F81106,2025-01-18,F8,39,YYZ,YVR,2025-01-18 11:10:00,2025-01-18 14:31:00,2025-01-18 15:47:00,2025-01-18 18:55:00,201,188,3346,137,Retardé
172,AC1743,2025-01-18,AC,1,YUL,YHZ,2025-01-18 14:55:00,2025-01-18 15:26:00,2025-01-18 16:34:00,2025-01-18 16:51:00,31,17,804,90,Retardé
173,AC1447,2025-01-18,AC,6,LAX,YUL,2025-01-18 17:00:00,2025-01-18 17:03:00,2025-01-18 22:36:00,2025-01-18 22:45:00,3,9,3973,165,À l'heure
174,AC1729,2025-01-18,AC,14,YUL,CDG,2025-01-18 18:50:00,2025-01-18 18:55:00,2025-01-19 02:28:00,2025-01-19 02:19:00,5,-9,5523,217,À l'heure
175,WS697,2025-01-18,WS,17,YUL,CUN,2025-01-18 20:40:00,2025-01-18 23:21:00,2025-01-19 00:58:00,2025-01-19 03:36:00,161,158,2970,168,Retardé
176,WS908,2025-01-18,WS,17,YEG,YVR,2025-01-18 21:00:00,2025-01-18 21:00:00,2025-01-18 22:26:00,2025-01-18 22:24:00,0,-2,809,110,À l'heure
177,AC1874,2025-01-18,AC,14,YUL,LHR,2025-01-18 21:05:00,2025-01-18 21:25:00,2025-01-19 04:18:00,2025-01-19 04:33:00,20,15,5215,192,À l'heure
178,AC1308,2025-01-19,AC,2,YYC,YUL,2025-01-19 07:15:00,2025-01-19 07:13:00,2025-01-19 11:31:00,2025-01-19 11:31:00,-2,0,3005,105,À l'heure
179,AC1610,2025-01-19,AC,5,JFK,YUL,2025-01-19 07:50:00,2025-01-19 08:06:00,2025-01-19 08:57:00,2025-01-19 09:18:00,16,21,537,179,Retardé
180,WS1683,2025-01-19,WS,20,YUL,CUN,2025-01-19 08:35:00,2025-01-19 08:41:00,2025-01-19 12:54:00,2025-01-19 13:04:00,6,10,2970,168,À l'heure
181,AC1007,2025-01-19,AC,15,LHR,YYZ,2025-01-19 08:35:00,2025-01-19 08:34:00,2025-01-19 16:11:00,2025-01-19 16:02:00,-1,-9,5707,257,À l'heure
182,AC1312,2025-01-19,AC,9,YYZ,YHZ,2025-01-19 11:15:00,2025-01-19 11:19:00,2025-01-19 13:21:00,2025-01-19 13:21:00,4,0,1288,160,À l'heure
183,WS1904,2025-01-19,WS,18,YYC,YYZ,2025-01-19 11:20:00,2025-01-19 12:01:00,2025-01-19 15:12:00,2025-01-19 15:49:00,41,37,2689,143,Retardé
184,AC1924,2025-01-19,AC,12,LHR,YUL,2025-01-19 14:40:00,2025-01-19 15:54:00,2025-01-19 21:48:00,2025-01-19 22:53:00,74,65,5215,257,Retardé
185,DL1422,2025-01-19,DL,52,JFK,YUL,2025-01-19 16:15:00,2025-01-19 16:15:00,2025-01-19 17:19:00,2025-01-19 17:11:00,0,-8,537,166,À l'heure
186,F8703,2025-01-19,F8,39,YVR,YYC,2025-01-19 18:10:00,2025-01-19 18:12:00,2025-01-19 19:38:00,2025-01-19 19:36:00,2,-2,687,117,À l'heure
187,AC1041,2025-01-19,AC,1,YUL,YYZ,2025-01-19 18:20:00,2025-01-19 18:55:00,2025-01-19 19:28:00,2025-01-19 19:50:00,35,22,507,128,Retardé
188,AC743,2025-01-19,AC,11,CDG,YUL,2025-01-19 19:05:00,2025-01-19 19:28:00,2025-01-20 02:33:00,2025-01-20 02:55:00,23,22,5523,250,Retardé
189,DL1539,2025-01-20,DL,53,LAX,YVR,2025-01-20 07:15:00,2025-01-20 07:14:00,2025-01-20 09:58:00,2025-01-20 10:01:00,-1,3,1741,151,À l'heure
190,WS1463,2025-01-20,WS,20,YYC,YEG,2025-01-20 13:35:00,2025-01-20 13:44:00,2025-01-20 14:25:00,2025-01-20 14:29:00,9,4,244,138,À l'heure
191,WS1351,2025-01-20,WS,19,YYZ,YVR,2025-01-20 15:25:00,2025-01-20 15:19:00,2025-01-20 20:16:00,2025-01-20 20:14:00,-6,-2,3346,119,À l'heure
192,AC107,2025-01-20,AC,8,YUL,YQB,2025-01-20 18:15:00,2025-01-20 21:08:00,2025-01-20 19:03:00,2025-01-20 22:05:00,173,182,233,124,Retardé
193,WS1771,2025-01-20,WS,20,YWG,YYC,2025-01-20 21:00:00,2025-01-20 21:31:00,2025-01-20 23:06:00,2025-01-20 23:44:00,31,38,1191,120,Retardé
194,AC1365,2025-01-21,AC,3,YUL,YVR,2025-01-21 06:35:00,2025-01-21 06:36:00,2025-01-21 11:36:00,2025-01-21 11:42:00,1,6,3682,131,À l'heure
195,PD1101,2025-01-21,PD,28,YUL,YOW,2025-01-21 08:15:00,2025-01-21 08:26:00,2025-01-21 09:04:00,2025-01-21 09:09:00,11,5,151,117,À l'heure
196,AC624,2025-01-21,AC,4,YWG,YYZ,2025-01-21 14:40:00,2025-01-21 14:37:00,2025-01-21 17:13:00,2025-01-21 17:08:00,-3,-5,1504,172,À l'heure
197,F8116,2025-01-21,F8,40,YVR,YYC,2025-01-21 16:35:00,2025-01-21 16:44:00,2025-01-21 17:59:00,2025-01-21 18:00:00,9,1,687,109,À l'heure
198,AC1629,2025-01-21,AC,2,YOW,YYZ,2025-01-21 18:10:00,2025-01-21 18:26:00,2025-01-21 19:11:00,2025-01-21 19:24:00,16,13,363,129,À l'heure
199,AC605,2025-01-22,AC,2,YUL,ORD,2025-01-22 07:10:00,2025-01-22 07:16:00,2025-01-22 09:21:00,2025-01-22 09:16:00,6,-5,1201,128,À l'heure
200,PD966,2025-01-22,PD,27,YYZ,YUL,2025-01-22 10:25:00,2025-01-22 10:28:00,2025-01-22 11:30:00,2025-01-22 11:26:00,3,-4,507,107,À l'heure
201,AC1811,2025-01-22,AC,12,LHR,YUL,2025-01-22 12:20:00,2025-01-22 12:27:00,2025-01-22 19:19:00,2025-01-22 19:21:00,7,2,5215,246,À l'heure
202,WS429,2025-01-22,WS,19,YYZ,YUL,2025-01-22 12:55:00,2025-01-22 13:37:00,2025-01-22 14:10:00,2025-01-22 14:57:00,42,47,507,131,Retardé
203,AC815,2025-01-22,AC,11,LHR,YYZ,2025-01-22 16:05:00,2025-01-22 17:18:00,2025-01-22 23:42:00,2025-01-23 00:55:00,73,73,5707,236,Retardé
204,AC1231,2025-01-22,AC,11,YUL,CDG,2025-01-22 18:50:00,2025-01-22 19:11:00,2025-01-23 02:14:00,2025-01-23 02:30:00,21,16,5523,222,Retardé
205,TS1758,2025-01-22,TS,32,CUN,YUL,2025-01-22 20:10:00,2025-01-22 20:24:00,2025-01-23 00:32:00,2025-01-23 00:42:00,14,10,2970,179,À l'heure
206,WS1507,2025-01-23,WS,19,YEG,YYC,2025-01-23 07:20:00,2025-01-23 09:18:00,2025-01-23 08:13:00,2025-01-23 10:01:00,118,108,244,127,Retardé
207,TS1080,2025-01-23,TS,37,CDG,YUL,2025-01-23 15:45:00,2025-01-23 17:32:00,2025-01-23 23:08:00,2025-01-24 00:43:00,107,95,5523,271,Retardé
208,PD1536,2025-01-23,PD,25,YUL,YOW,2025-01-23 16:10:00,2025-01-23 18:47:00,2025-01-23 16:52:00,2025-01-23 19:16:00,157,144,151,90,Retardé
209,WS1225,2025-01-23,WS,20,YVR,YYZ,2025-01-23 16:35:00,2025-01-23 17:53:00,2025-01-23 21:21:00,2025-01-23 22:26:00,78,65,3346,159,Retardé
210,WS540,2025-01-23,WS,19,YYZ,YWG,2025-01-23 18:20:00,2025-01-23 18:32:00,2025-01-23 20:53:00,2025-01-23 21:08:00,12,15,1504,154,À l'heure
211,AC140,2025-01-23,AC,4,YUL,CUN,2025-01-23 18:25:00,2025-01-23 18:41:00,2025-01-23 22:44:00,2025-01-23 22:49:00,16,5,2970,191,À l'heure
212,WS590,2025-01-23,WS,20,YYC,YVR,2025-01-23 18:55:00,2025-01-23 19:11:00,2025-01-23 20:23:00,2025-01-23 20:34:00,16,11,687,115,À l'heure
213,AC816,2025-01-23,AC,8,YUL,YYZ,2025-01-23 19:35:00,2025-01-23 19:33:00,2025-01-23 20:46:00,2025-01-23 20:51:00,-2,5,507,117,À l'heure
214,AC161,2025-01-24,AC,5,YYZ,YUL,2025-01-24 06:00:00,2025-01-24 06:29:00,2025-01-24 07:08:00,2025-01-24 07:46:00,29,38,507,187,Retardé
215,F81535,2025-01-24,F8,41,YYC,YYZ,2025-01-24 06:25:00,2025-01-24 06:28:00,2025-01-24 10:14:00,2025-01-24 10:15:00,3,1,2689,124,À l'heure
216,WS1251,2025-01-24,WS,20,YEG,YVR,2025-01-24 09:20:00,2025-01-24 09:16:00,2025-01-24 10:47:00,2025-01-24 10:38:00,-4,-9,809,113,À l'heure
217,PD1635,2025-01-24,PD,26,YHZ,YYZ,2025-01-24 09:40:00,2025-01-24 09:45:00,2025-01-24 11:55:00,2025-01-24 12:10:00,5,15,1288,126,À l'heure
218,F81272,2025-01-24,F8,42,YVR,YYC,2025-01-24 10:10:00,2025-01-24 10:25:00,2025-01-24 11:31:00,2025-01-24 11:37:00,15,6,687,128,À l'heure
219,WS541,2025-01-24,WS,20,YUL,CUN,2025-01-24 13:00:00,2025-01-24 17:03:00,2025-01-24 17:22:00,2025-01-24 21:14:00,243,232,2970,129,Retardé
220,AC1011,2025-01-24,AC,5,YYZ,YYC,2025-01-24 14:45:00,2025-01-24 15:00:00,2025-01-24 18:38:00,2025-01-24 18:40:00,15,2,2689,156,À l'heure
221,WS1252,2025-01-24,WS,20,YVR,YYC,2025-01-24 16:00:00,2025-01-24 16:29:00,2025-01-24 17:28:00,2025-01-24 18:06:00,29,38,687,169,Retardé
222,AC1539,2025-01-24,AC,8,YWG,YYZ,2025-01-24 17:30:00,2025-01-24 17:28:00,2025-01-24 19:47:00,2025-01-24 19:44:00,-2,-3,1504,162,À l'heure
223,TS549,2025-01-24,TS,38,YUL,CDG,2025-01-24 17:45:00,2025-01-24 18:01:00,2025-01-25 01:16:00,2025-01-25 01:18:00,16,2,5523,250,À l'heure
224,AC1895,2025-01-24,AC,15,YYZ,LHR,2025-01-24 18:45:00,2025-01-24 18:58:00,2025-01-25 02:30:00,2025-01-25 02:51:00,13,21,5707,203,Retardé
225,WS688,2025-01-24,WS,17,YUL,YVR,2025-01-24 21:55:00,2025-01-24 21:54:00,2025-01-25 03:14:00,2025-01-25 03:11:00,-1,-3,3682,151,À l'heure
226,PD1126,2025-01-25,PD,31,YYZ,YOW,2025-01-25 07:15:00,2025-01-25 07:15:00,2025-01-25 08:16:00,2025-01-25 08:06:00,0,-10,363,67,À l'heure
227,PD303,2025-01-25,PD,29,YUL,YYZ,2025-01-25 08:30:00,2025-01-25 08:41:00,2025-01-25 09:48:00,2025-01-25 10:02:00,11,14,507,64,À l'heure
228,PD1220,2025-01-25,PD,28,YHZ,YUL,2025-01-25 09:10:00,2025-01-25 09:48:00,2025-01-25 10:33:00,2025-01-25 11:04:00,38,31,804,115,Retardé
229,AC256,2025-01-25,AC,4,YYZ,YHZ,2025-01-25 10:55:00,2025-01-25 10:56:00,2025-01-25 13:06:00,2025-01-25 13:03:00,1,-3,1288,166,À l'heure
230,UA1531,2025-01-25,UA,43,YYZ,ORD,2025-01-25 11:05:00,2025-01-25 11:24:00,2025-01-25 12:28:00,2025-01-25 12:39:00,19,11,701,151,À l'heure
231,AC907,2025-01-25,AC,3,YYZ,YVR,2025-01-25 14:55:00,2025-01-25 15:05:00,2025-01-25 19:39:00,2025-01-25 19:45:00,10,6,3346,166,À l'heure
232,AC914,2025-01-25,AC,6,YVR,LAX,2025-01-25 15:20:00,2025-01-25 17:37:00,2025-01-25 18:03:00,2025-01-25 20:24:00,137,141,1741,148,Retardé
233,PD375,2025-01-25,PD,27,YOW,YUL,2025-01-25 15:40:00,2025-01-25 15:36:00,2025-01-25 16:30:00,2025-01-25 16:28:00,-4,-2,151,86,À l'heure
234,AC308,2025-01-25,AC,6,YUL,LAX,2025-01-25 18:05:00,2025-01-25 18:20:00,2025-01-25 23:38:00,2025-01-25 23:42:00,15,4,3973,183,À l'heure
235,AC930,2025-01-25,AC,10,YUL,YYC,2025-01-25 19:00:00,2025-01-25 19:04:00,2025-01-25 23:18:00,2025-01-25 23:12:00,4,-6,3005,157,À l'heure
236,UA1717,2025-01-25,UA,45,ORD,YUL,2025-01-25 21:10:00,,2025-01-25 23:06:00,,,,1201,,Annulé
237,WS1276,2025-01-26,WS,19,CUN,YUL,2025-01-26 07:20:00,2025-01-26 07:28:00,2025-01-26 11:38:00,2025-01-26 11:38:00,8,0,2970,113,À l'heure
238,TS1172,2025-01-26,TS,37,CDG,YUL,2025-01-26 10:00:00,2025-01-26 10:20:00,2025-01-26 17:30:00,2025-01-26 17:54:00,20,24,5523,190,Retardé
239,PD1920,2025-01-26,PD,31,YYZ,YUL,2025-01-26 11:30:00,2025-01-26 12:15:00,2025-01-26 12:41:00,2025-01-26 13:36:00,45,55,507,73,Retardé
240,AC1925,2025-01-26,AC,1,YUL,YQB,2025-01-26 12:00:00,2025-01-26 12:01:00,2025-01-26 12:52:00,2025-01-26 12:54:00,1,2,233,88,À l'heure
241,AC412,2025-01-26,AC,2,LAX,YVR,2025-01-26 14:25:00,2025-01-26 14:46:00,2025-01-26 17:06:00,2025-01-26 17:20:00,21,14,1741,131,À l'heure
242,AC132,2025-01-26,AC,10,YYC,YUL,2025-01-26 16:30:00,2025-01-26 16:27:00,2025-01-26 20:56:00,2025-01-26 20:44:00,-3,-12,3005,112,À l'heure
243,WS182,2025-01-26,WS,20,YVR,YYZ,2025-01-26 17:50:00,2025-01-26 17:55:00,2025-01-26 22:29:00,2025-01-26 22:24:00,5,-5,3346,114,À l'heure
244,UA762,2025-01-26,UA,48,ORD,YYZ,2025-01-26 18:25:00,2025-01-26 18:38:00,2025-01-26 19:48:00,2025-01-26 19:55:00,13,7,701,142,À l'heure
245,F81594,2025-01-26,F8,41,YYC,YVR,2025-01-26 19:20:00,2025-01-26 19:30:00,2025-01-26 20:50:00,2025-01-26 21:07:00,10,17,687,139,Retardé
246,AC1044,2025-01-26,AC,7,LAX,YUL,2025-01-26 21:55:00,2025-01-26 22:04:00,2025-01-27 03:22:00,2025-01-27 03:27:00,9,5,3973,163,À l'heure
247,DL375,2025-01-27,DL,53,YUL,JFK,2025-01-27 07:05:00,2025-01-27 07:09:00,2025-01-27 08:15:00,2025-01-27 08:18:00,4,3,537,146,À l'heure
248,WS1084,2025-01-27,WS,17,YUL,YVR,2025-01-27 07:20:00,2025-01-27 07:32:00,2025-01-27 12:36:00,2025-01-27 12:36:00,12,0,3682,153,À l'heure
249,DL524,2025-01-27,DL,51,JFK,YUL,2025-01-27 09:05:00,2025-01-27 09:11:00,2025-01-27 10:15:00,2025-01-27 10:31:00,6,16,537,93,Retardé
250,WS1287,2025-01-27,WS,17,YYC,YEG,2025-01-27 11:05:00,2025-01-27 11:24:00,2025-01-27 11:48:00,2025-01-27 12:01:00,19,13,244,128,À l'heure
251,AC903,2025-01-27,AC,1,YUL,YYZ,2025-01-27 11:30:00,2025-01-27 11:34:00,2025-01-27 12:42:00,2025-01-27 12:46:00,4,4,507,117,À l'heure
252,WS655,2025-01-27,WS,20,YVR,YEG,2025-01-27 14:05:00,2025-01-27 19:06:00,2025-01-27 15:43:00,2025-01-27 20:34:00,301,291,809,164,Retardé
253,F81564,2025-01-27,F8,42,YYC,YWG,2025-01-27 14:40:00,2025-01-27 14:35:00,2025-01-27 16:44:00,2025-01-27 16:28:00,-5,-16,1191,142,À l'heure
254,AC575,2025-01-27,AC,9,YVR,YUL,2025-01-27 14:55:00,2025-01-27 14:52:00,2025-01-27 20:06:00,2025-01-27 19:49:00,-3,-17,3682,147,À l'heure
255,AC1181,2025-01-27,AC,4,YYZ,YOW,2025-01-27 14:55:00,2025-01-27 14:55:00,2025-01-27 15:45:00,2025-01-27 15:48:00,0,3,363,167,À l'heure
256,AC1415,2025-01-27,AC,13,YUL,LHR,2025-01-27 17:05:00,2025-01-27 17:17:00,2025-01-28 00:21:00,2025-01-28 00:20:00,12,-1,5215,189,À l'heure
257,WS274,2025-01-27,WS,19,YUL,YYZ,2025-01-27 19:25:00,2025-01-27 19:54:00,2025-01-27 20:28:00,2025-01-27 20:44:00,29,16,507,111,Retardé
258,F81379,2025-01-27,F8,39,YWG,YYC,2025-01-27 19:40:00,2025-01-27 21:11:00,2025-01-27 21:43:00,2025-01-27 23:14:00,91,91,1191,125,Retardé
259,PD933,2025-01-27,PD,30,YOW,YYZ,2025-01-27 20:10:00,2025-01-27 20:15:00,2025-01-27 21:02:00,2025-01-27 21:13:00,5,11,363,69,À l'heure
260,AC1827,2025-01-28,AC,8,YVR,YUL,2025-01-28 06:35:00,2025-01-28 06:43:00,2025-01-28 11:53:00,2025-01-28 11:55:00,8,2,3682,143,À l'heure
261,DL1285,2025-01-28,DL,52,JFK,YUL,2025-01-28 13:50:00,2025-01-28 13:50:00,2025-01-28 14:56:00,2025-01-28 14:48:00,0,-8,537,135,À l'heure
262,AC1383,2025-01-28,AC,5,YUL,YHZ,2025-01-28 15:15:00,2025-01-28 17:04:00,2025-01-28 16:44:00,2025-01-28 18:24:00,109,100,804,127,Retardé
263,PD1430,2025-01-28,PD,28,YOW,YYZ,2025-01-28 16:00:00,2025-01-28 16:07:00,2025-01-28 16:59:00,2025-01-28 16:53:00,7,-6,363,92,À l'heure
264,AC1926,2025-01-28,AC,7,YYZ,YVR,2025-01-28 18:05:00,2025-01-28 18:06:00,2025-01-28 22:47:00,2025-01-28 22:46:00,1,-1,3346,147,À l'heure
265,PD238,2025-01-28,PD,26,YQB,YUL,2025-01-28 21:50:00,2025-01-28 21:49:00,2025-01-28 22:34:00,2025-01-28 22:25:00,-1,-9,233,126,À l'heure
266,F81489,2025-01-29,F8,41,YYZ,YYC,2025-01-29 06:40:00,2025-01-29 06:41:00,2025-01-29 10:43:00,2025-01-29 10:38:00,1,-5,2689,161,À l'heure
267,AC1375,2025-01-29,AC,9,YYZ,YOW,2025-01-29 06:55:00,2025-01-29 06:56:00,2025-01-29 07:56:00,2025-01-29 07:45:00,1,-11,363,136,À l'heure
268,AC1179,2025-01-29,AC,3,YYZ,YYC,2025-01-29 07:10:00,2025-01-29 07:19:00,2025-01-29 11:00:00,2025-01-29 11:12:00,9,12,2689,189,À l'heure
269,UA155,2025-01-29,UA,49,ORD,YYZ,2025-01-29 12:30:00,2025-01-29 12:59:00,2025-01-29 13:49:00,2025-01-29 14:23:00,29,34,701,132,Retardé
270,WS234,2025-01-29,WS,18,YYC,YYZ,2025-01-29 15:55:00,2025-01-29 16:08:00,2025-01-29 19:56:00,2025-01-29 20:00:00,13,4,2689,125,À l'heure
271,AC1202,2025-01-29,AC,10,JFK,YUL,2025-01-29 16:25:00,2025-01-29 16:21:00,2025-01-29 17:35:00,2025-01-29 17:25:00,-4,-10,537,123,À l'heure
272,AC1573,2025-01-29,AC,13,LHR,YYZ,2025-01-29 19:05:00,2025-01-29 23:12:00,2025-01-30 02:56:00,2025-01-30 07:06:00,247,250,5707,229,Retardé
273,AC497,2025-01-29,AC,16,YYZ,LHR,2025-01-29 20:05:00,2025-01-29 20:07:00,2025-01-30 03:50:00,2025-01-30 03:51:00,2,1,5707,239,À l'heure
274,WS1860,2025-01-29,WS,18,YYZ,YVR,2025-01-29 21:05:00,2025-01-29 22:38:00,2025-01-30 01:41:00,2025-01-30 03:05:00,93,84,3346,138,Retardé
275,DL1411,2025-01-29,DL,52,YVR,LAX,2025-01-29 21:20:00,2025-01-29 21:32:00,2025-01-29 23:57:00,2025-01-30 00:19:00,12,22,1741,123,Retardé
276,TS1798,2025-01-30,TS,32,CUN,YUL,2025-01-30 07:20:00,2025-01-30 07:23:00,2025-01-30 11:45:00,2025-01-30 11:49:00,3,4,2970,138,À l'heure
277,AC1643,2025-01-30,AC,1,LAX,YUL,2025-01-30 08:15:00,2025-01-30 08:14:00,2025-01-30 13:44:00,2025-01-30 13:48:00,-1,4,3973,126,À l'heure
278,PD1125,2025-01-30,PD,30,YUL,YOW,2025-01-30 11:25:00,2025-01-30 11:29:00,2025-01-30 12:13:00,2025-01-30 12:15:00,4,2,151,53,À l'heure
279,WS449,2025-01-30,WS,17,YYZ,YUL,2025-01-30 11:35:00,2025-01-30 11:39:00,2025-01-30 12:37:00,2025-01-30 12:34:00,4,-3,507,160,À l'heure
280,AC779,2025-01-30,AC,12,YUL,CDG,2025-01-30 21:55:00,2025-01-30 21:59:00,2025-01-31 05:32:00,2025-01-31 05:29:00,4,-3,5523,236,À l'heure
281,PD1661,2025-01-31,PD,27,YYZ,YUL,2025-01-31 06:40:00,2025-01-31 06:46:00,2025-01-31 07:42:00,2025-01-31 07:49:00,6,7,507,92,À l'heure
282,AC953,2025-01-31,AC,9,ORD,YUL,2025-01-31 07:20:00,2025-01-31 07:23:00,2025-01-31 09:15:00,2025-01-31 09:15:00,3,0,1201,125,À l'heure
283,DL180,2025-01-31,DL,54,YUL,JFK,2025-01-31 07:35:00,2025-01-31 07:45:00,2025-01-31 08:43:00,2025-01-31 08:44:00,10,1,537,137,À l'heure
284,AC1792,2025-01-31,AC,6,YYC,YYZ,2025-01-31 09:20:00,2025-01-31 09:17:00,2025-01-31 13:19:00,2025-01-31 13:10:00,-3,-9,2689,176,À l'heure
285,WS1290,2025-01-31,WS,20,YEG,YYC,2025-01-31 10:40:00,2025-01-31 11:11:00,2025-01-31 11:30:00,2025-01-31 11:52:00,31,22,244,147,Retardé
286,AC871,2025-01-31,AC,12,LHR,YUL,2025-01-31 11:00:00,2025-01-31 11:35:00,2025-01-31 18:13:00,2025-01-31 18:42:00,35,29,5215,198,Retardé
287,PD1539,2025-01-31,PD,26,YQB,YUL,2025-01-31 13:05:00,,2025-01-31 13:49:00,,,,233,,Annulé
288,AC1736,2025-01-31,AC,4,YUL,LAX,2025-01-31 13:05:00,2025-01-31 13:25:00,2025-01-31 18:40:00,2025-01-31 18:49:00,20,9,3973,187,À l'heure
289,AC719,2025-01-31,AC,1,YEG,YVR,2025-01-31 13:35:00,2025-01-31 14:41:00,2025-01-31 15:04:00,2025-01-31 16:17:00,66,73,809,85,Retardé
290,PD1818,2025-01-31,PD,31,YOW,YUL,2025-01-31 16:20:00,2025-01-31 16:24:00,2025-01-31 17:09:00,2025-01-31 17:19:00,4,10,151,75,À l'heure
291,WS217,2025-01-31,WS,18,YYC,YEG,2025-01-31 17:10:00,2025-01-31 17:13:00,2025-01-31 18:03:00,2025-01-31 17:58:00,3,-5,244,154,À l'heure
292,PD1169,2025-01-31,PD,29,YUL,YYZ,2025-01-31 18:05:00,2025-01-31 18:06:00,2025-01-31 19:23:00,2025-01-31 19:16:00,1,-7,507,52,À l'heure
293,PD1663,2025-01-31,PD,26,YYZ,YOW,2025-01-31 18:20:00,2025-01-31 19:51:00,2025-01-31 19:16:00,2025-01-31 20:46:00,91,90,363,90,Retardé
294,F8817,2025-01-31,F8,39,YWG,YYC,2025-01-31 18:20:00,2025-01-31 19:38:00,2025-01-31 20:17:00,2025-01-31 21:43:00,78,86,1191,129,Retardé
295,WS1685,2025-02-01,WS,18,YYC,YUL,2025-02-01 07:05:00,2025-02-01 07:09:00,2025-02-01 11:17:00,2025-02-01 11:15:00,4,-2,3005,123,À l'heure
296,AC290,2025-02-01,AC,2,LAX,YVR,2025-02-01 08:20:00,2025-02-01 08:19:00,2025-02-01 10:57:00,2025-02-01 11:05:00,-1,8,1741,86,À l'heure
297,AC1707,2025-02-01,AC,8,YHZ,YYZ,2025-02-01 17:45:00,2025-02-01 17:59:00,2025-02-01 19:59:00,2025-02-01 20:01:00,14,2,1288,168,À l'heure
298,UA1923,2025-02-01,UA,46,YUL,ORD,2025-02-01 17:50:00,2025-02-01 17:56:00,2025-02-01 19:50:00,2025-02-01 20:00:00,6,10,1201,151,À l'heure
299,F81070,2025-02-01,F8,41,YVR,YYC,2025-02-01 18:15:00,2025-02-01 18:24:00,2025-02-01 19:35:00,2025-02-01 19:47:00,9,12,687,161,À l'heure
300,DL537,2025-02-02,DL,54,JFK,YUL,2025-02-02 06:40:00,2025-02-02 06:38:00,2025-02-02 07:51:00,2025-02-02 07:44:00,-2,-7,537,126,À l'heure
301,AC1426,2025-02-02,AC,9,YUL,CUN,2025-02-02 09:00:00,2025-02-02 09:08:00,2025-02-02 13:12:00,2025-02-02 13:27:00,8,15,2970,152,À l'heure
302,AC1578,2025-02-02,AC,4,YUL,YVR,2025-02-02 09:05:00,2025-02-02 09:12:00,2025-02-02 14:12:00,2025-02-02 14:24:00,7,12,3682,124,À l'heure
303,PD655,2025-02-02,PD,26,YUL,YYZ,2025-02-02 09:10:00,2025-02-02 09:09:00,2025-02-02 10:22:00,2025-02-02 10:24:00,-1,2,507,100,À l'heure
304,AC1087,2025-02-02,AC,6,YUL,YYC,2025-02-02 11:40:00,2025-02-02 11:41:00,2025-02-02 15:59:00,2025-02-02 16:00:00,1,1,3005,168,À l'heure
305,AC1591,2025-02-02,AC,4,YWG,YYZ,2025-02-02 12:30:00,2025-02-02 14:20:00,2025-02-02 14:59:00,2025-02-02 16:39:00,110,100,1504,164,Retardé
306,AC1149,2025-02-02,AC,6,YOW,YYZ,2025-02-02 12:40:00,2025-02-02 13:06:00,2025-02-02 13:39:00,2025-02-02 14:08:00,26,29,363,167,Retardé
307,AC1800,2025-02-02,AC,3,YUL,YHZ,2025-02-02 14:15:00,2025-02-02 14:36:00,2025-02-02 15:43:00,2025-02-02 16:02:00,21,19,804,145,Retardé
308,WS1994,2025-02-02,WS,20,YUL,YYZ,2025-02-02 16:05:00,2025-02-02 16:10:00,2025-02-02 17:06:00,2025-02-02 17:14:00,5,8,507,158,À l'heure
309,AC670,2025-02-02,AC,3,YUL,CUN,2025-02-02 17:20:00,2025-02-02 17:36:00,2025-02-02 21:42:00,2025-02-02 21:56:00,16,14,2970,175,À l'heure
310,WS1791,2025-02-02,WS,18,YYZ,YHZ,2025-02-02 21:40:00,2025-02-02 21:56:00,2025-02-02 23:41:00,2025-02-02 23:52:00,16,11,1288,118,À l'heure
311,F8848,2025-02-03,F8,42,YYC,YWG,2025-02-03 07:10:00,2025-02-03 07:12:00,2025-02-03 09:15:00,2025-02-03 09:23:00,2,8,1191,114,À l'heure
312,F81393,2025-02-03,F8,41,YYC,YVR,2025-02-03 10:20:00,2025-02-03 10:40:00,2025-02-03 11:36:00,2025-02-03 11:51:00,20,15,687,167,À l'heure
313,AC1128,2025-02-03,AC,4,YHZ,YUL,2025-02-03 11:40:00,2025-02-03 11:40:00,2025-02-03 13:10:00,2025-02-03 12:58:00,0,-12,804,133,À l'heure
314,UA258,2025-02-03,UA,45,YYZ,ORD,2025-02-03 14:25:00,2025-02-03 14:21:00,2025-02-03 15:46:00,2025-02-03 15:30:00,-4,-16,701,119,À l'heure
315,AC741,2025-02-03,AC,1,YYZ,YVR,2025-02-03 15:30:00,2025-02-03 15:52:00,2025-02-03 20:08:00,2025-02-03 20:35:00,22,27,3346,100,Retardé
316,TS1898,2025-02-03,TS,38,YUL,CDG,2025-02-03 20:05:00,2025-02-03 20:11:00,2025-02-04 03:43:00,2025-02-04 03:52:00,6,9,5523,226,À l'heure
317,AF1549,2025-02-03,AF,55,CDG,YUL,2025-02-03 21:40:00,2025-02-03 22:22:00,2025-02-04 05:08:00,2025-02-04 05:43:00,42,35,5523,286,Retardé
318,AC806,2025-02-04,AC,12,CDG,YUL,2025-02-04 06:05:00,2025-02-04 06:16:00,2025-02-04 13:32:00,2025-02-04 13:36:00,11,4,5523,201,À l'heure
319,PD332,2025-02-04,PD,26,YYZ,YUL,2025-02-04 07:15:00,2025-02-04 07:17:00,2025-02-04 08:20:00,2025-02-04 08:15:00,2,-5,507,94,À l'heure
320,WS807,2025-02-04,WS,20,YVR,YUL,2025-02-04 09:45:00,2025-02-04 09:53:00,2025-02-04 14:59:00,2025-02-04 15:13:00,8,14,3682,151,À l'heure
321,WS466,2025-02-04,WS,19,YVR,YEG,2025-02-04 10:20:00,2025-02-04 10:19:00,2025-02-04 11:46:00,2025-02-04 11:45:00,-1,-1,809,139,À l'heure
322,AC551,2025-02-04,AC,3,YUL,YQB,2025-02-04 11:15:00,2025-02-04 11:15:00,2025-02-04 11:59:00,2025-02-04 11:45:00,0,-14,233,143,À l'heure
323,WS1506,2025-02-04,WS,19,YYZ,YWG,2025-02-04 11:55:00,2025-02-04 11:56:00,2025-02-04 14:28:00,2025-02-04 14:32:00,1,4,1504,164,À l'heure
324,AC1024,2025-02-04,AC,10,YVR,YUL,2025-02-04 12:20:00,2025-02-04 12:20:00,2025-02-04 17:26:00,2025-02-04 17:21:00,0,-5,3682,112,À l'heure
325,AC317,2025-02-04,AC,7,YVR,YYZ,2025-02-04 12:25:00,2025-02-04 12:32:00,2025-02-04 17:10:00,2025-02-04 17:15:00,7,5,3346,118,À l'heure
326,PD1798,2025-02-04,PD,26,YOW,YYZ,2025-02-04 12:35:00,2025-02-04 12:41:00,2025-02-04 13:32:00,2025-02-04 13:43:00,6,11,363,123,À l'heure
327,AC1653,2025-02-04,AC,2,YUL,YYZ,2025-02-04 14:40:00,2025-02-04 15:35:00,2025-02-04 15:53:00,2025-02-04 16:58:00,55,65,507,88,Retardé
328,F8905,2025-02-04,F8,41,YVR,YYZ,2025-02-04 15:35:00,2025-02-04 16:17:00,2025-02-04 20:26:00,2025-02-04 21:15:00,42,49,3346,154,Retardé
329,AC1574,2025-02-04,AC,4,CUN,YUL,2025-02-04 17:20:00,2025-02-04 17:24:00,2025-02-04 21:36:00,2025-02-04 21:31:00,4,-5,2970,162,À l'heure
330,WS1102,2025-02-04,WS,20,YYZ,YUL,2025-02-04 19:35:00,2025-02-04 20:09:00,2025-02-04 20:36:00,2025-02-04 21:11:00,34,35,507,110,Retardé
331,AC918,2025-02-04,AC,15,YUL,LHR,2025-02-04 20:50:00,2025-02-04 21:19:00,2025-02-05 04:00:00,2025-02-05 04:16:00,29,16,5215,234,Retardé
332,AC1609,2025-02-05,AC,3,YUL,ORD,2025-02-05 09:25:00,2025-02-05 09:47:00,2025-02-05 11:22:00,2025-02-05 11:40:00,22,18,1201,179,Retardé
333,AC727,2025-02-05,AC,2,YYZ,YWG,2025-02-05 11:00:00,2025-02-05 11:03:00,2025-02-05 13:33:00,2025-02-05 13:43:00,3,10,1504,117,À l'heure
334,F81582,2025-02-05,F8,41,YYZ,YYC,2025-02-05 12:25:00,2025-02-05 12:42:00,2025-02-05 16:13:00,2025-02-05 16:19:00,17,6,2689,153,À l'heure
335,AC1263,2025-02-05,AC,1,YUL,YVR,2025-02-05 17:15:00,2025-02-05 17:26:00,2025-02-05 22:34:00,2025-02-05 22:54:00,11,20,3682,121,Retardé
336,WS107,2025-02-05,WS,17,YEG,YVR,2025-02-05 19:50:00,2025-02-05 20:04:00,2025-02-05 21:24:00,2025-02-05 21:43:00,14,19,809,151,Retardé
337,WS1752,2025-02-05,WS,19,YUL,YYC,2025-02-05 21:20:00,2025-02-05 21:44:00,2025-02-06 01:30:00,2025-02-06 01:44:00,24,14,3005,162,À l'heure
338,AC775,2025-02-06,AC,8,YUL,JFK,2025-02-06 07:45:00,2025-02-06 07:47:00,2025-02-06 08:52:00,2025-02-06 08:40:00,2,-12,537,120,À l'heure
339,PD1107,2025-02-06,PD,28,YUL,YHZ,2025-02-06 08:35:00,2025-02-06 08:31:00,2025-02-06 10:13:00,2025-02-06 10:14:00,-4,1,804,113,À l'heure
340,WS417,2025-02-06,WS,19,YYC,YVR,2025-02-06 09:15:00,2025-02-06 09:19:00,2025-02-06 10:30:00,2025-02-06 10:36:00,4,6,687,134,À l'heure
341,AC1582,2025-02-06,AC,2,YYC,YVR,2025-02-06 09:30:00,2025-02-06 09:31:00,2025-02-06 10:47:00,2025-02-06 10:58:00,1,11,687,118,À l'heure
342,AC1066,2025-02-06,AC,10,YVR,YYZ,2025-02-06 10:25:00,2025-02-06 10:41:00,2025-02-06 15:17:00,2025-02-06 15:43:00,16,26,3346,156,Retardé
343,AC1029,2025-02-06,AC,9,YYZ,YOW,2025-02-06 11:30:00,2025-02-06 11:35:00,2025-02-06 12:31:00,2025-02-06 12:37:00,5,6,363,147,À l'heure
344,AC887,2025-02-06,AC,2,YYZ,YOW,2025-02-06 12:55:00,2025-02-06 12:58:00,2025-02-06 13:55:00,2025-02-06 13:57:00,3,2,363,102,À l'heure
345,AC1407,2025-02-06,AC,1,YYZ,YVR,2025-02-06 13:55:00,2025-02-06 14:32:00,2025-02-06 18:38:00,2025-02-06 19:14:00,37,36,3346,104,Retardé
346,WS1865,2025-02-06,WS,19,YEG,YYC,2025-02-06 14:40:00,2025-02-06 15:07:00,2025-02-06 15:34:00,2025-02-06 16:02:00,27,28,244,168,Retardé
347,WS634,2025-02-06,WS,17,YWG,YYC,2025-02-06 15:50:00,2025-02-06 17:03:00,2025-02-06 17:48:00,2025-02-06 18:49:00,73,61,1191,147,Retardé
348,AC293,2025-02-06,AC,12,YUL,LHR,2025-02-06 17:45:00,2025-02-06 17:40:00,2025-02-07 00:55:00,2025-02-07 00:44:00,-5,-11,5215,269,À l'heure
349,WS614,2025-02-06,WS,20,YYZ,YVR,2025-02-06 19:30:00,2025-02-06 20:50:00,2025-02-07 00:06:00,2025-02-07 01:29:00,80,83,3346,165,Retardé
350,AC1235,2025-02-06,AC,5,YQB,YUL,2025-02-06 19:55:00,2025-02-06 23:20:00,2025-02-06 20:46:00,2025-02-07 00:10:00,205,204,233,155,Retardé
351,PD244,2025-02-06,PD,31,YHZ,YYZ,2025-02-06 20:10:00,2025-02-06 20:26:00,2025-02-06 22:12:00,2025-02-06 22:30:00,16,18,1288,75,Retardé
352,AC909,2025-02-06,AC,12,YUL,CDG,2025-02-06 21:00:00,2025-02-06 21:25:00,2025-02-07 04:36:00,2025-02-07 04:55:00,25,19,5523,201,Retardé
353,WS125,2025-02-06,WS,18,YYC,YUL,2025-02-06 21:15:00,2025-02-06 21:13:00,2025-02-07 01:32:00,2025-02-07 01:18:00,-2,-14,3005,120,À l'heure
354,DL1151,2025-02-07,DL,51,JFK,YUL,2025-02-07 07:00:00,2025-02-07 07:02:00,2025-02-07 08:15:00,2025-02-07 08:07:00,2,-8,537,111,À l'heure
355,WS776,2025-02-07,WS,17,YYC,YYZ,2025-02-07 07:10:00,2025-02-07 07:33:00,2025-02-07 11:09:00,2025-02-07 11:26:00,23,17,2689,124,Retardé
356,WS1691,2025-02-07,WS,19,YVR,YUL,2025-02-07 08:10:00,2025-02-07 08:10:00,2025-02-07 13:25:00,2025-02-07 13:18:00,0,-7,3682,116,À l'heure
357,AC589,2025-02-07,AC,12,CDG,YUL,2025-02-07 16:20:00,2025-02-07 16:16:00,2025-02-07 23:55:00,2025-02-07 23:48:00,-4,-7,5523,263,À l'heure
358,WS1696,2025-02-07,WS,17,YYC,YYZ,2025-02-07 17:00:00,2025-02-07 17:17:00,2025-02-07 20:56:00,2025-02-07 21:05:00,17,9,2689,109,À l'heure
359,WS468,2025-02-07,WS,18,YYC,YEG,2025-02-07 18:35:00,2025-02-07 18:40:00,2025-02-07 19:18:00,2025-02-07 19:09:00,5,-9,244,129,À l'heure
360,WS1853,2025-02-07,WS,19,YVR,YYC,2025-02-07 19:45:00,2025-02-07 19:46:00,2025-02-07 21:03:00,2025-02-07 20:55:00,1,-8,687,114,À l'heure
361,AC1537,2025-02-08,AC,15,LHR,YUL,2025-02-08 06:10:00,2025-02-08 06:16:00,2025-02-08 13:16:00,2025-02-08 13:32:00,6,16,5215,246,Retardé
362,AC351,2025-02-08,AC,6,YUL,YQB,2025-02-08 09:25:00,2025-02-08 09:23:00,2025-02-08 10:07:00,2025-02-08 10:01:00,-2,-6,233,152,À l'heure
363,AC517,2025-02-08,AC,11,CDG,YUL,2025-02-08 12:25:00,2025-02-08 12:26:00,2025-02-08 19:55:00,2025-02-08 20:04:00,1,9,5523,275,À l'heure
364,PD981,2025-02-08,PD,28,YOW,YUL,2025-02-08 14:05:00,2025-02-08 14:03:00,2025-02-08 14:55:00,2025-02-08 14:57:00,-2,2,151,103,À l'heure
365,AC542,2025-02-08,AC,6,YVR,LAX,2025-02-08 16:20:00,2025-02-08 16:23:00,2025-02-08 18:55:00,2025-02-08 19:08:00,3,13,1741,175,À l'heure
366,PD999,2025-02-08,PD,28,YUL,YOW,2025-02-08 17:30:00,2025-02-08 17:31:00,2025-02-08 18:19:00,2025-02-08 18:26:00,1,7,151,99,À l'heure
367,AC1045,2025-02-08,AC,11,YYZ,LHR,2025-02-08 18:05:00,2025-02-08 18:11:00,2025-02-09 01:49:00,2025-02-09 01:42:00,6,-7,5707,268,À l'heure
368,PD630,2025-02-08,PD,26,YHZ,YUL,2025-02-08 19:35:00,2025-02-08 20:18:00,2025-02-08 21:05:00,2025-02-08 21:44:00,43,39,804,92,Retardé
369,AC1446,2025-02-08,AC,7,YUL,LAX,2025-02-08 20:50:00,2025-02-08 21:15:00,2025-02-09 02:24:00,2025-02-09 02:48:00,25,24,3973,113,Retardé
370,UA175,2025-02-09,UA,49,ORD,YUL,2025-02-09 07:30:00,2025-02-09 07:33:00,2025-02-09 09:41:00,2025-02-09 09:45:00,3,4,1201,125,À l'heure
371,DL1618,2025-02-09,DL,54,LAX,YVR,2025-02-09 12:25:00,2025-02-09 12:23:00,2025-02-09 15:02:00,2025-02-09 14:54:00,-2,-8,1741,133,À l'heure
372,PD1237,2025-02-09,PD,30,YOW,YYZ,2025-02-09 14:45:00,2025-02-09 14:52:00,2025-02-09 15:37:00,2025-02-09 15:32:00,7,-5,363,57,À l'heure
373,AC1815,2025-02-09,AC,8,YVR,YUL,2025-02-09 19:25:00,2025-02-09 19:23:00,2025-02-10 00:38:00,2025-02-10 00:45:00,-2,7,3682,120,À l'heure
374,WS696,2025-02-09,WS,18,YVR,YEG,2025-02-09 19:45:00,2025-02-09 21:10:00,2025-02-09 21:16:00,2025-02-09 22:40:00,85,84,809,147,Retardé
375,AC361,2025-02-09,AC,4,YUL,YYZ,2025-02-09 20:15:00,2025-02-09 20:54:00,2025-02-09 21:21:00,2025-02-09 21:55:00,39,34,507,136,Retardé
376,AC1832,2025-02-09,AC,2,YYZ,YUL,2025-02-09 20:40:00,2025-02-09 20:40:00,2025-02-09 21:55:00,2025-02-09 21:42:00,0,-13,507,131,À l'heure
377,AC855,2025-02-09,AC,3,YUL,CUN,2025-02-09 21:45:00,2025-02-09 22:03:00,2025-02-10 01:52:00,2025-02-10 02:10:00,18,18,2970,122,Retardé
378,UA1575,2025-02-10,UA,49,ORD,YYZ,2025-02-10 06:55:00,2025-02-10 06:52:00,2025-02-10 08:15:00,2025-02-10 08:21:00,-3,6,701,124,À l'heure
379,PD882,2025-02-10,PD,27,YYZ,YUL,2025-02-10 07:10:00,2025-02-10 07:41:00,2025-02-10 08:14:00,2025-02-10 08:45:00,31,31,507,109,Retardé
380,DL126,2025-02-10,DL,53,YUL,JFK,2025-02-10 07:20:00,2025-02-10 07:22:00,2025-02-10 08:28:00,2025-02-10 08:20:00,2,-8,537,122,À l'heure
381,F8806,2025-02-10,F8,40,YYC,YWG,2025-02-10 07:55:00,2025-02-10 07:54:00,2025-02-10 09:51:00,2025-02-10 09:52:00,-1,1,1191,132,À l'heure
382,AC1420,2025-02-10,AC,4,YYZ,YHZ,2025-02-10 10:35:00,2025-02-10 10:36:00,2025-02-10 12:52:00,2025-02-10 12:52:00,1,0,1288,170,À l'heure
383,AC867,2025-02-10,AC,2,YUL,YVR,2025-02-10 11:35:00,2025-02-10 11:45:00,2025-02-10 16:54:00,2025-02-10 16:53:00,10,-1,3682,95,À l'heure
384,WS558,2025-02-10,WS,20,YUL,YYZ,2025-02-10 14:35:00,2025-02-10 14:41:00,2025-02-10 15:40:00,2025-02-10 15:50:00,6,10,507,166,À l'heure
385,F8535,2025-02-10,F8,40,YVR,YYZ,2025-02-10 15:10:00,2025-02-10 15:14:00,2025-02-10 19:57:00,2025-02-10 20:05:00,4,8,3346,131,À l'heure
386,F8477,2025-02-10,F8,40,YVR,YYC,2025-02-10 16:25:00,2025-02-10 16:37:00,2025-02-10 17:50:00,2025-02-10 18:08:00,12,18,687,110,Retardé
387,AC267,2025-02-10,AC,4,YWG,YYZ,2025-02-10 19:05:00,2025-02-10 19:05:00,2025-02-10 21:33:00,2025-02-10 21:33:00,0,0,1504,169,À l'heure
388,AF1339,2025-02-10,AF,61,YUL,CDG,2025-02-10 20:10:00,2025-02-10 20:35:00,2025-02-11 03:39:00,2025-02-11 04:05:00,25,26,5523,289,Retardé
389,F8404,2025-02-10,F8,41,YYZ,YYC,2025-02-10 21:40:00,2025-02-10 22:00:00,2025-02-11 01:29:00,2025-02-11 01:46:00,20,17,2689,118,Retardé
390,AC280,2025-02-11,AC,11,LHR,YYZ,2025-02-11 09:10:00,2025-02-11 09:15:00,2025-02-11 16:56:00,2025-02-11 16:48:00,5,-8,5707,260,À l'heure
391,AC1883,2025-02-11,AC,5,CUN,YUL,2025-02-11 09:55:00,2025-02-11 10:03:00,2025-02-11 14:12:00,2025-02-11 14:23:00,8,11,2970,187,À l'heure
392,WS774,2025-02-11,WS,18,YYZ,YUL,2025-02-11 12:25:00,2025-02-11 12:29:00,2025-02-11 13:28:00,2025-02-11 13:40:00,4,12,507,159,À l'heure
393,UA1378,2025-02-11,UA,47,YYZ,ORD,2025-02-11 13:20:00,2025-02-11 15:42:00,2025-02-11 14:52:00,2025-02-11 17:12:00,142,140,701,117,Retardé
394,AC162,2025-02-11,AC,8,YOW,YYZ,2025-02-11 16:30:00,2025-02-11 16:48:00,2025-02-11 17:33:00,2025-02-11 17:59:00,18,26,363,137,Retardé
395,AC821,2025-02-11,AC,2,LAX,YUL,2025-02-11 16:35:00,2025-02-11 17:02:00,2025-02-11 22:13:00,2025-02-11 22:29:00,27,16,3973,123,Retardé
396,PD1043,2025-02-11,PD,28,YYZ,YUL,2025-02-11 17:55:00,2025-02-11 18:13:00,2025-02-11 19:06:00,2025-02-11 19:21:00,18,15,507,102,À l'heure
397,WS1220,2025-02-11,WS,20,YUL,CUN,2025-02-11 19:35:00,2025-02-11 19:36:00,2025-02-11 23:55:00,2025-02-11 23:44:00,1,-11,2970,132,À l'heure
398,AC1065,2025-02-11,AC,3,YUL,YYZ,2025-02-11 19:45:00,2025-02-11 20:00:00,2025-02-11 20:56:00,2025-02-11 20:57:00,15,1,507,158,À l'heure
399,WS232,2025-02-12,WS,20,YYZ,YUL,2025-02-12 07:20:00,2025-02-12 07:18:00,2025-02-12 08:34:00,2025-02-12 08:19:00,-2,-15,507,131,À l'heure
400,F8837,2025-02-12,F8,42,YVR,YUL,2025-02-12 07:55:00,2025-02-12 07:54:00,2025-02-12 13:14:00,2025-02-12 13:16:00,-1,2,3682,113,À l'heure
401,AC1696,2025-02-12,AC,4,CUN,YUL,2025-02-12 07:55:00,2025-02-12 07:59:00,2025-02-12 12:14:00,2025-02-12 12:27:00,4,13,2970,125,À l'heure
402,WS1016,2025-02-12,WS,19,YEG,YVR,2025-02-12 08:35:00,2025-02-12 08:35:00,2025-02-12 10:11:00,2025-02-12 10:04:00,0,-7,809,114,À l'heure
403,AC1408,2025-02-12,AC,9,YYZ,YUL,2025-02-12 08:40:00,2025-02-12 08:38:00,2025-02-12 09:55:00,2025-02-12 09:45:00,-2,-10,507,149,À l'heure
404,WS1588,2025-02-12,WS,19,YYC,YVR,2025-02-12 09:15:00,2025-02-12 09:27:00,2025-02-12 10:40:00,2025-02-12 10:41:00,12,1,687,167,À l'heure
405,UA1910,2025-02-12,UA,49,ORD,YYZ,2025-02-12 10:35:00,2025-02-12 11:21:00,2025-02-12 12:04:00,2025-02-12 12:50:00,46,46,701,137,Retardé
406,AC593,2025-02-12,AC,9,JFK,YUL,2025-02-12 11:00:00,2025-02-12 11:01:00,2025-02-12 12:02:00,2025-02-12 11:53:00,1,-9,537,164,À l'heure
407,AC1341,2025-02-12,AC,1,YUL,LAX,2025-02-12 12:50:00,2025-02-12 13:16:00,2025-02-12 18:17:00,2025-02-12 18:48:00,26,31,3973,103,Retardé
408,WS1151,2025-02-12,WS,17,YUL,CUN,2025-02-12 13:10:00,2025-02-12 13:16:00,2025-02-12 17:26:00,2025-02-12 17:29:00,6,3,2970,146,À l'heure
409,AC537,2025-02-12,AC,14,YUL,LHR,2025-02-12 18:25:00,2025-02-12 18:41:00,2025-02-13 01:41:00,2025-02-13 02:07:00,16,26,5215,195,Retardé
410,F81606,2025-02-12,F8,40,YYZ,YVR,2025-02-12 19:40:00,2025-02-12 19:55:00,2025-02-13 00:23:00,2025-02-13 00:32:00,15,9,3346,134,À l'heure
411,WS129,2025-02-12,WS,20,YUL,YYC,2025-02-12 20:00:00,2025-02-12 19:57:00,2025-02-13 00:18:00,2025-02-13 00:22:00,-3,4,3005,145,À l'heure
412,PD1625,2025-02-12,PD,27,YYZ,YOW,2025-02-12 20:15:00,2025-02-12 21:04:00,2025-02-12 21:20:00,2025-02-12 22:08:00,49,48,363,128,Retardé
413,AC553,2025-02-12,AC,5,YUL,CUN,2025-02-12 21:30:00,2025-02-12 22:31:00,2025-02-13 01:38:00,2025-02-13 02:40:00,61,62,2970,164,Retardé
414,WS1316,2025-02-12,WS,17,YYC,YYZ,2025-02-12 21:50:00,2025-02-12 21:56:00,2025-02-13 01:41:00,2025-02-13 01:48:00,6,7,2689,160,À l'heure
415,AC1714,2025-02-13,AC,3,YVR,YYC,2025-02-13 06:40:00,2025-02-13 06:54:00,2025-02-13 08:09:00,2025-02-13 08:33:00,14,24,687,187,Retardé
416,WS913,2025-02-13,WS,18,YYZ,YYC,2025-02-13 07:25:00,2025-02-13 07:36:00,2025-02-13 11:18:00,2025-02-13 11:29:00,11,11,2689,127,À l'heure
417,AC818,2025-02-13,AC,6,YYC,YUL,2025-02-13 10:25:00,2025-02-13 11:11:00,2025-02-13 14:40:00,2025-02-13 15:18:00,46,38,3005,151,Retardé
418,AC898,2025-02-13,AC,1,YYZ,YVR,2025-02-13 15:35:00,2025-02-13 15:48:00,2025-02-13 20:13:00,2025-02-13 20:12:00,13,-1,3346,106,À l'heure
419,TS392,2025-02-13,TS,34,CUN,YUL,2025-02-13 17:10:00,2025-02-13 18:32:00,2025-02-13 21:21:00,2025-02-13 22:35:00,82,74,2970,174,Retardé
420,AC1475,2025-02-13,AC,4,LAX,YUL,2025-02-13 18:30:00,2025-02-13 18:56:00,2025-02-13 23:56:00,2025-02-14 00:19:00,26,23,3973,183,Retardé
421,AC861,2025-02-13,AC,12,LHR,YYZ,2025-02-13 19:40:00,2025-02-13 20:14:00,2025-02-14 03:21:00,2025-02-14 04:00:00,34,39,5707,234,Retardé
422,PD1079,2025-02-13,PD,26,YUL,YQB,2025-02-13 20:35:00,2025-02-13 20:34:00,2025-02-13 21:22:00,2025-02-13 21:24:00,-1,2,233,93,À l'heure
423,PD226,2025-02-14,PD,31,YOW,YUL,2025-02-14 08:50:00,2025-02-14 09:05:00,2025-02-14 09:24:00,2025-02-14 09:43:00,15,19,151,63,Retardé
424,DL1332,2025-02-14,DL,51,YVR,LAX,2025-02-14 09:50:00,2025-02-14 09:49:00,2025-02-14 12:41:00,2025-02-14 12:43:00,-1,2,1741,107,À l'heure
425,AC180,2025-02-14,AC,12,LHR,YUL,2025-02-14 11:00:00,2025-02-14 11:23:00,2025-02-14 17:59:00,2025-02-14 18:16:00,23,17,5215,276,Retardé
426,WS1678,2025-02-14,WS,20,YVR,YEG,2025-02-14 12:55:00,2025-02-14 13:36:00,2025-02-14 14:33:00,2025-02-14 15:24:00,41,51,809,122,Retardé
427,F8934,2025-02-14,F8,39,YUL,YVR,2025-02-14 13:20:00,2025-02-14 13:44:00,2025-02-14 18:33:00,2025-02-14 18:55:00,24,22,3682,168,Retardé
428,TS1165,2025-02-14,TS,37,YUL,CDG,2025-02-14 18:05:00,2025-02-14 18:07:00,2025-02-15 01:30:00,2025-02-15 01:31:00,2,1,5523,197,À l'heure
429,TS385,2025-02-14,TS,37,YUL,CDG,2025-02-14 18:35:00,2025-02-14 19:52:00,2025-02-15 02:07:00,2025-02-15 03:21:00,77,74,5523,265,Retardé
430,WS1525,2025-02-14,WS,20,YVR,YYZ,2025-02-14 20:20:00,2025-02-14 20:51:00,2025-02-15 00:57:00,2025-02-15 01:29:00,31,32,3346,145,Retardé
431,WS1170,2025-02-15,WS,18,YVR,YYZ,2025-02-15 06:10:00,2025-02-15 06:15:00,2025-02-15 10:49:00,2025-02-15 11:04:00,5,15,3346,124,À l'heure
432,WS148,2025-02-15,WS,17,YWG,YYZ,2025-02-15 07:20:00,2025-02-15 07:35:00,2025-02-15 09:53:00,2025-02-15 10:10:00,15,17,1504,121,Retardé
433,WS1203,2025-02-15,WS,17,YYC,YEG,2025-02-15 08:40:00,2025-02-15 08:45:00,2025-02-15 09:20:00,2025-02-15 09:18:00,5,-2,244,124,À l'heure
434,PD1658,2025-02-15,PD,25,YUL,YYZ,2025-02-15 14:15:00,2025-02-15 14:15:00,2025-02-15 15:19:00,2025-02-15 15:25:00,0,6,507,109,À l'heure
435,AC1689,2025-02-15,AC,4,YYZ,YUL,2025-02-15 16:20:00,2025-02-15 16:22:00,2025-02-15 17:20:00,2025-02-15 17:28:00,2,8,507,183,À l'heure
436,AC1011,2025-02-15,AC,4,YYZ,YOW,2025-02-15 16:55:00,2025-02-15 17:24:00,2025-02-15 17:45:00,2025-02-15 18:07:00,29,22,363,134,Retardé
437,WS1880,2025-02-15,WS,17,YYC,YYZ,2025-02-15 18:15:00,2025-02-15 19:00:00,2025-02-15 22:17:00,2025-02-15 23:07:00,45,50,2689,112,Retardé
438,PD1538,2025-02-15,PD,28,YOW,YYZ,2025-02-15 18:25:00,2025-02-15 18:25:00,2025-02-15 19:16:00,2025-02-15 19:17:00,0,1,363,91,À l'heure
439,TS139,2025-02-16,TS,37,CDG,YUL,2025-02-16 10:40:00,2025-02-16 10:53:00,2025-02-16 18:13:00,2025-02-16 18:31:00,13,18,5523,254,Retardé
440,AC1813,2025-02-16,AC,6,YYZ,YWG,2025-02-16 11:45:00,2025-02-16 11:49:00,2025-02-16 14:13:00,2025-02-16 14:16:00,4,3,1504,180,À l'heure
441,AC1266,2025-02-16,AC,8,YUL,YYZ,2025-02-16 16:05:00,2025-02-16 16:08:00,2025-02-16 17:10:00,2025-02-16 17:19:00,3,9,507,147,À l'heure
442,AC1794,2025-02-16,AC,8,YYZ,YYC,2025-02-16 17:20:00,2025-02-16 17:21:00,2025-02-16 21:09:00,2025-02-16 21:05:00,1,-4,2689,122,À l'heure
443,AC558,2025-02-16,AC,2,LAX,YVR,2025-02-16 20:55:00,2025-02-16 20:56:00,2025-02-16 23:37:00,2025-02-16 23:41:00,1,4,1741,129,À l'heure
444,AC809,2025-02-16,AC,3,YUL,ORD,2025-02-16 21:35:00,2025-02-16 21:47:00,2025-02-16 23:30:00,2025-02-16 23:30:00,12,0,1201,121,À l'heure
445,WS647,2025-02-17,WS,20,YUL,YYZ,2025-02-17 06:25:00,2025-02-17 06:41:00,2025-02-17 07:39:00,2025-02-17 07:41:00,16,2,507,121,À l'heure
446,WS1011,2025-02-17,WS,20,YYZ,YHZ,2025-02-17 07:10:00,2025-02-17 07:27:00,2025-02-17 09:22:00,2025-02-17 09:30:00,17,8,1288,155,À l'heure
447,WS290,2025-02-17,WS,20,YUL,YYZ,2025-02-17 09:50:00,2025-02-17 09:55:00,2025-02-17 10:51:00,2025-02-17 11:06:00,5,15,507,150,À l'heure
448,F81375,2025-02-17,F8,40,YUL,YVR,2025-02-17 12:30:00,2025-02-17 12:45:00,2025-02-17 17:42:00,2025-02-17 17:55:00,15,13,3682,130,À l'heure
449,AC1781,2025-02-17,AC,1,YQB,YUL,2025-02-17 12:30:00,2025-02-17 12:27:00,2025-02-17 13:13:00,2025-02-17 13:10:00,-3,-3,233,121,À l'heure
450,AF1739,2025-02-17,AF,56,CDG,YUL,2025-02-17 13:15:00,2025-02-17 13:19:00,2025-02-17 20:41:00,2025-02-17 20:46:00,4,5,5523,187,À l'heure
451,PD1111,2025-02-17,PD,30,YUL,YHZ,2025-02-17 18:15:00,2025-02-17 18:17:00,2025-02-17 19:46:00,2025-02-17 19:50:00,2,4,804,74,À l'heure
452,WS675,2025-02-17,WS,17,YYC,YWG,2025-02-17 18:55:00,2025-02-17 19:00:00,2025-02-17 20:55:00,2025-02-17 20:53:00,5,-2,1191,140,À l'heure
453,WS1999,2025-02-17,WS,17,YYZ,YUL,2025-02-17 19:15:00,2025-02-17 19:21:00,2025-02-17 20:17:00,2025-02-17 20:27:00,6,10,507,126,À l'heure
454,WS890,2025-02-17,WS,17,YWG,YYC,2025-02-17 19:15:00,2025-02-17 22:52:00,2025-02-17 21:10:00,2025-02-18 00:42:00,217,212,1191,155,Retardé
455,WS825,2025-02-18,WS,19,YHZ,YYZ,2025-02-18 07:20:00,2025-02-18 07:37:00,2025-02-18 09:35:00,2025-02-18 09:51:00,17,16,1288,169,Retardé
456,DL1141,2025-02-18,DL,51,YUL,JFK,2025-02-18 09:15:00,2025-02-18 09:35:00,2025-02-18 10:29:00,2025-02-18 10:52:00,20,23,537,100,Retardé
457,AC864,2025-02-18,AC,1,YHZ,YUL,2025-02-18 09:30:00,2025-02-18 09:37:00,2025-02-18 11:07:00,2025-02-18 11:02:00,7,-5,804,111,À l'heure
458,UA505,2025-02-18,UA,49,YYZ,ORD,2025-02-18 11:00:00,2025-02-18 11:01:00,2025-02-18 12:24:00,2025-02-18 12:15:00,1,-9,701,108,À l'heure
459,WS853,2025-02-18,WS,20,YEG,YYC,2025-02-18 12:20:00,2025-02-18 12:40:00,2025-02-18 13:07:00,2025-02-18 13:13:00,20,6,244,148,À l'heure
460,UA1395,2025-02-18,UA,47,ORD,YUL,2025-02-18 13:00:00,2025-02-18 13:27:00,2025-02-18 14:55:00,2025-02-18 15:17:00,27,22,1201,109,Retardé
461,AC1017,2025-02-18,AC,3,JFK,YUL,2025-02-18 14:10:00,2025-02-18 14:09:00,2025-02-18 15:25:00,2025-02-18 15:15:00,-1,-10,537,183,À l'heure
462,DL1439,2025-02-18,DL,54,YUL,JFK,2025-02-18 16:20:00,2025-02-18 17:51:00,2025-02-18 17:22:00,2025-02-18 18:48:00,91,86,537,140,Retardé
463,AC117,2025-02-18,AC,2,YYC,YVR,2025-02-18 18:00:00,2025-02-18 17:56:00,2025-02-18 19:29:00,2025-02-18 19:15:00,-4,-14,687,117,À l'heure
464,WS1488,2025-02-18,WS,20,YVR,YYC,2025-02-18 18:10:00,2025-02-18 18:47:00,2025-02-18 19:32:00,2025-02-18 20:02:00,37,30,687,158,Retardé
465,PD1768,2025-02-18,PD,25,YUL,YOW,2025-02-18 20:05:00,2025-02-18 20:11:00,2025-02-18 20:38:00,2025-02-18 20:49:00,6,11,151,122,À l'heure
466,AC546,2025-02-18,AC,12,YYZ,LHR,2025-02-18 21:25:00,2025-02-18 21:36:00,2025-02-19 05:04:00,2025-02-19 05:10:00,11,6,5707,280,À l'heure
467,AC1969,2025-02-19,AC,10,YVR,YEG,2025-02-19 07:10:00,2025-02-19 07:14:00,2025-02-19 08:34:00,2025-02-19 08:36:00,4,2,809,128,À l'heure
468,PD1080,2025-02-19,PD,28,YOW,YYZ,2025-02-19 07:25:00,2025-02-19 07:36:00,2025-02-19 08:22:00,2025-02-19 08:38:00,11,16,363,118,Retardé
469,AC1834,2025-02-19,AC,5,YWG,YYZ,2025-02-19 07:35:00,2025-02-19 07:36:00,2025-02-19 09:54:00,2025-02-19 09:57:00,1,3,1504,170,À l'heure
470,AC1242,2025-02-19,AC,6,YUL,YYC,2025-02-19 07:45:00,2025-02-19 08:07:00,2025-02-19 12:11:00,2025-02-19 12:20:00,22,9,3005,180,À l'heure
471,DL291,2025-02-19,DL,51,JFK,YUL,2025-02-19 09:05:00,2025-02-19 10:15:00,2025-02-19 10:09:00,2025-02-19 11:20:00,70,71,537,113,Retardé
472,UA423,2025-02-19,UA,43,ORD,YUL,2025-02-19 15:15:00,2025-02-19 15:20:00,2025-02-19 17:13:00,2025-02-19 17:09:00,5,-4,1201,131,À l'heure
473,TS1580,2025-02-19,TS,35,CUN,YUL,2025-02-19 17:05:00,2025-02-19 17:04:00,2025-02-19 21:15:00,2025-02-19 21:18:00,-1,3,2970,135,À l'heure
474,PD898,2025-02-19,PD,29,YOW,YYZ,2025-02-19 17:40:00,2025-02-19 17:42:00,2025-02-19 18:37:00,2025-02-19 18:36:00,2,-1,363,54,À l'heure
475,WS1801,2025-02-19,WS,18,YEG,YVR,2025-02-19 19:30:00,2025-02-19 19:45:00,2025-02-19 21:09:00,2025-02-19 21:17:00,15,8,809,152,À l'heure
476,WS303,2025-02-19,WS,17,YYC,YVR,2025-02-19 20:00:00,2025-02-19 21:13:00,2025-02-19 21:25:00,2025-02-19 22:28:00,73,63,687,108,Retardé
477,WS1147,2025-02-19,WS,17,YUL,YYZ,2025-02-19 20:05:00,2025-02-19 20:16:00,2025-02-19 21:13:00,2025-02-19 21:23:00,11,10,507,166,À l'heure
478,F8475,2025-02-20,F8,42,YYZ,YVR,2025-02-20 10:35:00,2025-02-20 10:34:00,2025-02-20 15:21:00,2025-02-20 15:19:00,-1,-2,3346,155,À l'heure
479,AC573,2025-02-20,AC,8,YYZ,YVR,2025-02-20 11:05:00,2025-02-20 11:48:00,2025-02-20 15:50:00,2025-02-20 16:43:00,43,53,3346,131,Retardé
480,DL1445,2025-02-20,DL,50,YUL,JFK,2025-02-20 12:25:00,2025-02-20 12:57:00,2025-02-20 13:39:00,2025-02-20 14:12:00,32,33,537,106,Retardé
481,AC1600,2025-02-20,AC,6,YUL,YYZ,2025-02-20 12:50:00,2025-02-20 13:15:00,2025-02-20 13:52:00,2025-02-20 14:20:00,25,28,507,166,Retardé
482,TS391,2025-02-20,TS,37,YUL,CDG,2025-02-20 18:25:00,2025-02-20 18:55:00,2025-02-21 01:58:00,2025-02-21 02:25:00,30,27,5523,196,Retardé
483,WS771,2025-02-20,WS,19,YEG,YYC,2025-02-20 18:25:00,2025-02-20 18:41:00,2025-02-20 19:20:00,2025-02-20 19:24:00,16,4,244,134,À l'heure
484,AC1839,2025-02-20,AC,4,YUL,YYZ,2025-02-20 20:10:00,2025-02-20 20:12:00,2025-02-20 21:26:00,2025-02-20 21:37:00,2,11,507,128,À l'heure
485,TS244,2025-02-20,TS,38,CDG,YUL,2025-02-20 20:45:00,2025-02-20 21:05:00,2025-02-21 04:13:00,2025-02-21 04:41:00,20,28,5523,190,Retardé
486,AC844,2025-02-21,AC,14,LHR,YUL,2025-02-21 09:05:00,2025-02-21 09:08:00,2025-02-21 16:03:00,2025-02-21 15:54:00,3,-9,5215,197,À l'heure
487,PD741,2025-02-21,PD,26,YYZ,YHZ,2025-02-21 10:05:00,2025-02-21 14:52:00,2025-02-21 12:15:00,2025-02-21 17:03:00,287,288,1288,95,Retardé
488,AC501,2025-02-21,AC,9,YVR,YYZ,2025-02-21 12:45:00,2025-02-21 12:47:00,2025-02-21 17:31:00,2025-02-21 17:23:00,2,-8,3346,109,À l'heure
489,AC1323,2025-02-21,AC,5,YUL,YHZ,2025-02-21 13:45:00,2025-02-21 14:07:00,2025-02-21 15:19:00,2025-02-21 15:49:00,22,30,804,130,Retardé
490,UA429,2025-02-21,UA,43,YYZ,ORD,2025-02-21 16:00:00,2025-02-21 15:57:00,2025-02-21 17:32:00,2025-02-21 17:35:00,-3,3,701,159,À l'heure
491,AC1813,2025-02-21,AC,4,YYZ,YUL,2025-02-21 17:15:00,2025-02-21 21:18:00,2025-02-21 18:30:00,2025-02-21 22:24:00,243,234,507,133,Retardé
492,DL1780,2025-02-21,DL,52,JFK,YUL,2025-02-21 19:40:00,2025-02-21 19:39:00,2025-02-21 20:59:00,2025-02-21 20:50:00,-1,-9,537,157,À l'heure
493,AC797,2025-02-21,AC,3,LAX,YVR,2025-02-21 19:40:00,2025-02-21 19:52:00,2025-02-21 22:19:00,2025-02-21 22:36:00,12,17,1741,144,Retardé
494,AC552,2025-02-21,AC,16,LHR,YYZ,2025-02-21 20:50:00,2025-02-21 20:50:00,2025-02-22 04:31:00,2025-02-22 04:25:00,0,-6,5707,277,À l'heure
495,AC873,2025-02-22,AC,10,YUL,YYZ,2025-02-22 06:25:00,2025-02-22 06:23:00,2025-02-22 07:35:00,2025-02-22 07:42:00,-2,7,507,134,À l'heure
496,AC1158,2025-02-22,AC,4,YVR,YUL,2025-02-22 06:30:00,2025-02-22 09:28:00,2025-02-22 11:43:00,2025-02-22 14:46:00,178,183,3682,151,Retardé
497,PD1482,2025-02-22,PD,29,YQB,YUL,2025-02-22 08:20:00,2025-02-22 08:39:00,2025-02-22 09:04:00,2025-02-22 09:12:00,19,8,233,70,À l'heure
498,AC1807,2025-02-22,AC,5,LAX,YUL,2025-02-22 09:05:00,2025-02-22 09:23:00,2025-02-22 14:31:00,2025-02-22 14:58:00,18,27,3973,136,Retardé
499,F81074,2025-02-22,F8,42,YYC,YVR,2025-02-22 10:55:00,2025-02-22 11:02:00,2025-02-22 12:11:00,2025-02-22 12:15:00,7,4,687,169,À l'heure
500,AC1931,2025-02-22,AC,10,YVR,YYZ,2025-02-22 16:15:00,2025-02-22 16:40:00,2025-02-22 20:57:00,2025-02-22 21:29:00,25,32,3346,129,Retardé
501,AC1026,2025-02-22,AC,11,YYZ,LHR,2025-02-22 18:30:00,2025-02-22 18:27:00,2025-02-23 02:09:00,2025-02-23 01:57:00,-3,-12,5707,248,À l'heure
502,AC253,2025-02-22,AC,14,YUL,LHR,2025-02-22 18:50:00,2025-02-22 18:48:00,2025-02-23 02:00:00,2025-02-23 01:44:00,-2,-16,5215,289,À l'heure
503,F8377,2025-02-22,F8,42,YYC,YWG,2025-02-22 19:20:00,2025-02-22 19:49:00,2025-02-22 21:14:00,2025-02-22 21:36:00,29,22,1191,134,Retardé
504,AC1214,2025-02-22,AC,8,YUL,JFK,2025-02-22 19:40:00,2025-02-22 19:40:00,2025-02-22 20:53:00,2025-02-22 20:40:00,0,-13,537,129,À l'heure
505,F8129,2025-02-23,F8,40,YWG,YYC,2025-02-23 06:25:00,2025-02-23 06:34:00,2025-02-23 08:32:00,2025-02-23 08:43:00,9,11,1191,137,À l'heure
506,AC455,2025-02-23,AC,3,YYZ,YUL,2025-02-23 06:30:00,2025-02-23 06:26:00,2025-02-23 07:32:00,2025-02-23 07:34:00,-4,2,507,177,À l'heure
507,WS709,2025-02-23,WS,18,YUL,YVR,2025-02-23 11:15:00,2025-02-23 11:10:00,2025-02-23 16:19:00,2025-02-23 16:09:00,-5,-10,3682,111,À l'heure
508,WS1788,2025-02-23,WS,20,YYZ,YWG,2025-02-23 11:50:00,2025-02-23 12:31:00,2025-02-23 14:06:00,2025-02-23 14:50:00,41,44,1504,109,Retardé
509,PD265,2025-02-23,PD,30,YUL,YQB,2025-02-23 12:20:00,2025-02-23 12:31:00,2025-02-23 13:03:00,2025-02-23 13:10:00,11,7,233,51,À l'heure
510,AC525,2025-02-23,AC,3,YYC,YYZ,2025-02-23 15:00:00,2025-02-23 15:02:00,2025-02-23 18:51:00,2025-02-23 18:47:00,2,-4,2689,164,À l'heure
511,AF293,2025-02-23,AF,59,CDG,YUL,2025-02-23 15:55:00,2025-02-23 16:22:00,2025-02-23 23:32:00,2025-02-23 23:53:00,27,21,5523,222,Retardé
512,PD846,2025-02-23,PD,27,YUL,YOW,2025-02-23 17:05:00,2025-02-23 17:05:00,2025-02-23 17:46:00,2025-02-23 17:49:00,0,3,151,111,À l'heure
513,WS100,2025-02-23,WS,20,YUL,CUN,2025-02-23 18:40:00,2025-02-23 18:36:00,2025-02-23 23:04:00,2025-02-23 22:59:00,-4,-5,2970,131,À l'heure
514,F81879,2025-02-23,F8,42,YUL,YVR,2025-02-23 20:10:00,2025-02-23 21:04:00,2025-02-24 01:15:00,2025-02-24 02:02:00,54,47,3682,117,Retardé
515,UA1824,2025-02-23,UA,49,ORD,YYZ,2025-02-23 20:10:00,2025-02-23 20:39:00,2025-02-23 21:27:00,2025-02-23 21:49:00,29,22,701,143,Retardé
516,WS1891,2025-02-24,WS,18,YVR,YUL,2025-02-24 06:30:00,2025-02-24 06:24:00,2025-02-24 11:35:00,2025-02-24 11:34:00,-6,-1,3682,112,À l'heure
517,WS1022,2025-02-24,WS,20,YYC,YYZ,2025-02-24 13:30:00,2025-02-24 13:56:00,2025-02-24 17:31:00,2025-02-24 17:45:00,26,14,2689,170,À l'heure
518,AC920,2025-02-24,AC,8,YYC,YUL,2025-02-24 13:35:00,2025-02-24 13:52:00,2025-02-24 17:49:00,2025-02-24 18:13:00,17,24,3005,163,Retardé
519,AC1306,2025-02-24,AC,2,YYZ,YUL,2025-02-24 13:55:00,2025-02-24 14:20:00,2025-02-24 15:13:00,2025-02-24 15:45:00,25,32,507,93,Retardé
520,WS1899,2025-02-24,WS,18,YYC,YEG,2025-02-24 18:05:00,2025-02-24 18:23:00,2025-02-24 18:54:00,2025-02-24 19:09:00,18,15,244,164,À l'heure
521,WS1378,2025-02-24,WS,18,YVR,YYC,2025-02-24 20:15:00,2025-02-24 20:36:00,2025-02-24 21:40:00,2025-02-24 21:52:00,21,12,687,164,À l'heure
522,AC697,2025-02-24,AC,12,YUL,CDG,2025-02-24 21:40:00,2025-02-24 21:46:00,2025-02-25 05:16:00,2025-02-25 05:11:00,6,-5,5523,196,À l'heure
523,F8693,2025-02-25,F8,42,YYZ,YYC,2025-02-25 08:25:00,2025-02-25 11:53:00,2025-02-25 12:12:00,2025-02-25 15:37:00,208,205,2689,115,Retardé
524,AC1304,2025-02-25,AC,4,YVR,LAX,2025-02-25 10:55:00,2025-02-25 11:02:00,2025-02-25 13:47:00,2025-02-25 13:51:00,7,4,1741,148,À l'heure
525,WS1482,2025-02-25,WS,20,YHZ,YYZ,2025-02-25 11:30:00,2025-02-25 15:28:00,2025-02-25 13:39:00,2025-02-25 17:25:00,238,226,1288,159,Retardé
526,AC1528,2025-02-25,AC,9,YUL,ORD,2025-02-25 11:45:00,2025-02-25 11:52:00,2025-02-25 13:40:00,2025-02-25 13:36:00,7,-4,1201,125,À l'heure
527,AC1231,2025-02-25,AC,4,YYZ,YOW,2025-02-25 11:50:00,2025-02-25 11:47:00,2025-02-25 12:51:00,2025-02-25 12:54:00,-3,3,363,146,À l'heure
528,PD1635,2025-02-25,PD,27,YOW,YUL,2025-02-25 15:25:00,2025-02-25 15:45:00,2025-02-25 16:13:00,2025-02-25 16:43:00,20,30,151,118,Retardé
529,WS1537,2025-02-25,WS,20,CUN,YUL,2025-02-25 15:25:00,2025-02-25 15:21:00,2025-02-25 19:47:00,2025-02-25 19:39:00,-4,-8,2970,138,À l'heure
530,AC797,2025-02-25,AC,7,YHZ,YUL,2025-02-25 17:55:00,2025-02-25 18:55:00,2025-02-25 19:19:00,2025-02-25 20:15:00,60,56,804,117,Retardé
531,TS1133,2025-02-25,TS,32,YUL,CUN,2025-02-25 18:50:00,2025-02-25 19:37:00,2025-02-25 22:59:00,2025-02-25 23:44:00,47,45,2970,184,Retardé
532,AC1703,2025-02-25,AC,7,YUL,LAX,2025-02-25 20:05:00,2025-02-25 20:49:00,2025-02-26 01:42:00,2025-02-26 02:18:00,44,36,3973,128,Retardé
533,AC632,2025-02-26,AC,5,YUL,YHZ,2025-02-26 07:15:00,2025-02-26 07:29:00,2025-02-26 08:45:00,2025-02-26 08:50:00,14,5,804,126,À l'heure
534,AC577,2025-02-26,AC,7,YWG,YYZ,2025-02-26 07:20:00,2025-02-26 07:18:00,2025-02-26 09:47:00,2025-02-26 09:53:00,-2,6,1504,157,À l'heure
535,F8191,2025-02-26,F8,41,YYC,YWG,2025-02-26 11:55:00,2025-02-26 11:53:00,2025-02-26 13:53:00,2025-02-26 13:49:00,-2,-4,1191,111,À l'heure
536,AC731,2025-02-26,AC,2,YVR,YYC,2025-02-26 16:10:00,2025-02-26 18:36:00,2025-02-26 17:26:00,2025-02-26 19:54:00,146,148,687,132,Retardé
537,AC1388,2025-02-26,AC,3,CUN,YUL,2025-02-26 17:30:00,2025-02-26 17:29:00,2025-02-26 21:52:00,2025-02-26 21:37:00,-1,-15,2970,146,À l'heure
538,AC756,2025-02-26,AC,6,YVR,LAX,2025-02-26 18:00:00,,2025-02-26 20:44:00,,,,1741,,Annulé
539,DL1576,2025-02-26,DL,52,YUL,JFK,2025-02-26 18:30:00,2025-02-26 18:40:00,2025-02-26 19:32:00,2025-02-26 19:50:00,10,18,537,132,Retardé
540,WS1623,2025-02-26,WS,17,YUL,CUN,2025-02-26 21:20:00,2025-02-26 21:27:00,2025-02-27 01:27:00,2025-02-27 01:20:00,7,-7,2970,156,À l'heure
541,AC1363,2025-02-27,AC,5,LAX,YVR,2025-02-27 07:10:00,2025-02-27 07:10:00,2025-02-27 10:01:00,2025-02-27 10:07:00,0,6,1741,149,À l'heure
542,F8129,2025-02-27,F8,41,YUL,YVR,2025-02-27 07:15:00,2025-02-27 07:16:00,2025-02-27 12:21:00,2025-02-27 12:31:00,1,10,3682,121,À l'heure
543,DL1163,2025-02-27,DL,53,JFK,YUL,2025-02-27 11:25:00,2025-02-27 11:24:00,2025-02-27 12:36:00,2025-02-27 12:41:00,-1,5,537,154,À l'heure
544,PD1849,2025-02-27,PD,28,YUL,YYZ,2025-02-27 12:10:00,2025-02-27 12:10:00,2025-02-27 13:22:00,2025-02-27 13:16:00,0,-6,507,111,À l'heure
545,F8730,2025-02-27,F8,41,YWG,YYC,2025-02-27 12:35:00,2025-02-27 14:20:00,2025-02-27 14:31:00,2025-02-27 16:26:00,105,115,1191,130,Retardé
546,WS117,2025-02-27,WS,19,YVR,YEG,2025-02-27 14:10:00,2025-02-27 14:30:00,2025-02-27 15:46:00,2025-02-27 16:10:00,20,24,809,120,Retardé
547,AC560,2025-02-27,AC,3,YYZ,YUL,2025-02-27 18:30:00,2025-02-27 19:46:00,2025-02-27 19:43:00,2025-02-27 20:59:00,76,76,507,127,Retardé
548,PD576,2025-02-27,PD,30,YYZ,YOW,2025-02-27 18:45:00,2025-02-27 18:50:00,2025-02-27 19:34:00,2025-02-27 19:40:00,5,6,363,50,À l'heure
549,WS1651,2025-02-27,WS,19,YYZ,YVR,2025-02-27 20:35:00,2025-02-27 20:42:00,2025-02-28 01:24:00,2025-02-28 01:35:00,7,11,3346,162,À l'heure
550,PD107,2025-02-28,PD,28,YYZ,YUL,2025-02-28 08:45:00,2025-02-28 08:52:00,2025-02-28 09:54:00,2025-02-28 09:52:00,7,-2,507,95,À l'heure
551,WS1541,2025-02-28,WS,19,YYZ,YYC,2025-02-28 12:05:00,2025-02-28 12:20:00,2025-02-28 16:08:00,2025-02-28 16:20:00,15,12,2689,147,À l'heure
552,WS1850,2025-02-28,WS,20,YYZ,YVR,2025-02-28 13:15:00,2025-02-28 13:40:00,2025-02-28 17:54:00,2025-02-28 18:15:00,25,21,3346,162,Retardé
553,AC1331,2025-02-28,AC,1,YUL,CUN,2025-02-28 15:40:00,2025-02-28 15:54:00,2025-02-28 19:51:00,2025-02-28 19:55:00,14,4,2970,86,À l'heure
554,AC934,2025-02-28,AC,5,YQB,YUL,2025-02-28 17:35:00,2025-02-28 17:52:00,2025-02-28 18:19:00,2025-02-28 18:34:00,17,15,233,140,À l'heure
555,TS588,2025-02-28,TS,38,YUL,CDG,2025-02-28 19:25:00,2025-02-28 20:04:00,2025-03-01 03:03:00,2025-03-01 03:32:00,39,29,5523,244,Retardé
556,PD764,2025-02-28,PD,27,YYZ,YUL,2025-02-28 20:35:00,2025-02-28 20:37:00,2025-02-28 21:40:00,2025-02-28 21:43:00,2,3,507,89,À l'heure
557,AC1395,2025-02-28,AC,7,YUL,LAX,2025-02-28 21:10:00,2025-02-28 21:21:00,2025-03-01 02:40:00,2025-03-01 02:39:00,11,-1,3973,147,À l'heure
558,F81622,2025-03-01,F8,42,YVR,YYZ,2025-03-01 07:10:00,2025-03-01 07:08:00,2025-03-01 12:03:00,2025-03-01 12:06:00,-2,3,3346,131,À l'heure
559,UA1665,2025-03-01,UA,49,ORD,YYZ,2025-03-01 07:25:00,2025-03-01 07:50:00,2025-03-01 08:58:00,2025-03-01 09:16:00,25,18,701,118,Retardé
560,AC446,2025-03-01,AC,5,LAX,YUL,2025-03-01 09:05:00,2025-03-01 09:05:00,2025-03-01 14:46:00,2025-03-01 14:45:00,0,-1,3973,173,À l'heure
561,AC1443,2025-03-01,AC,5,JFK,YUL,2025-03-01 11:50:00,2025-03-01 12:15:00,2025-03-01 12:57:00,2025-03-01 13:27:00,25,30,537,160,Retardé
562,F81503,2025-03-01,F8,40,YYC,YVR,2025-03-01 14:25:00,2025-03-01 14:42:00,2025-03-01 15:51:00,2025-03-01 15:55:00,17,4,687,161,À l'heure
563,AC368,2025-03-01,AC,1,YVR,YYC,2025-03-01 15:50:00,2025-03-01 15:52:00,2025-03-01 17:16:00,2025-03-01 17:13:00,2,-3,687,121,À l'heure
564,AF1559,2025-03-01,AF,58,CDG,YUL,2025-03-01 16:50:00,2025-03-01 17:10:00,2025-03-02 00:17:00,2025-03-02 00:30:00,20,13,5523,213,À l'heure
565,PD584,2025-03-01,PD,29,YUL,YYZ,2025-03-01 17:05:00,2025-03-01 22:28:00,2025-03-01 18:20:00,2025-03-01 23:42:00,323,322,507,73,Retardé
566,TS1895,2025-03-01,TS,38,YUL,CDG,2025-03-01 18:15:00,2025-03-01 18:17:00,2025-03-02 01:50:00,2025-03-02 01:40:00,2,-10,5523,186,À l'heure
567,AC664,2025-03-01,AC,7,YHZ,YYZ,2025-03-01 18:40:00,2025-03-01 18:41:00,2025-03-01 20:39:00,2025-03-01 20:46:00,1,7,1288,143,À l'heure
568,AC1374,2025-03-02,AC,1,YYC,YUL,2025-03-02 07:00:00,2025-03-02 06:57:00,2025-03-02 11:13:00,2025-03-02 11:07:00,-3,-6,3005,118,À l'heure
569,WS1205,2025-03-02,WS,17,YYC,YEG,2025-03-02 09:20:00,2025-03-02 09:17:00,2025-03-02 10:01:00,2025-03-02 09:47:00,-3,-14,244,157,À l'heure
570,PD491,2025-03-02,PD,27,YUL,YQB,2025-03-02 12:05:00,2025-03-02 12:01:00,2025-03-02 12:44:00,2025-03-02 12:35:00,-4,-9,233,114,À l'heure
571,PD1310,2025-03-02,PD,30,YUL,YOW,2025-03-02 12:45:00,2025-03-02 12:43:00,2025-03-02 13:18:00,2025-03-02 13:12:00,-2,-6,151,72,À l'heure
572,AC863,2025-03-02,AC,2,YYZ,YUL,2025-03-02 12:55:00,2025-03-02 12:58:00,2025-03-02 14:07:00,2025-03-02 13:57:00,3,-10,507,96,À l'heure
573,AC1822,2025-03-02,AC,4,YYZ,YHZ,2025-03-02 14:20:00,2025-03-02 14:22:00,2025-03-02 16:21:00,2025-03-02 16:19:00,2,-2,1288,165,À l'heure
574,F81884,2025-03-02,F8,40,YYC,YVR,2025-03-02 17:45:00,2025-03-02 17:48:00,2025-03-02 19:03:00,2025-03-02 19:04:00,3,1,687,166,À l'heure
575,AC1565,2025-03-02,AC,12,CDG,YUL,2025-03-02 19:50:00,2025-03-02 19:50:00,2025-03-03 03:26:00,2025-03-03 03:31:00,0,5,5523,249,À l'heure
576,AC1203,2025-03-02,AC,13,YUL,LHR,2025-03-02 20:25:00,2025-03-02 20:33:00,2025-03-03 03:40:00,2025-03-03 03:36:00,8,-4,5215,259,À l'heure
577,AC1314,2025-03-02,AC,4,YVR,YYZ,2025-03-02 21:10:00,2025-03-02 21:11:00,2025-03-03 01:46:00,2025-03-03 01:57:00,1,11,3346,129,À l'heure
578,PD542,2025-03-03,PD,27,YOW,YUL,2025-03-03 08:05:00,2025-03-03 08:03:00,2025-03-03 08:41:00,2025-03-03 08:48:00,-2,7,151,115,À l'heure
579,PD533,2025-03-03,PD,28,YOW,YYZ,2025-03-03 12:05:00,2025-03-03 12:16:00,2025-03-03 13:06:00,2025-03-03 13:19:00,11,13,363,102,À l'heure
580,UA842,2025-03-03,UA,46,YYZ,ORD,2025-03-03 14:50:00,2025-03-03 14:47:00,2025-03-03 16:14:00,2025-03-03 16:01:00,-3,-13,701,155,À l'heure
581,WS1800,2025-03-03,WS,20,YVR,YUL,2025-03-03 16:00:00,2025-03-03 16:05:00,2025-03-03 21:11:00,2025-03-03 21:22:00,5,11,3682,126,À l'heure
582,AC1457,2025-03-03,AC,12,LHR,YYZ,2025-03-03 18:05:00,2025-03-03 18:57:00,2025-03-04 01:52:00,2025-03-04 02:45:00,52,53,5707,218,Retardé
583,AC1280,2025-03-03,AC,7,YUL,YYC,2025-03-03 19:10:00,2025-03-03 19:18:00,2025-03-03 23:30:00,2025-03-03 23:44:00,8,14,3005,162,À l'heure
584,PD235,2025-03-04,PD,28,YOW,YYZ,2025-03-04 06:45:00,2025-03-04 06:54:00,2025-03-04 07:50:00,2025-03-04 08:06:00,9,16,363,107,Retardé
585,PD1092,2025-03-04,PD,29,YYZ,YOW,2025-03-04 07:00:00,2025-03-04 06:59:00,2025-03-04 07:49:00,2025-03-04 07:34:00,-1,-15,363,53,À l'heure
586,AC1892,2025-03-04,AC,2,YYC,YYZ,2025-03-04 08:25:00,2025-03-04 08:26:00,2025-03-04 12:13:00,2025-03-04 12:21:00,1,8,2689,99,À l'heure
587,AC1925,2025-03-04,AC,3,YHZ,YUL,2025-03-04 08:35:00,2025-03-04 09:42:00,2025-03-04 10:12:00,2025-03-04 11:10:00,67,58,804,173,Retardé
588,AC430,2025-03-04,AC,8,ORD,YUL,2025-03-04 08:40:00,2025-03-04 08:43:00,2025-03-04 10:34:00,2025-03-04 10:35:00,3,1,1201,156,À l'heure
589,AC334,2025-03-04,AC,7,YYC,YYZ,2025-03-04 10:00:00,2025-03-04 10:02:00,2025-03-04 13:57:00,2025-03-04 13:56:00,2,-1,2689,144,À l'heure
590,WS976,2025-03-04,WS,20,YYZ,YWG,2025-03-04 12:25:00,2025-03-04 12:19:00,2025-03-04 14:51:00,2025-03-04 14:35:00,-6,-16,1504,126,À l'heure
591,AC1336,2025-03-04,AC,7,YUL,YYZ,2025-03-04 14:50:00,2025-03-04 14:46:00,2025-03-04 15:59:00,2025-03-04 15:58:00,-4,-1,507,129,À l'heure
592,WS1824,2025-03-04,WS,19,YEG,YVR,2025-03-04 14:55:00,2025-03-04 15:05:00,2025-03-04 16:18:00,2025-03-04 16:33:00,10,15,809,139,À l'heure
593,AC1279,2025-03-04,AC,6,YUL,ORD,2025-03-04 17:55:00,2025-03-04 17:57:00,2025-03-04 20:02:00,2025-03-04 20:01:00,2,-1,1201,164,À l'heure
594,AC1839,2025-03-04,AC,12,LHR,YUL,2025-03-04 18:40:00,2025-03-04 18:39:00,2025-03-05 01:54:00,2025-03-05 01:57:00,-1,3,5215,238,À l'heure
595,AC1782,2025-03-04,AC,1,YUL,JFK,2025-03-04 19:20:00,2025-03-04 19:20:00,2025-03-04 20:28:00,2025-03-04 20:31:00,0,3,537,120,À l'heure
596,WS1617,2025-03-04,WS,20,YUL,YVR,2025-03-04 20:05:00,2025-03-04 20:07:00,2025-03-05 01:12:00,2025-03-05 01:05:00,2,-7,3682,143,À l'heure
597,WS385,2025-03-04,WS,20,YEG,YYC,2025-03-04 20:40:00,2025-03-04 20:37:00,2025-03-04 21:33:00,2025-03-04 21:38:00,-3,5,244,133,À l'heure
598,AC1861,2025-03-04,AC,13,YYZ,LHR,2025-03-04 21:15:00,2025-03-04 21:41:00,2025-03-05 05:02:00,2025-03-05 05:38:00,26,36,5707,265,Retardé
599,AC1433,2025-03-05,AC,14,LHR,YUL,2025-03-05 06:30:00,2025-03-05 06:44:00,2025-03-05 13:42:00,2025-03-05 14:01:00,14,19,5215,205,Retardé
600,AC1421,2025-03-05,AC,15,LHR,YYZ,2025-03-05 08:00:00,2025-03-05 08:06:00,2025-03-05 15:52:00,2025-03-05 16:03:00,6,11,5707,287,À l'heure
601,UA237,2025-03-05,UA,43,YYZ,ORD,2025-03-05 12:35:00,2025-03-05 12:32:00,2025-03-05 14:04:00,2025-03-05 14:09:00,-3,5,701,130,À l'heure
602,AC550,2025-03-05,AC,2,YUL,YYC,2025-03-05 13:55:00,2025-03-05 13:54:00,2025-03-05 18:07:00,2025-03-05 18:14:00,-1,7,3005,132,À l'heure
603,PD859,2025-03-05,PD,26,YYZ,YUL,2025-03-05 14:50:00,2025-03-05 14:56:00,2025-03-05 16:08:00,2025-03-05 16:12:00,6,4,507,82,À l'heure
604,WS394,2025-03-05,WS,18,YYZ,YUL,2025-03-05 16:00:00,2025-03-05 16:03:00,2025-03-05 17:15:00,2025-03-05 17:18:00,3,3,507,161,À l'heure
605,F8571,2025-03-05,F8,42,YYC,YYZ,2025-03-05 16:15:00,2025-03-05 16:24:00,2025-03-05 20:11:00,2025-03-05 20:11:00,9,0,2689,117,À l'heure
606,DL211,2025-03-05,DL,54,JFK,YUL,2025-03-05 20:30:00,2025-03-05 20:59:00,2025-03-05 21:41:00,2025-03-05 22:02:00,29,21,537,187,Retardé
607,WS646,2025-03-05,WS,19,YYC,YYZ,2025-03-05 20:45:00,2025-03-05 20:59:00,2025-03-06 00:43:00,2025-03-06 00:46:00,14,3,2689,149,À l'heure
608,WS1374,2025-03-06,WS,19,YVR,YEG,2025-03-06 07:05:00,2025-03-06 07:07:00,2025-03-06 08:34:00,2025-03-06 08:23:00,2,-11,809,151,À l'heure
609,AC971,2025-03-06,AC,8,YWG,YYZ,2025-03-06 07:20:00,2025-03-06 07:20:00,2025-03-06 09:48:00,2025-03-06 09:57:00,0,9,1504,163,À l'heure
610,WS549,2025-03-06,WS,18,YVR,YUL,2025-03-06 14:45:00,2025-03-06 14:47:00,2025-03-06 19:57:00,2025-03-06 19:52:00,2,-5,3682,156,À l'heure
611,DL1732,2025-03-06,DL,54,YVR,LAX,2025-03-06 16:20:00,2025-03-06 16:25:00,2025-03-06 18:55:00,2025-03-06 19:04:00,5,9,1741,127,À l'heure
612,WS141,2025-03-06,WS,19,YYC,YEG,2025-03-06 16:45:00,2025-03-06 17:07:00,2025-03-06 17:33:00,2025-03-06 17:55:00,22,22,244,145,Retardé
613,AC343,2025-03-06,AC,7,YUL,JFK,2025-03-06 17:20:00,2025-03-06 17:20:00,2025-03-06 18:28:00,2025-03-06 18:22:00,0,-6,537,146,À l'heure
614,PD502,2025-03-06,PD,25,YUL,YHZ,2025-03-06 18:20:00,2025-03-06 18:18:00,2025-03-06 19:53:00,2025-03-06 19:50:00,-2,-3,804,93,À l'heure
615,AC808,2025-03-06,AC,13,YYZ,LHR,2025-03-06 18:40:00,2025-03-06 18:49:00,2025-03-07 02:27:00,2025-03-07 02:38:00,9,11,5707,242,À l'heure
616,UA1502,2025-03-06,UA,44,ORD,YYZ,2025-03-06 20:15:00,,2025-03-06 21:34:00,,,,701,,Annulé
617,AC1384,2025-03-06,AC,3,YYZ,YVR,2025-03-06 21:00:00,2025-03-06 21:06:00,2025-03-07 01:51:00,2025-03-07 02:07:00,6,16,3346,169,Retardé
618,AC1392,2025-03-06,AC,4,YUL,YVR,2025-03-06 21:30:00,2025-03-06 21:29:00,2025-03-07 02:45:00,2025-03-07 02:46:00,-1,1,3682,161,À l'heure
619,WS1849,2025-03-07,WS,19,YVR,YYC,2025-03-07 07:50:00,2025-03-07 07:47:00,2025-03-07 09:11:00,2025-03-07 09:11:00,-3,0,687,156,À l'heure
620,AC679,2025-03-07,AC,9,YVR,YYZ,2025-03-07 11:25:00,2025-03-07 11:29:00,2025-03-07 16:15:00,2025-03-07 16:08:00,4,-7,3346,114,À l'heure
621,AC1006,2025-03-07,AC,9,LAX,YUL,2025-03-07 12:45:00,2025-03-07 12:54:00,2025-03-07 18:25:00,2025-03-07 18:31:00,9,6,3973,121,À l'heure
622,AC387,2025-03-07,AC,9,YYZ,YWG,2025-03-07 16:20:00,2025-03-07 16:16:00,2025-03-07 18:54:00,2025-03-07 18:39:00,-4,-15,1504,167,À l'heure
623,F8648,2025-03-07,F8,39,YYC,YWG,2025-03-07 17:05:00,2025-03-07 17:39:00,2025-03-07 19:02:00,2025-03-07 19:46:00,34,44,1191,161,Retardé
624,AF1050,2025-03-07,AF,59,YUL,CDG,2025-03-07 17:45:00,2025-03-07 17:50:00,2025-03-08 01:19:00,2025-03-08 01:15:00,5,-4,5523,197,À l'heure
625,WS710,2025-03-07,WS,20,YUL,YVR,2025-03-07 20:35:00,2025-03-07 20:38:00,2025-03-08 01:37:00,2025-03-08 01:45:00,3,8,3682,160,À l'heure
626,F8163,2025-03-08,F8,40,YYZ,YYC,2025-03-08 08:00:00,2025-03-08 08:16:00,2025-03-08 12:04:00,2025-03-08 12:28:00,16,24,2689,141,Retardé
627,PD1059,2025-03-08,PD,27,YYZ,YUL,2025-03-08 08:10:00,2025-03-08 08:13:00,2025-03-08 09:25:00,2025-03-08 09:31:00,3,6,507,90,À l'heure
628,PD1833,2025-03-08,PD,31,YYZ,YOW,2025-03-08 12:05:00,2025-03-08 12:18:00,2025-03-08 12:54:00,2025-03-08 13:13:00,13,19,363,63,Retardé
629,AC1066,2025-03-08,AC,5,YYZ,YUL,2025-03-08 13:55:00,2025-03-08 14:16:00,2025-03-08 14:57:00,2025-03-08 15:16:00,21,19,507,146,Retardé
630,F81074,2025-03-08,F8,42,YYZ,YVR,2025-03-08 14:15:00,2025-03-08 14:10:00,2025-03-08 19:05:00,2025-03-08 18:55:00,-5,-10,3346,168,À l'heure
631,DL843,2025-03-08,DL,50,JFK,YUL,2025-03-08 14:30:00,2025-03-08 14:28:00,2025-03-08 15:44:00,2025-03-08 15:45:00,-2,1,537,128,À l'heure
632,PD1837,2025-03-08,PD,25,YOW,YUL,2025-03-08 15:35:00,2025-03-08 15:31:00,2025-03-08 16:20:00,2025-03-08 16:26:00,-4,6,151,112,À l'heure
633,WS366,2025-03-08,WS,17,YUL,YYZ,2025-03-08 17:50:00,2025-03-08 17:52:00,2025-03-08 19:08:00,2025-03-08 19:05:00,2,-3,507,155,À l'heure
634,WS205,2025-03-08,WS,18,YYC,YUL,2025-03-08 18:10:00,2025-03-08 18:37:00,2025-03-08 22:27:00,2025-03-08 22:48:00,27,21,3005,110,Retardé
635,WS262,2025-03-08,WS,19,YUL,CUN,2025-03-08 20:00:00,2025-03-08 20:08:00,2025-03-09 00:24:00,2025-03-09 00:31:00,8,7,2970,150,À l'heure
636,F81188,2025-03-08,F8,41,YYC,YVR,2025-03-08 20:20:00,2025-03-08 21:56:00,2025-03-08 21:41:00,2025-03-08 23:11:00,96,90,687,154,Retardé
637,AC954,2025-03-08,AC,16,YUL,LHR,2025-03-08 21:25:00,2025-03-08 21:38:00,2025-03-09 04:30:00,2025-03-09 04:46:00,13,16,5215,281,Retardé
638,AF1265,2025-03-08,AF,55,CDG,YUL,2025-03-08 21:40:00,2025-03-08 21:58:00,2025-03-09 05:17:00,2025-03-09 05:35:00,18,18,5523,214,Retardé
639,PD689,2025-03-09,PD,29,YYZ,YHZ,2025-03-09 07:10:00,2025-03-09 07:31:00,2025-03-09 09:18:00,2025-03-09 09:46:00,21,28,1288,71,Retardé
640,F81634,2025-03-09,F8,42,YWG,YYC,2025-03-09 09:25:00,2025-03-09 09:29:00,2025-03-09 11:34:00,2025-03-09 11:24:00,4,-10,1191,126,À l'heure
641,WS560,2025-03-09,WS,17,YEG,YYC,2025-03-09 12:45:00,2025-03-09 12:42:00,2025-03-09 13:31:00,2025-03-09 13:38:00,-3,7,244,137,À l'heure
642,WS1476,2025-03-09,WS,17,CUN,YUL,2025-03-09 14:05:00,2025-03-09 14:05:00,2025-03-09 18:30:00,2025-03-09 18:17:00,0,-13,2970,110,À l'heure
643,WS682,2025-03-10,WS,19,YHZ,YYZ,2025-03-10 06:55:00,2025-03-10 06:55:00,2025-03-10 09:03:00,2025-03-10 08:53:00,0,-10,1288,136,À l'heure
644,AF1614,2025-03-10,AF,56,CDG,YUL,2025-03-10 08:20:00,2025-03-10 08:19:00,2025-03-10 15:49:00,2025-03-10 15:54:00,-1,5,5523,252,À l'heure
645,AC569,2025-03-10,AC,4,YUL,LAX,2025-03-10 09:35:00,2025-03-10 09:51:00,2025-03-10 15:01:00,2025-03-10 15:25:00,16,24,3973,156,Retardé
646,PD235,2025-03-10,PD,28,YOW,YYZ,2025-03-10 14:20:00,2025-03-10 14:23:00,2025-03-10 15:24:00,2025-03-10 15:34:00,3,10,363,95,À l'heure
647,DL556,2025-03-10,DL,54,YUL,JFK,2025-03-10 17:25:00,2025-03-10 20:27:00,2025-03-10 18:39:00,2025-03-10 21:46:00,182,187,537,177,Retardé
648,F81080,2025-03-10,F8,39,YVR,YYC,2025-03-10 17:50:00,2025-03-10 17:51:00,2025-03-10 19:18:00,2025-03-10 19:10:00,1,-8,687,111,À l'heure
649,AC840,2025-03-10,AC,2,YUL,YQB,2025-03-10 20:55:00,2025-03-10 21:18:00,2025-03-10 21:40:00,2025-03-10 22:10:00,23,30,233,94,Retardé
650,AC547,2025-03-11,AC,8,YVR,YYZ,2025-03-11 07:30:00,2025-03-11 07:27:00,2025-03-11 12:08:00,2025-03-11 12:02:00,-3,-6,3346,150,À l'heure
651,AC539,2025-03-11,AC,6,YEG,YVR,2025-03-11 07:55:00,2025-03-11 07:52:00,2025-03-11 09:32:00,2025-03-11 09:17:00,-3,-15,809,162,À l'heure
652,WS1206,2025-03-11,WS,18,YYC,YVR,2025-03-11 11:15:00,2025-03-11 11:33:00,2025-03-11 12:33:00,2025-03-11 12:52:00,18,19,687,164,Retardé
653,PD643,2025-03-11,PD,26,YUL,YOW,2025-03-11 12:10:00,2025-03-11 12:14:00,2025-03-11 13:00:00,2025-03-11 13:02:00,4,2,151,127,À l'heure
654,PD1527,2025-03-11,PD,31,YUL,YYZ,2025-03-11 12:20:00,2025-03-11 12:21:00,2025-03-11 13:38:00,2025-03-11 13:39:00,1,1,507,55,À l'heure
655,AC1958,2025-03-11,AC,2,YVR,YUL,2025-03-11 13:05:00,2025-03-11 13:00:00,2025-03-11 18:15:00,2025-03-11 17:56:00,-5,-19,3682,97,À l'heure
656,DL1552,2025-03-11,DL,51,LAX,YVR,2025-03-11 13:25:00,2025-03-11 13:42:00,2025-03-11 16:08:00,2025-03-11 16:33:00,17,25,1741,121,Retardé
657,AC944,2025-03-11,AC,7,YHZ,YUL,2025-03-11 16:30:00,2025-03-11 16:27:00,2025-03-11 17:55:00,2025-03-11 17:43:00,-3,-12,804,168,À l'heure
658,PD1934,2025-03-11,PD,30,YQB,YUL,2025-03-11 17:15:00,2025-03-11 17:24:00,2025-03-11 18:00:00,2025-03-11 18:04:00,9,4,233,53,À l'heure
659,AC912,2025-03-11,AC,16,YUL,CDG,2025-03-11 17:25:00,2025-03-11 17:20:00,2025-03-12 00:56:00,2025-03-12 00:57:00,-5,1,5523,256,À l'heure
660,AC768,2025-03-11,AC,4,ORD,YUL,2025-03-11 18:00:00,2025-03-11 18:03:00,2025-03-11 20:02:00,2025-03-11 20:06:00,3,4,1201,176,À l'heure
661,AC330,2025-03-11,AC,4,CUN,YUL,2025-03-11 20:25:00,2025-03-11 21:06:00,2025-03-12 00:35:00,2025-03-12 01:03:00,41,28,2970,178,Retardé
662,PD929,2025-03-11,PD,30,YUL,YYZ,2025-03-11 20:40:00,2025-03-11 21:17:00,2025-03-11 21:52:00,2025-03-11 22:29:00,37,37,507,60,Retardé
663,UA1671,2025-03-11,UA,47,YUL,ORD,2025-03-11 21:35:00,2025-03-11 21:47:00,2025-03-11 23:34:00,2025-03-11 23:42:00,12,8,1201,167,À l'heure
664,AC196,2025-03-12,AC,5,CUN,YUL,2025-03-12 11:50:00,2025-03-12 11:59:00,2025-03-12 16:04:00,2025-03-12 16:13:00,9,9,2970,181,À l'heure
665,WS1210,2025-03-12,WS,19,YYC,YEG,2025-03-12 16:20:00,2025-03-12 16:17:00,2025-03-12 17:00:00,2025-03-12 16:54:00,-3,-6,244,135,À l'heure
666,WS612,2025-03-12,WS,17,YYZ,YUL,2025-03-12 18:20:00,2025-03-12 18:41:00,2025-03-12 19:27:00,2025-03-12 19:58:00,21,31,507,138,Retardé
667,AC294,2025-03-13,AC,9,YVR,YUL,2025-03-13 08:40:00,2025-03-13 08:45:00,2025-03-13 13:48:00,2025-03-13 13:46:00,5,-2,3682,125,À l'heure
668,AC1402,2025-03-13,AC,3,YUL,CUN,2025-03-13 08:40:00,2025-03-13 08:54:00,2025-03-13 13:01:00,2025-03-13 13:05:00,14,4,2970,135,À l'heure
669,PD1207,2025-03-13,PD,29,YYZ,YUL,2025-03-13 08:45:00,2025-03-13 09:01:00,2025-03-13 09:52:00,2025-03-13 10:16:00,16,24,507,59,Retardé
670,DL1431,2025-03-13,DL,51,YVR,LAX,2025-03-13 09:05:00,2025-03-13 09:02:00,2025-03-13 11:49:00,2025-03-13 11:33:00,-3,-16,1741,97,À l'heure
671,AC1235,2025-03-13,AC,9,YUL,YQB,2025-03-13 09:30:00,2025-03-13 09:32:00,2025-03-13 10:18:00,2025-03-13 10:20:00,2,2,233,160,À l'heure
672,AC703,2025-03-13,AC,3,JFK,YUL,2025-03-13 10:20:00,2025-03-13 10:22:00,2025-03-13 11:23:00,2025-03-13 11:30:00,2,7,537,188,À l'heure
673,F8231,2025-03-13,F8,40,YUL,YVR,2025-03-13 12:05:00,2025-03-13 12:04:00,2025-03-13 17:16:00,2025-03-13 17:12:00,-1,-4,3682,108,À l'heure
674,AC1893,2025-03-13,AC,7,YUL,LAX,2025-03-13 12:35:00,2025-03-13 12:31:00,2025-03-13 18:04:00,2025-03-13 17:52:00,-4,-12,3973,115,À l'heure
675,F8444,2025-03-13,F8,40,YYC,YVR,2025-03-13 14:20:00,2025-03-13 14:45:00,2025-03-13 15:48:00,2025-03-13 16:07:00,25,19,687,158,Retardé
676,AC1321,2025-03-13,AC,9,YUL,JFK,2025-03-13 16:05:00,2025-03-13 16:12:00,2025-03-13 17:22:00,2025-03-13 17:16:00,7,-6,537,132,À l'heure
677,AC1632,2025-03-13,AC,5,CUN,YUL,2025-03-13 16:10:00,2025-03-13 16:12:00,2025-03-13 20:33:00,2025-03-13 20:38:00,2,5,2970,125,À l'heure
678,AF832,2025-03-13,AF,58,YUL,CDG,2025-03-13 18:50:00,2025-03-13 19:18:00,2025-03-14 02:25:00,2025-03-14 02:44:00,28,19,5523,291,Retardé
679,AC1291,2025-03-13,AC,5,YVR,YYZ,2025-03-13 19:55:00,2025-03-13 20:35:00,2025-03-14 00:42:00,2025-03-14 01:14:00,40,32,3346,157,Retardé
680,WS606,2025-03-13,WS,18,YUL,CUN,2025-03-13 21:25:00,2025-03-13 21:38:00,2025-03-14 01:33:00,2025-03-14 01:45:00,13,12,2970,111,À l'heure
681,UA515,2025-03-13,UA,47,ORD,YYZ,2025-03-13 21:25:00,2025-03-13 21:55:00,2025-03-13 22:53:00,2025-03-13 23:11:00,30,18,701,117,Retardé
682,AC1891,2025-03-14,AC,15,CDG,YUL,2025-03-14 06:55:00,2025-03-14 06:59:00,2025-03-14 14:27:00,2025-03-14 14:41:00,4,14,5523,221,À l'heure
683,AC1957,2025-03-14,AC,1,YUL,YYC,2025-03-14 07:05:00,2025-03-14 07:42:00,2025-03-14 11:28:00,2025-03-14 12:08:00,37,40,3005,132,Retardé
684,AC1211,2025-03-14,AC,10,YYZ,YVR,2025-03-14 09:10:00,2025-03-14 09:13:00,2025-03-14 13:56:00,2025-03-14 13:50:00,3,-6,3346,169,À l'heure
685,F8275,2025-03-14,F8,42,YYC,YWG,2025-03-14 10:30:00,2025-03-14 10:29:00,2025-03-14 12:35:00,2025-03-14 12:33:00,-1,-2,1191,123,À l'heure
686,PD590,2025-03-14,PD,25,YYZ,YOW,2025-03-14 17:35:00,2025-03-14 17:45:00,2025-03-14 18:31:00,2025-03-14 18:39:00,10,8,363,86,À l'heure
687,UA711,2025-03-14,UA,46,YYZ,ORD,2025-03-14 19:45:00,2025-03-14 20:15:00,2025-03-14 21:14:00,2025-03-14 21:33:00,30,19,701,133,Retardé
688,WS968,2025-03-14,WS,19,YUL,YYZ,2025-03-14 20:10:00,2025-03-14 20:18:00,2025-03-14 21:10:00,2025-03-14 21:16:00,8,6,507,127,À l'heure
689,AC114,2025-03-14,AC,13,YUL,LHR,2025-03-14 21:40:00,2025-03-14 22:01:00,2025-03-15 04:39:00,2025-03-15 05:07:00,21,28,5215,245,Retardé
690,WS505,2025-03-15,WS,18,YUL,YYZ,2025-03-15 07:00:00,2025-03-15 07:01:00,2025-03-15 08:13:00,2025-03-15 08:03:00,1,-10,507,157,À l'heure
691,WS1779,2025-03-15,WS,17,YUL,YYZ,2025-03-15 07:15:00,2025-03-15 07:09:00,2025-03-15 08:28:00,2025-03-15 08:25:00,-6,-3,507,167,À l'heure
692,AC448,2025-03-15,AC,12,LHR,YUL,2025-03-15 08:05:00,2025-03-15 08:03:00,2025-03-15 15:19:00,2025-03-15 15:27:00,-2,8,5215,258,À l'heure
693,UA782,2025-03-15,UA,44,ORD,YUL,2025-03-15 08:40:00,2025-03-15 08:41:00,2025-03-15 10:42:00,2025-03-15 10:53:00,1,11,1201,145,À l'heure
694,AC1895,2025-03-15,AC,3,YVR,YYC,2025-03-15 09:05:00,2025-03-15 09:11:00,2025-03-15 10:34:00,2025-03-15 10:33:00,6,-1,687,166,À l'heure
695,AC1154,2025-03-15,AC,2,LAX,YUL,2025-03-15 10:15:00,2025-03-15 10:33:00,2025-03-15 15:48:00,2025-03-15 16:08:00,18,20,3973,104,Retardé
696,AC1924,2025-03-15,AC,8,YVR,YYC,2025-03-15 14:15:00,2025-03-15 14:13:00,2025-03-15 15:29:00,2025-03-15 15:21:00,-2,-8,687,117,À l'heure
697,AC1247,2025-03-15,AC,8,YQB,YUL,2025-03-15 14:30:00,2025-03-15 14:40:00,2025-03-15 15:25:00,2025-03-15 15:42:00,10,17,233,125,Retardé
698,AC1334,2025-03-15,AC,4,YYC,YUL,2025-03-15 21:30:00,2025-03-15 21:34:00,2025-03-16 01:55:00,2025-03-16 02:00:00,4,5,3005,171,À l'heure
699,AC1112,2025-03-16,AC,3,YEG,YVR,2025-03-16 06:45:00,2025-03-16 06:39:00,2025-03-16 08:24:00,2025-03-16 08:06:00,-6,-18,809,153,À l'heure
700,PD1666,2025-03-16,PD,27,YUL,YHZ,2025-03-16 12:45:00,2025-03-16 13:04:00,2025-03-16 14:10:00,2025-03-16 14:36:00,19,26,804,110,Retardé
701,WS1002,2025-03-16,WS,19,YYZ,YUL,2025-03-16 13:05:00,2025-03-16 13:04:00,2025-03-16 14:05:00,2025-03-16 14:03:00,-1,-2,507,115,À l'heure
702,AC240,2025-03-16,AC,1,YUL,YVR,2025-03-16 13:20:00,2025-03-16 13:28:00,2025-03-16 18:35:00,2025-03-16 18:50:00,8,15,3682,85,À l'heure
703,AC966,2025-03-16,AC,1,YHZ,YYZ,2025-03-16 15:40:00,2025-03-16 16:06:00,2025-03-16 17:43:00,2025-03-16 18:03:00,26,20,1288,92,Retardé
704,PD1246,2025-03-16,PD,26,YUL,YOW,2025-03-16 19:10:00,2025-03-16 20:59:00,2025-03-16 19:58:00,2025-03-16 21:44:00,109,106,151,115,Retardé
705,PD817,2025-03-16,PD,29,YYZ,YOW,2025-03-16 19:25:00,2025-03-16 20:01:00,2025-03-16 20:17:00,2025-03-16 20:42:00,36,25,363,70,Retardé
706,WS1932,2025-03-16,WS,18,YYZ,YUL,2025-03-16 21:00:00,2025-03-16 21:09:00,2025-03-16 22:18:00,2025-03-16 22:21:00,9,3,507,114,À l'heure
707,TS1388,2025-03-16,TS,37,CDG,YUL,2025-03-16 21:15:00,2025-03-16 21:35:00,2025-03-17 04:53:00,2025-03-17 05:08:00,20,15,5523,188,À l'heure
708,AC1593,2025-03-17,AC,3,YWG,YYZ,2025-03-17 06:25:00,2025-03-17 06:22:00,2025-03-17 08:43:00,2025-03-17 08:49:00,-3,6,1504,169,À l'heure
709,DL458,2025-03-17,DL,53,YUL,JFK,2025-03-17 07:00:00,2025-03-17 07:03:00,2025-03-17 08:05:00,2025-03-17 08:15:00,3,10,537,128,À l'heure
710,DL721,2025-03-17,DL,53,JFK,YUL,2025-03-17 07:35:00,2025-03-17 07:32:00,2025-03-17 08:45:00,2025-03-17 08:32:00,-3,-13,537,125,À l'heure
711,AC240,2025-03-17,AC,4,YYZ,YHZ,2025-03-17 08:30:00,2025-03-17 08:35:00,2025-03-17 10:32:00,2025-03-17 10:41:00,5,9,1288,175,À l'heure
712,WS565,2025-03-17,WS,20,YEG,YYC,2025-03-17 09:25:00,2025-03-17 09:22:00,2025-03-17 10:11:00,2025-03-17 10:09:00,-3,-2,244,169,À l'heure
713,AC1937,2025-03-17,AC,15,LHR,YYZ,2025-03-17 11:00:00,2025-03-17 11:18:00,2025-03-17 18:42:00,2025-03-17 18:56:00,18,14,5707,241,À l'heure
714,AC1922,2025-03-17,AC,1,YYC,YYZ,2025-03-17 12:55:00,2025-03-17 13:03:00,2025-03-17 16:51:00,2025-03-17 16:48:00,8,-3,2689,122,À l'heure
715,WS1120,2025-03-17,WS,18,YVR,YYZ,2025-03-17 13:05:00,2025-03-17 13:06:00,2025-03-17 17:49:00,2025-03-17 17:36:00,1,-13,3346,122,À l'heure
716,AC1899,2025-03-17,AC,10,YUL,ORD,2025-03-17 14:25:00,2025-03-17 14:26:00,2025-03-17 16:21:00,2025-03-17 16:26:00,1,5,1201,152,À l'heure
717,PD1887,2025-03-17,PD,25,YOW,YUL,2025-03-17 15:30:00,2025-03-17 15:50:00,2025-03-17 16:09:00,2025-03-17 16:26:00,20,17,151,116,Retardé
718,AC1565,2025-03-17,AC,7,YYC,YYZ,2025-03-17 18:40:00,2025-03-17 18:58:00,2025-03-17 22:26:00,2025-03-17 22:40:00,18,14,2689,111,À l'heure
719,PD1627,2025-03-17,PD,30,YHZ,YUL,2025-03-17 21:45:00,2025-03-17 22:10:00,2025-03-17 23:16:00,2025-03-17 23:50:00,25,34,804,52,Retardé
720,F81747,2025-03-18,F8,40,YYZ,YYC,2025-03-18 06:10:00,2025-03-18 06:21:00,2025-03-18 10:08:00,2025-03-18 10:06:00,11,-2,2689,153,À l'heure
721,AC1925,2025-03-18,AC,10,YOW,YYZ,2025-03-18 08:35:00,2025-03-18 08:34:00,2025-03-18 09:33:00,2025-03-18 09:19:00,-1,-14,363,153,À l'heure
722,WS816,2025-03-18,WS,18,YWG,YYC,2025-03-18 10:00:00,2025-03-18 10:02:00,2025-03-18 12:08:00,2025-03-18 12:00:00,2,-8,1191,152,À l'heure
723,AC831,2025-03-18,AC,5,YYZ,YVR,2025-03-18 13:15:00,2025-03-18 13:18:00,2025-03-18 17:52:00,2025-03-18 17:54:00,3,2,3346,167,À l'heure
724,AC185,2025-03-18,AC,6,YVR,YEG,2025-03-18 13:50:00,2025-03-18 14:00:00,2025-03-18 15:18:00,2025-03-18 15:17:00,10,-1,809,149,À l'heure
725,WS1978,2025-03-18,WS,18,YYZ,YYC,2025-03-18 15:30:00,2025-03-18 18:01:00,2025-03-18 19:21:00,2025-03-18 22:00:00,151,159,2689,165,Retardé
726,PD1053,2025-03-18,PD,29,YOW,YYZ,2025-03-18 16:25:00,2025-03-18 16:30:00,2025-03-18 17:21:00,2025-03-18 17:32:00,5,11,363,72,À l'heure
727,AC1822,2025-03-18,AC,12,YYZ,LHR,2025-03-18 17:10:00,2025-03-18 17:57:00,2025-03-19 00:48:00,2025-03-19 01:34:00,47,46,5707,261,Retardé
728,PD1566,2025-03-18,PD,26,YUL,YYZ,2025-03-18 17:50:00,2025-03-18 17:49:00,2025-03-18 18:59:00,2025-03-18 18:49:00,-1,-10,507,118,À l'heure
729,AC1529,2025-03-18,AC,5,YYZ,YWG,2025-03-18 19:00:00,2025-03-18 21:30:00,2025-03-18 21:17:00,2025-03-18 23:33:00,150,136,1504,128,Retardé
730,WS360,2025-03-18,WS,17,YYC,YVR,2025-03-18 20:05:00,2025-03-18 20:10:00,2025-03-18 21:37:00,2025-03-18 21:33:00,5,-4,687,136,À l'heure
731,AF1045,2025-03-18,AF,55,YUL,CDG,2025-03-18 20:35:00,2025-03-18 20:34:00,2025-03-19 04:10:00,2025-03-19 04:07:00,-1,-3,5523,205,À l'heure
732,DL113,2025-03-18,DL,52,LAX,YVR,2025-03-18 20:55:00,2025-03-18 21:08:00,2025-03-18 23:29:00,2025-03-18 23:33:00,13,4,1741,140,À l'heure
733,F81415,2025-03-19,F8,40,YVR,YYC,2025-03-19 06:20:00,2025-03-19 06:21:00,2025-03-19 07:49:00,2025-03-19 07:50:00,1,1,687,120,À l'heure
734,WS112,2025-03-19,WS,17,YEG,YYC,2025-03-19 08:20:00,2025-03-19 08:44:00,2025-03-19 09:04:00,2025-03-19 09:21:00,24,17,244,131,Retardé
735,PD824,2025-03-19,PD,30,YUL,YYZ,2025-03-19 10:25:00,2025-03-19 10:22:00,2025-03-19 11:38:00,2025-03-19 11:23:00,-3,-15,507,55,À l'heure
736,AC1399,2025-03-19,AC,12,LHR,YUL,2025-03-19 11:45:00,2025-03-19 11:56:00,2025-03-19 18:46:00,2025-03-19 18:44:00,11,-2,5215,220,À l'heure
737,AC953,2025-03-19,AC,3,YYZ,YUL,2025-03-19 12:05:00,2025-03-19 12:05:00,2025-03-19 13:08:00,2025-03-19 12:55:00,0,-13,507,164,À l'heure
738,WS1425,2025-03-19,WS,20,YEG,YVR,2025-03-19 12:45:00,2025-03-19 12:43:00,2025-03-19 14:25:00,2025-03-19 14:15:00,-2,-10,809,148,À l'heure
739,AC408,2025-03-19,AC,2,YHZ,YYZ,2025-03-19 13:30:00,2025-03-19 13:47:00,2025-03-19 15:32:00,2025-03-19 15:50:00,17,18,1288,86,Retardé
740,WS1450,2025-03-19,WS,18,YUL,YYC,2025-03-19 14:55:00,2025-03-19 14:54:00,2025-03-19 19:14:00,2025-03-19 19:15:00,-1,1,3005,123,À l'heure
741,AC260,2025-03-19,AC,9,YUL,LAX,2025-03-19 16:25:00,2025-03-19 17:20:00,2025-03-19 22:01:00,2025-03-19 23:05:00,55,64,3973,139,Retardé
742,AC860,2025-03-19,AC,9,LAX,YUL,2025-03-19 18:20:00,2025-03-19 18:22:00,2025-03-19 23:46:00,2025-03-19 23:52:00,2,6,3973,111,À l'heure
743,TS1199,2025-03-19,TS,32,YUL,CUN,2025-03-19 18:40:00,2025-03-19 18:40:00,2025-03-19 22:57:00,2025-03-19 22:54:00,0,-3,2970,171,À l'heure
744,AC457,2025-03-19,AC,7,YOW,YYZ,2025-03-19 19:00:00,2025-03-19 18:59:00,2025-03-19 19:54:00,2025-03-19 19:52:00,-1,-2,363,121,À l'heure
745,AC1032,2025-03-19,AC,3,YUL,YVR,2025-03-19 19:15:00,2025-03-19 19:22:00,2025-03-20 00:28:00,2025-03-20 00:42:00,7,14,3682,163,À l'heure
746,PD628,2025-03-19,PD,25,YQB,YUL,2025-03-19 19:40:00,2025-03-19 19:43:00,2025-03-19 20:36:00,2025-03-19 20:34:00,3,-2,233,123,À l'heure
747,AF557,2025-03-19,AF,56,YUL,CDG,2025-03-19 21:15:00,2025-03-19 21:15:00,2025-03-20 04:44:00,2025-03-20 04:34:00,0,-10,5523,253,À l'heure
748,DL330,2025-03-20,DL,51,YUL,JFK,2025-03-20 07:05:00,2025-03-20 06:59:00,2025-03-20 08:24:00,2025-03-20 08:09:00,-6,-15,537,95,À l'heure
749,AC1256,2025-03-20,AC,7,YVR,YYZ,2025-03-20 08:35:00,2025-03-20 08:33:00,2025-03-20 13:12:00,2025-03-20 13:17:00,-2,5,3346,165,À l'heure
750,PD1425,2025-03-20,PD,25,YUL,YOW,2025-03-20 10:05:00,2025-03-20 10:14:00,2025-03-20 10:49:00,2025-03-20 10:51:00,9,2,151,86,À l'heure
751,F8851,2025-03-20,F8,42,YYZ,YVR,2025-03-20 11:05:00,2025-03-20 11:30:00,2025-03-20 15:59:00,2025-03-20 16:22:00,25,23,3346,158,Retardé
752,AC1667,2025-03-20,AC,7,YUL,CUN,2025-03-20 12:45:00,2025-03-20 12:44:00,2025-03-20 16:58:00,2025-03-20 17:01:00,-1,3,2970,112,À l'heure
753,AC1098,2025-03-20,AC,7,YWG,YYZ,2025-03-20 15:10:00,2025-03-20 15:14:00,2025-03-20 17:41:00,2025-03-20 17:34:00,4,-7,1504,113,À l'heure
754,AC1268,2025-03-20,AC,16,YUL,LHR,2025-03-20 20:45:00,2025-03-20 20:55:00,2025-03-21 03:59:00,2025-03-21 04:16:00,10,17,5215,216,Retardé
755,AC1545,2025-03-21,AC,5,YVR,LAX,2025-03-21 12:10:00,2025-03-21 12:07:00,2025-03-21 14:49:00,2025-03-21 14:41:00,-3,-8,1741,138,À l'heure
756,PD1085,2025-03-21,PD,26,YYZ,YOW,2025-03-21 13:40:00,2025-03-21 13:34:00,2025-03-21 14:29:00,2025-03-21 14:33:00,-6,4,363,88,À l'heure
757,PD311,2025-03-21,PD,29,YYZ,YOW,2025-03-21 14:00:00,2025-03-21 13:59:00,2025-03-21 14:50:00,2025-03-21 14:40:00,-1,-10,363,74,À l'heure
758,WS1883,2025-03-22,WS,17,YYZ,YHZ,2025-03-22 11:40:00,2025-03-22 11:52:00,2025-03-22 13:51:00,2025-03-22 14:00:00,12,9,1288,117,À l'heure
759,WS651,2025-03-22,WS,20,CUN,YUL,2025-03-22 16:15:00,2025-03-22 17:03:00,2025-03-22 20:23:00,2025-03-22 21:13:00,48,50,2970,120,Retardé
760,AC118,2025-03-22,AC,6,YOW,YYZ,2025-03-22 16:15:00,2025-03-22 16:27:00,2025-03-22 17:04:00,2025-03-22 17:23:00,12,19,363,169,Retardé
761,AC197,2025-03-22,AC,10,YYC,YVR,2025-03-22 16:15:00,2025-03-22 16:24:00,2025-03-22 17:32:00,2025-03-22 17:29:00,9,-3,687,113,À l'heure
762,F8467,2025-03-22,F8,42,YVR,YYZ,2025-03-22 19:45:00,2025-03-22 19:44:00,2025-03-23 00:24:00,2025-03-23 00:17:00,-1,-7,3346,170,À l'heure
763,AC1706,2025-03-22,AC,16,YUL,CDG,2025-03-22 20:50:00,2025-03-22 21:01:00,2025-03-23 04:25:00,2025-03-23 04:41:00,11,16,5523,231,Retardé
764,UA1463,2025-03-22,UA,48,YYZ,ORD,2025-03-22 21:15:00,2025-03-22 21:43:00,2025-03-22 22:34:00,2025-03-22 22:49:00,28,15,701,135,À l'heure
765,WS775,2025-03-23,WS,19,YYC,YUL,2025-03-23 07:15:00,2025-03-23 07:16:00,2025-03-23 11:39:00,2025-03-23 11:50:00,1,11,3005,111,À l'heure
766,AC1589,2025-03-23,AC,4,YUL,YHZ,2025-03-23 07:50:00,2025-03-23 07:46:00,2025-03-23 09:31:00,2025-03-23 09:35:00,-4,4,804,164,À l'heure
767,WS1700,2025-03-23,WS,19,YYC,YEG,2025-03-23 09:35:00,2025-03-23 09:37:00,2025-03-23 10:29:00,2025-03-23 10:22:00,2,-7,244,131,À l'heure
768,F81745,2025-03-23,F8,42,YYC,YYZ,2025-03-23 09:40:00,2025-03-23 09:37:00,2025-03-23 13:32:00,2025-03-23 13:25:00,-3,-7,2689,162,À l'heure
769,AF708,2025-03-23,AF,55,CDG,YUL,2025-03-23 10:00:00,2025-03-23 10:21:00,2025-03-23 17:30:00,2025-03-23 17:51:00,21,21,5523,209,Retardé
770,PD387,2025-03-23,PD,26,YUL,YYZ,2025-03-23 10:20:00,2025-03-23 12:00:00,2025-03-23 11:36:00,2025-03-23 13:02:00,100,86,507,106,Retardé
771,WS471,2025-03-23,WS,20,YYZ,YVR,2025-03-23 12:00:00,2025-03-23 11:57:00,2025-03-23 16:37:00,2025-03-23 16:43:00,-3,6,3346,114,À l'heure
772,AC1547,2025-03-23,AC,8,CUN,YUL,2025-03-23 13:05:00,2025-03-23 13:20:00,2025-03-23 17:23:00,2025-03-23 17:33:00,15,10,2970,169,À l'heure
773,WS372,2025-03-23,WS,20,YVR,YYC,2025-03-23 18:15:00,2025-03-23 18:20:00,2025-03-23 19:47:00,2025-03-23 19:40:00,5,-7,687,142,À l'heure
774,UA549,2025-03-23,UA,47,YUL,ORD,2025-03-23 18:30:00,2025-03-23 18:48:00,2025-03-23 20:35:00,2025-03-23 21:03:00,18,28,1201,168,Retardé
775,PD1888,2025-03-23,PD,30,YUL,YYZ,2025-03-23 20:45:00,2025-03-23 20:42:00,2025-03-23 21:47:00,2025-03-23 21:42:00,-3,-5,507,71,À l'heure
776,WS1832,2025-03-23,WS,19,YUL,YYZ,2025-03-23 21:55:00,2025-03-23 22:15:00,2025-03-23 22:59:00,2025-03-23 23:10:00,20,11,507,142,À l'heure
777,WS674,2025-03-24,WS,19,YYZ,YUL,2025-03-24 08:25:00,2025-03-24 08:22:00,2025-03-24 09:25:00,2025-03-24 09:10:00,-3,-15,507,155,À l'heure
778,WS279,2025-03-24,WS,20,YYC,YWG,2025-03-24 10:50:00,2025-03-24 10:45:00,2025-03-24 12:54:00,2025-03-24 12:48:00,-5,-6,1191,155,À l'heure
779,WS1148,2025-03-24,WS,20,YVR,YUL,2025-03-24 12:30:00,2025-03-24 12:29:00,2025-03-24 17:45:00,2025-03-24 17:47:00,-1,2,3682,120,À l'heure
780,PD397,2025-03-24,PD,27,YHZ,YUL,2025-03-24 13:00:00,2025-03-24 13:00:00,2025-03-24 14:38:00,2025-03-24 14:27:00,0,-11,804,94,À l'heure
781,DL964,2025-03-24,DL,54,LAX,YVR,2025-03-24 13:25:00,2025-03-24 14:20:00,2025-03-24 16:07:00,2025-03-24 17:08:00,55,61,1741,144,Retardé
782,F81086,2025-03-24,F8,40,YYC,YYZ,2025-03-24 14:50:00,2025-03-24 15:31:00,2025-03-24 18:42:00,2025-03-24 19:18:00,41,36,2689,123,Retardé
783,AC458,2025-03-24,AC,1,YYZ,YYC,2025-03-24 15:55:00,2025-03-24 16:11:00,2025-03-24 19:42:00,2025-03-24 20:06:00,16,24,2689,134,Retardé
784,DL657,2025-03-24,DL,54,JFK,YUL,2025-03-24 16:45:00,2025-03-24 16:45:00,2025-03-24 17:54:00,2025-03-24 18:02:00,0,8,537,135,À l'heure
785,WS169,2025-03-24,WS,19,YWG,YYC,2025-03-24 21:10:00,2025-03-24 21:17:00,2025-03-24 23:09:00,2025-03-24 23:09:00,7,0,1191,146,À l'heure
786,AC948,2025-03-25,AC,8,YYZ,YWG,2025-03-25 06:50:00,2025-03-25 07:01:00,2025-03-25 09:10:00,2025-03-25 09:31:00,11,21,1504,129,Retardé
787,WS1939,2025-03-25,WS,19,YVR,YEG,2025-03-25 07:25:00,2025-03-25 07:28:00,2025-03-25 08:57:00,2025-03-25 08:59:00,3,2,809,154,À l'heure
788,WS1794,2025-03-25,WS,17,YYZ,YUL,2025-03-25 10:25:00,2025-03-25 10:22:00,2025-03-25 11:41:00,2025-03-25 11:32:00,-3,-9,507,151,À l'heure
789,UA1188,2025-03-25,UA,46,ORD,YUL,2025-03-25 10:40:00,2025-03-25 10:51:00,2025-03-25 12:48:00,2025-03-25 12:56:00,11,8,1201,144,À l'heure
790,AC428,2025-03-25,AC,12,LHR,YYZ,2025-03-25 13:20:00,2025-03-25 13:32:00,2025-03-25 21:02:00,2025-03-25 21:06:00,12,4,5707,200,À l'heure
791,AC794,2025-03-25,AC,9,YVR,YUL,2025-03-25 14:15:00,2025-03-25 14:18:00,2025-03-25 19:20:00,2025-03-25 19:17:00,3,-3,3682,148,À l'heure
792,UA1135,2025-03-25,UA,45,ORD,YYZ,2025-03-25 16:10:00,2025-03-25 16:15:00,2025-03-25 17:31:00,2025-03-25 17:33:00,5,2,701,143,À l'heure
793,PD1138,2025-03-25,PD,26,YUL,YQB,2025-03-25 16:40:00,2025-03-25 16:40:00,2025-03-25 17:32:00,2025-03-25 17:25:00,0,-7,233,104,À l'heure
794,F81660,2025-03-25,F8,42,YYC,YVR,2025-03-25 17:30:00,2025-03-25 17:34:00,2025-03-25 18:45:00,2025-03-25 18:54:00,4,9,687,151,À l'heure
795,F81984,2025-03-25,F8,42,YYZ,YYC,2025-03-25 18:55:00,2025-03-25 19:44:00,2025-03-25 22:56:00,2025-03-25 23:47:00,49,51,2689,136,Retardé
796,AC1319,2025-03-25,AC,15,YYZ,LHR,2025-03-25 19:05:00,2025-03-25 19:07:00,2025-03-26 02:42:00,2025-03-26 02:31:00,2,-11,5707,253,À l'heure
797,TS460,2025-03-25,TS,37,CDG,YUL,2025-03-25 20:10:00,2025-03-25 20:25:00,2025-03-26 03:32:00,2025-03-26 03:33:00,15,1,5523,283,À l'heure
798,PD1819,2025-03-25,PD,29,YOW,YUL,2025-03-25 21:40:00,2025-03-25 21:39:00,2025-03-25 22:22:00,2025-03-25 22:25:00,-1,3,151,55,À l'heure
799,AC1747,2025-03-25,AC,3,YUL,JFK,2025-03-25 21:45:00,2025-03-25 22:10:00,2025-03-25 23:03:00,2025-03-25 23:17:00,25,14,537,188,À l'heure
800,WS1766,2025-03-26,WS,20,YWG,YYZ,2025-03-26 06:10:00,2025-03-26 06:22:00,2025-03-26 08:36:00,2025-03-26 08:53:00,12,17,1504,137,Retardé
801,F8520,2025-03-26,F8,41,YUL,YVR,2025-03-26 07:05:00,2025-03-26 07:11:00,2025-03-26 12:23:00,2025-03-26 12:28:00,6,5,3682,147,À l'heure
802,PD524,2025-03-26,PD,29,YYZ,YOW,2025-03-26 11:55:00,2025-03-26 12:16:00,2025-03-26 12:48:00,2025-03-26 13:17:00,21,29,363,71,Retardé
803,AC643,2025-03-26,AC,5,YYZ,YVR,2025-03-26 12:35:00,2025-03-26 12:39:00,2025-03-26 17:27:00,2025-03-26 17:37:00,4,10,3346,142,À l'heure
804,WS1913,2025-03-26,WS,17,YYC,YYZ,2025-03-26 13:30:00,2025-03-26 13:31:00,2025-03-26 17:22:00,2025-03-26 17:24:00,1,2,2689,113,À l'heure
805,AC1019,2025-03-26,AC,8,YHZ,YYZ,2025-03-26 13:45:00,2025-03-26 13:58:00,2025-03-26 15:58:00,2025-03-26 16:15:00,13,17,1288,124,Retardé
806,UA1256,2025-03-26,UA,47,YUL,ORD,2025-03-26 14:20:00,2025-03-26 14:17:00,2025-03-26 16:13:00,2025-03-26 16:00:00,-3,-13,1201,162,À l'heure
807,AC1664,2025-03-26,AC,15,LHR,YUL,2025-03-26 14:55:00,2025-03-26 15:23:00,2025-03-26 22:02:00,2025-03-26 22:16:00,28,14,5215,286,À l'heure
808,DL1836,2025-03-26,DL,50,YVR,LAX,2025-03-26 17:45:00,2025-03-26 17:43:00,2025-03-26 20:26:00,2025-03-26 20:12:00,-2,-14,1741,92,À l'heure
809,WS712,2025-03-26,WS,19,YVR,YYZ,2025-03-26 18:20:00,2025-03-26 19:51:00,2025-03-26 23:07:00,2025-03-27 00:31:00,91,84,3346,146,Retardé
810,AC1856,2025-03-26,AC,1,YYZ,YHZ,2025-03-26 20:55:00,2025-03-26 21:07:00,2025-03-26 23:06:00,2025-03-26 23:15:00,12,9,1288,87,À l'heure
811,PD399,2025-03-27,PD,25,YOW,YYZ,2025-03-27 06:20:00,2025-03-27 06:16:00,2025-03-27 07:09:00,2025-03-27 07:00:00,-4,-9,363,120,À l'heure
812,AC1675,2025-03-27,AC,4,JFK,YUL,2025-03-27 08:55:00,2025-03-27 08:54:00,2025-03-27 10:10:00,2025-03-27 10:00:00,-1,-10,537,179,À l'heure
813,PD643,2025-03-27,PD,29,YOW,YUL,2025-03-27 09:45:00,2025-03-27 09:46:00,2025-03-27 10:23:00,2025-03-27 10:17:00,1,-6,151,75,À l'heure
814,PD1675,2025-03-27,PD,25,YYZ,YUL,2025-03-27 11:45:00,2025-03-27 11:44:00,2025-03-27 13:03:00,2025-03-27 12:55:00,-1,-8,507,119,À l'heure
815,AC243,2025-03-27,AC,6,LAX,YUL,2025-03-27 12:20:00,2025-03-27 12:24:00,2025-03-27 17:56:00,2025-03-27 18:08:00,4,12,3973,188,À l'heure
816,AC709,2025-03-27,AC,7,YYZ,YVR,2025-03-27 14:40:00,2025-03-27 14:46:00,2025-03-27 19:25:00,2025-03-27 19:23:00,6,-2,3346,117,À l'heure
817,WS679,2025-03-27,WS,18,YUL,CUN,2025-03-27 15:15:00,2025-03-27 15:24:00,2025-03-27 19:38:00,2025-03-27 19:40:00,9,2,2970,112,À l'heure
818,AC355,2025-03-27,AC,5,YYZ,YUL,2025-03-27 16:10:00,2025-03-27 16:51:00,2025-03-27 17:14:00,2025-03-27 17:58:00,41,44,507,161,Retardé
819,PD399,2025-03-27,PD,28,YHZ,YUL,2025-03-27 16:20:00,2025-03-27 16:18:00,2025-03-27 17:44:00,2025-03-27 17:48:00,-2,4,804,103,À l'heure
820,AC1476,2025-03-27,AC,12,YUL,LHR,2025-03-27 17:30:00,2025-03-27 17:54:00,2025-03-28 00:34:00,2025-03-28 00:44:00,24,10,5215,281,À l'heure
821,AC756,2025-03-27,AC,3,YUL,YYZ,2025-03-27 18:45:00,2025-03-27 18:47:00,2025-03-27 19:57:00,2025-03-27 19:53:00,2,-4,507,175,À l'heure
822,PD551,2025-03-27,PD,29,YQB,YUL,2025-03-27 19:30:00,2025-03-27 19:39:00,2025-03-27 20:23:00,2025-03-27 20:40:00,9,17,233,69,Retardé
823,PD814,2025-03-28,PD,28,YUL,YHZ,2025-03-28 08:20:00,2025-03-28 11:48:00,2025-03-28 09:52:00,2025-03-28 13:10:00,208,198,804,115,Retardé
824,WS1171,2025-03-28,WS,18,YVR,YYC,2025-03-28 13:45:00,2025-03-28 13:55:00,2025-03-28 15:17:00,2025-03-28 15:21:00,10,4,687,162,À l'heure
825,AC808,2025-03-28,AC,5,YVR,YYC,2025-03-28 16:30:00,2025-03-28 17:32:00,2025-03-28 17:56:00,2025-03-28 18:54:00,62,58,687,145,Retardé
826,WS1215,2025-03-28,WS,18,YYC,YVR,2025-03-28 18:25:00,2025-03-28 18:32:00,2025-03-28 19:53:00,2025-03-28 19:47:00,7,-6,687,120,À l'heure
827,UA1543,2025-03-28,UA,45,ORD,YYZ,2025-03-28 19:50:00,2025-03-28 19:58:00,2025-03-28 21:20:00,2025-03-28 21:36:00,8,16,701,140,Retardé
828,UA1261,2025-03-28,UA,49,YYZ,ORD,2025-03-28 21:00:00,2025-03-28 21:22:00,2025-03-28 22:24:00,2025-03-28 22:47:00,22,23,701,142,Retardé
829,AC1444,2025-03-29,AC,3,YYC,YYZ,2025-03-29 06:45:00,2025-03-29 06:41:00,2025-03-29 10:35:00,2025-03-29 10:27:00,-4,-8,2689,140,À l'heure
830,AC1129,2025-03-29,AC,8,YUL,YYC,2025-03-29 06:55:00,2025-03-29 06:59:00,2025-03-29 11:09:00,2025-03-29 11:17:00,4,8,3005,152,À l'heure
831,F8647,2025-03-29,F8,42,YYZ,YYC,2025-03-29 07:00:00,2025-03-29 07:15:00,2025-03-29 11:01:00,2025-03-29 11:22:00,15,21,2689,162,Retardé
832,AC1381,2025-03-29,AC,9,YOW,YYZ,2025-03-29 08:40:00,2025-03-29 08:39:00,2025-03-29 09:42:00,2025-03-29 09:36:00,-1,-6,363,150,À l'heure
833,DL1904,2025-03-29,DL,51,YUL,JFK,2025-03-29 10:30:00,2025-03-29 14:15:00,2025-03-29 11:36:00,2025-03-29 15:07:00,225,211,537,101,Retardé
834,WS1927,2025-03-29,WS,19,YUL,YVR,2025-03-29 12:30:00,2025-03-29 12:32:00,2025-03-29 17:43:00,2025-03-29 17:52:00,2,9,3682,142,À l'heure
835,AC1231,2025-03-29,AC,3,YUL,LAX,2025-03-29 12:50:00,2025-03-29 12:58:00,2025-03-29 18:26:00,2025-03-29 18:29:00,8,3,3973,184,À l'heure
836,TS1201,2025-03-29,TS,38,CDG,YUL,2025-03-29 14:30:00,,2025-03-29 21:53:00,,,,5523,,Annulé
837,AC810,2025-03-29,AC,2,YUL,JFK,2025-03-29 15:10:00,2025-03-29 15:12:00,2025-03-29 16:20:00,2025-03-29 16:20:00,2,0,537,114,À l'heure
838,WS728,2025-03-29,WS,18,YYZ,YYC,2025-03-29 15:30:00,2025-03-29 16:21:00,2025-03-29 19:32:00,2025-03-29 20:11:00,51,39,2689,134,Retardé
839,AC1649,2025-03-29,AC,6,YVR,YUL,2025-03-29 18:25:00,2025-03-29 22:22:00,2025-03-29 23:36:00,2025-03-30 03:21:00,237,225,3682,140,Retardé
840,AC1561,2025-03-29,AC,4,YYC,YVR,2025-03-29 19:00:00,2025-03-29 19:12:00,2025-03-29 20:30:00,2025-03-29 20:51:00,12,21,687,142,Retardé
841,AC100,2025-03-29,AC,8,YYC,YUL,2025-03-29 19:55:00,2025-03-29 23:19:00,2025-03-30 00:20:00,2025-03-30 03:45:00,204,205,3005,111,Retardé
842,AC517,2025-03-30,AC,7,YYZ,YWG,2025-03-30 11:00:00,2025-03-30 10:55:00,2025-03-30 13:20:00,2025-03-30 13:11:00,-5,-9,1504,111,À l'heure
843,WS1757,2025-03-30,WS,17,CUN,YUL,2025-03-30 13:30:00,2025-03-30 13:29:00,2025-03-30 17:39:00,2025-03-30 17:33:00,-1,-6,2970,150,À l'heure
844,WS424,2025-03-30,WS,19,YEG,YYC,2025-03-30 16:55:00,2025-03-30 17:09:00,2025-03-30 17:35:00,2025-03-30 17:43:00,14,8,244,157,À l'heure
845,AC447,2025-03-30,AC,7,YEG,YVR,2025-03-30 17:35:00,2025-03-30 17:43:00,2025-03-30 19:16:00,2025-03-30 19:29:00,8,13,809,147,À l'heure
846,F81369,2025-03-30,F8,41,YVR,YUL,2025-03-30 19:30:00,2025-03-30 19:47:00,2025-03-31 00:40:00,2025-03-31 01:00:00,17,20,3682,151,Retardé
847,F8780,2025-03-30,F8,41,YVR,YYZ,2025-03-30 20:35:00,2025-03-30 20:40:00,2025-03-31 01:22:00,2025-03-31 01:17:00,5,-5,3346,114,À l'heure
848,AF1828,2025-03-30,AF,58,YUL,CDG,2025-03-30 20:45:00,2025-03-30 20:54:00,2025-03-31 04:07:00,2025-03-31 04:13:00,9,6,5523,253,À l'heure
849,PD385,2025-03-30,PD,25,YYZ,YUL,2025-03-30 21:25:00,2025-03-30 21:37:00,2025-03-30 22:36:00,2025-03-30 22:51:00,12,15,507,82,À l'heure
850,AC1263,2025-03-30,AC,12,YYZ,LHR,2025-03-30 21:25:00,2025-03-30 21:37:00,2025-03-31 05:00:00,2025-03-31 04:59:00,12,-1,5707,198,À l'heure
851,PD1863,2025-03-30,PD,31,YUL,YQB,2025-03-30 21:55:00,2025-03-30 22:16:00,2025-03-30 22:35:00,2025-03-30 22:51:00,21,16,233,69,Retardé
852,WS1403,2025-03-31,WS,18,YWG,YYC,2025-03-31 06:20:00,2025-03-31 06:22:00,2025-03-31 08:13:00,2025-03-31 08:16:00,2,3,1191,145,À l'heure
853,AC1479,2025-03-31,AC,1,YUL,YYZ,2025-03-31 07:20:00,2025-03-31 07:27:00,2025-03-31 08:33:00,2025-03-31 08:50:00,7,17,507,122,Retardé
854,DL1425,2025-03-31,DL,52,LAX,YVR,2025-03-31 12:00:00,2025-03-31 12:03:00,2025-03-31 14:36:00,2025-03-31 14:29:00,3,-7,1741,140,À l'heure
855,PD585,2025-03-31,PD,25,YUL,YYZ,2025-03-31 12:25:00,2025-03-31 12:29:00,2025-03-31 13:31:00,2025-03-31 13:44:00,4,13,507,120,À l'heure
856,AC983,2025-03-31,AC,6,YVR,YEG,2025-03-31 13:25:00,2025-03-31 13:21:00,2025-03-31 15:00:00,2025-03-31 14:52:00,-4,-8,809,171,À l'heure
857,AC242,2025-03-31,AC,9,YYZ,YOW,2025-03-31 14:10:00,2025-03-31 14:26:00,2025-03-31 15:03:00,2025-03-31 15:11:00,16,8,363,128,À l'heure
858,WS1463,2025-03-31,WS,17,YYC,YEG,2025-03-31 19:00:00,2025-03-31 19:09:00,2025-03-31 19:50:00,2025-03-31 19:53:00,9,3,244,158,À l'heure
859,AF1337,2025-03-31,AF,58,YUL,CDG,2025-03-31 19:45:00,2025-03-31 19:45:00,2025-04-01 03:14:00,2025-04-01 03:11:00,0,-3,5523,275,À l'heure
860,WS114,2025-03-31,WS,19,YYC,YWG,2025-03-31 19:50:00,2025-03-31 19:57:00,2025-03-31 21:52:00,2025-03-31 22:02:00,7,10,1191,133,À l'heure
861,AC1664,2025-03-31,AC,12,LHR,YYZ,2025-03-31 20:05:00,2025-03-31 20:09:00,2025-04-01 03:51:00,2025-04-01 03:50:00,4,-1,5707,199,À l'heure
862,PD212,2025-03-31,PD,31,YUL,YOW,2025-03-31 21:20:00,2025-03-31 21:57:00,2025-03-31 21:59:00,2025-03-31 22:25:00,37,26,151,65,Retardé
863,AC1924,2025-04-01,AC,2,JFK,YUL,2025-04-01 06:00:00,2025-04-01 05:59:00,2025-04-01 07:13:00,2025-04-01 07:15:00,-1,2,537,98,À l'heure
864,AC1358,2025-04-01,AC,16,CDG,YUL,2025-04-01 10:00:00,2025-04-01 09:58:00,2025-04-01 17:25:00,2025-04-01 17:23:00,-2,-2,5523,205,À l'heure
865,AC1415,2025-04-01,AC,6,ORD,YUL,2025-04-01 19:05:00,2025-04-01 19:25:00,2025-04-01 21:04:00,2025-04-01 21:17:00,20,13,1201,131,À l'heure
866,WS1940,2025-04-01,WS,18,YYZ,YUL,2025-04-01 21:40:00,2025-04-01 21:48:00,2025-04-01 22:43:00,2025-04-01 22:58:00,8,15,507,158,À l'heure
867,PD1721,2025-04-02,PD,25,YYZ,YUL,2025-04-02 09:20:00,2025-04-02 09:16:00,2025-04-02 10:35:00,2025-04-02 10:27:00,-4,-8,507,94,À l'heure
868,WS1106,2025-04-02,WS,20,YVR,YYZ,2025-04-02 11:10:00,2025-04-02 11:26:00,2025-04-02 15:48:00,2025-04-02 15:57:00,16,9,3346,118,À l'heure
869,AC952,2025-04-02,AC,3,YVR,YUL,2025-04-02 12:35:00,2025-04-02 12:50:00,2025-04-02 17:38:00,2025-04-02 17:58:00,15,20,3682,187,Retardé
870,AF881,2025-04-02,AF,58,CDG,YUL,2025-04-02 13:45:00,2025-04-02 13:42:00,2025-04-02 21:24:00,2025-04-02 21:11:00,-3,-13,5523,260,À l'heure
871,AC1847,2025-04-02,AC,8,LAX,YUL,2025-04-02 16:35:00,2025-04-02 16:41:00,2025-04-02 22:06:00,2025-04-02 22:18:00,6,12,3973,120,À l'heure
872,DL925,2025-04-02,DL,51,LAX,YVR,2025-04-02 17:10:00,2025-04-02 17:45:00,2025-04-02 19:47:00,2025-04-02 20:13:00,35,26,1741,119,Retardé
873,UA887,2025-04-02,UA,48,ORD,YYZ,2025-04-02 21:45:00,2025-04-02 22:24:00,2025-04-02 23:10:00,2025-04-02 23:56:00,39,46,701,113,Retardé
874,AC372,2025-04-03,AC,6,YOW,YYZ,2025-04-03 10:25:00,2025-04-03 10:30:00,2025-04-03 11:22:00,2025-04-03 11:22:00,5,0,363,122,À l'heure
875,F8271,2025-04-03,F8,41,YVR,YYC,2025-04-03 11:15:00,2025-04-03 11:15:00,2025-04-03 12:30:00,2025-04-03 12:27:00,0,-3,687,151,À l'heure
876,PD1194,2025-04-03,PD,26,YQB,YUL,2025-04-03 13:15:00,2025-04-03 13:19:00,2025-04-03 14:01:00,2025-04-03 14:11:00,4,10,233,110,À l'heure
877,AF1701,2025-04-03,AF,59,CDG,YUL,2025-04-03 14:35:00,2025-04-03 14:45:00,2025-04-03 21:56:00,2025-04-03 22:05:00,10,9,5523,256,À l'heure
878,F81284,2025-04-03,F8,41,YYZ,YVR,2025-04-03 16:10:00,2025-04-03 16:11:00,2025-04-03 21:04:00,2025-04-03 20:57:00,1,-7,3346,129,À l'heure
879,WS1098,2025-04-03,WS,19,YUL,YYC,2025-04-03 18:20:00,2025-04-03 18:22:00,2025-04-03 22:33:00,2025-04-03 22:44:00,2,11,3005,127,À l'heure
880,AC132,2025-04-03,AC,14,YUL,CDG,2025-04-03 19:00:00,2025-04-03 19:16:00,2025-04-04 02:22:00,2025-04-04 02:40:00,16,18,5523,225,Retardé
881,AC1007,2025-04-03,AC,10,YUL,ORD,2025-04-03 19:50:00,2025-04-03 19:56:00,2025-04-03 21:52:00,2025-04-03 22:07:00,6,15,1201,169,À l'heure
882,AC1850,2025-04-03,AC,12,YYZ,LHR,2025-04-03 20:45:00,2025-04-03 21:17:00,2025-04-04 04:29:00,2025-04-04 04:57:00,32,28,5707,256,Retardé
883,WS287,2025-04-04,WS,17,YYZ,YHZ,2025-04-04 06:15:00,2025-04-04 06:15:00,2025-04-04 08:26:00,2025-04-04 08:29:00,0,3,1288,140,À l'heure
884,WS382,2025-04-04,WS,18,YUL,YYZ,2025-04-04 08:10:00,2025-04-04 08:07:00,2025-04-04 09:17:00,2025-04-04 09:23:00,-3,6,507,140,À l'heure
885,AC1467,2025-04-04,AC,3,YUL,LAX,2025-04-04 09:40:00,2025-04-04 09:35:00,2025-04-04 15:13:00,2025-04-04 14:57:00,-5,-16,3973,162,À l'heure
886,AC768,2025-04-04,AC,8,YYZ,YYC,2025-04-04 10:00:00,2025-04-04 10:04:00,2025-04-04 13:59:00,2025-04-04 13:57:00,4,-2,2689,145,À l'heure
887,AC195,2025-04-04,AC,3,YYZ,YOW,2025-04-04 11:05:00,2025-04-04 11:01:00,2025-04-04 12:05:00,2025-04-04 12:06:00,-4,1,363,145,À l'heure
888,AC346,2025-04-04,AC,9,YYC,YUL,2025-04-04 11:15:00,2025-04-04 11:25:00,2025-04-04 15:32:00,2025-04-04 15:35:00,10,3,3005,162,À l'heure
889,WS1586,2025-04-04,WS,17,YVR,YEG,2025-04-04 12:30:00,2025-04-04 12:34:00,2025-04-04 14:00:00,2025-04-04 14:08:00,4,8,809,161,À l'heure
890,AC1892,2025-04-04,AC,10,YYZ,YYC,2025-04-04 12:55:00,2025-04-04 12:59:00,2025-04-04 16:54:00,2025-04-04 16:51:00,4,-3,2689,114,À l'heure
891,DL1502,2025-04-04,DL,52,JFK,YUL,2025-04-04 13:50:00,2025-04-04 14:07:00,2025-04-04 14:57:00,2025-04-04 15:13:00,17,16,537,127,Retardé
892,PD1865,2025-04-04,PD,25,YUL,YYZ,2025-04-04 14:15:00,2025-04-04 14:13:00,2025-04-04 15:21:00,2025-04-04 15:20:00,-2,-1,507,98,À l'heure
893,PD1278,2025-04-04,PD,25,YOW,YUL,2025-04-04 14:25:00,2025-04-04 14:22:00,2025-04-04 14:58:00,2025-04-04 14:48:00,-3,-10,151,109,À l'heure
894,WS1076,2025-04-04,WS,20,YUL,YVR,2025-04-04 15:20:00,2025-04-04 15:27:00,2025-04-04 20:28:00,2025-04-04 20:45:00,7,17,3682,160,Retardé
895,TS531,2025-04-04,TS,34,YUL,CUN,2025-04-04 15:35:00,2025-04-04 16:23:00,2025-04-04 19:44:00,2025-04-04 20:32:00,48,48,2970,159,Retardé
896,PD489,2025-04-04,PD,26,YUL,YOW,2025-04-04 15:45:00,2025-04-04 15:57:00,2025-04-04 16:34:00,2025-04-04 16:50:00,12,16,151,94,Retardé
897,WS728,2025-04-04,WS,20,YWG,YYC,2025-04-04 18:10:00,2025-04-04 18:22:00,2025-04-04 20:04:00,2025-04-04 20:08:00,12,4,1191,130,À l'heure
898,WS1467,2025-04-05,WS,17,CUN,YUL,2025-04-05 09:40:00,2025-04-05 09:39:00,2025-04-05 13:56:00,2025-04-05 13:42:00,-1,-14,2970,139,À l'heure
899,AC787,2025-04-05,AC,9,CUN,YUL,2025-04-05 09:55:00,2025-04-05 10:03:00,2025-04-05 14:12:00,2025-04-05 14:09:00,8,-3,2970,158,À l'heure
900,DL1813,2025-04-05,DL,52,YVR,LAX,2025-04-05 09:55:00,2025-04-05 09:55:00,2025-04-05 12:44:00,2025-04-05 12:30:00,0,-14,1741,139,À l'heure
901,AC314,2025-04-05,AC,3,YYZ,YUL,2025-04-05 12:40:00,2025-04-05 12:41:00,2025-04-05 13:51:00,2025-04-05 13:48:00,1,-3,507,189,À l'heure
902,WS1075,2025-04-05,WS,17,YYZ,YVR,2025-04-05 12:45:00,2025-04-05 13:02:00,2025-04-05 17:30:00,2025-04-05 17:36:00,17,6,3346,138,À l'heure
903,WS1865,2025-04-05,WS,20,YYC,YYZ,2025-04-05 15:05:00,2025-04-05 15:13:00,2025-04-05 18:54:00,2025-04-05 19:05:00,8,11,2689,166,À l'heure
904,WS1303,2025-04-05,WS,17,YUL,YYZ,2025-04-05 17:05:00,2025-04-05 17:15:00,2025-04-05 18:17:00,2025-04-05 18:25:00,10,8,507,110,À l'heure
905,AC431,2025-04-05,AC,8,ORD,YUL,2025-04-05 19:35:00,2025-04-05 19:37:00,2025-04-05 21:40:00,2025-04-05 21:32:00,2,-8,1201,132,À l'heure
906,WS1664,2025-04-05,WS,18,YYC,YEG,2025-04-05 19:40:00,2025-04-05 20:17:00,2025-04-05 20:37:00,2025-04-05 21:14:00,37,37,244,136,Retardé
907,AC316,2025-04-05,AC,12,YUL,CDG,2025-04-05 21:20:00,2025-04-05 21:36:00,2025-04-06 04:56:00,2025-04-06 05:16:00,16,20,5523,214,Retardé
908,UA1864,2025-04-06,UA,45,YYZ,ORD,2025-04-06 08:00:00,2025-04-06 08:02:00,2025-04-06 09:32:00,2025-04-06 09:32:00,2,0,701,130,À l'heure
909,WS536,2025-04-06,WS,18,YYC,YVR,2025-04-06 08:25:00,2025-04-06 08:25:00,2025-04-06 09:57:00,2025-04-06 10:00:00,0,3,687,156,À l'heure
910,AC1619,2025-04-06,AC,7,YYC,YVR,2025-04-06 12:15:00,2025-04-06 12:38:00,2025-04-06 13:34:00,2025-04-06 13:55:00,23,21,687,127,Retardé
911,AC373,2025-04-06,AC,8,YUL,JFK,2025-04-06 14:05:00,2025-04-06 14:29:00,2025-04-06 15:08:00,2025-04-06 15:27:00,24,19,537,126,Retardé
912,PD520,2025-04-06,PD,30,YHZ,YUL,2025-04-06 16:05:00,2025-04-06 16:02:00,2025-04-06 17:31:00,2025-04-06 17:34:00,-3,3,804,67,À l'heure
913,AC1526,2025-04-06,AC,5,YYZ,YWG,2025-04-06 17:10:00,2025-04-06 17:24:00,2025-04-06 19:32:00,2025-04-06 19:44:00,14,12,1504,181,À l'heure
914,AC1219,2025-04-06,AC,14,LHR,YYZ,2025-04-06 17:55:00,2025-04-06 18:07:00,2025-04-07 01:41:00,2025-04-07 01:45:00,12,4,5707,185,À l'heure
915,AC1482,2025-04-06,AC,5,YUL,YQB,2025-04-06 18:15:00,2025-04-06 18:20:00,2025-04-06 19:01:00,2025-04-06 19:12:00,5,11,233,165,À l'heure
916,AC1135,2025-04-06,AC,5,YUL,YHZ,2025-04-06 20:35:00,2025-04-06 20:38:00,2025-04-06 22:16:00,2025-04-06 22:18:00,3,2,804,187,À l'heure
917,AC865,2025-04-06,AC,12,YUL,LHR,2025-04-06 20:45:00,2025-04-06 20:46:00,2025-04-07 03:51:00,2025-04-07 03:51:00,1,0,5215,185,À l'heure
918,F8649,2025-04-06,F8,39,YYC,YWG,2025-04-06 21:35:00,2025-04-06 21:36:00,2025-04-06 23:32:00,2025-04-06 23:19:00,1,-13,1191,146,À l'heure
919,WS720,2025-04-07,WS,18,YEG,YYC,2025-04-07 07:15:00,2025-04-07 07:20:00,2025-04-07 08:02:00,2025-04-07 08:05:00,5,3,244,169,À l'heure
920,PD707,2025-04-07,PD,31,YHZ,YYZ,2025-04-07 08:35:00,2025-04-07 08:36:00,2025-04-07 10:41:00,2025-04-07 10:49:00,1,8,1288,52,À l'heure
921,AC122,2025-04-07,AC,8,YVR,YUL,2025-04-07 10:10:00,2025-04-07 10:11:00,2025-04-07 15:11:00,2025-04-07 15:05:00,1,-6,3682,133,À l'heure
922,PD644,2025-04-07,PD,26,YYZ,YOW,2025-04-07 13:00:00,2025-04-07 13:06:00,2025-04-07 14:03:00,2025-04-07 14:19:00,6,16,363,93,Retardé
923,AC266,2025-04-07,AC,5,YEG,YVR,2025-04-07 16:15:00,2025-04-07 16:55:00,2025-04-07 17:49:00,2025-04-07 18:24:00,40,35,809,135,Retardé
924,WS1074,2025-04-07,WS,19,YUL,CUN,2025-04-07 17:05:00,2025-04-07 17:03:00,2025-04-07 21:20:00,2025-04-07 21:11:00,-2,-9,2970,159,À l'heure
925,AC1410,2025-04-07,AC,4,YYZ,YUL,2025-04-07 18:40:00,2025-04-07 18:40:00,2025-04-07 19:46:00,2025-04-07 19:50:00,0,4,507,141,À l'heure
926,WS1284,2025-04-07,WS,17,YUL,YVR,2025-04-07 19:35:00,2025-04-07 19:43:00,2025-04-08 00:44:00,2025-04-08 00:49:00,8,5,3682,111,À l'heure
927,WS1648,2025-04-08,WS,19,YWG,YYZ,2025-04-08 09:30:00,2025-04-08 09:34:00,2025-04-08 12:00:00,2025-04-08 11:59:00,4,-1,1504,118,À l'heure
928,AC224,2025-04-08,AC,6,YVR,YYZ,2025-04-08 16:10:00,2025-04-08 16:35:00,2025-04-08 20:54:00,2025-04-08 21:23:00,25,29,3346,133,Retardé
929,DL1668,2025-04-08,DL,50,JFK,YUL,2025-04-08 17:25:00,2025-04-08 17:57:00,2025-04-08 18:44:00,2025-04-08 19:08:00,32,24,537,116,Retardé
930,F81586,2025-04-08,F8,39,YYC,YYZ,2025-04-08 18:25:00,2025-04-08 18:35:00,2025-04-08 22:23:00,2025-04-08 22:36:00,10,13,2689,110,À l'heure
931,AC547,2025-04-08,AC,15,LHR,YUL,2025-04-08 21:50:00,2025-04-08 21:51:00,2025-04-09 04:52:00,2025-04-09 04:56:00,1,4,5215,207,À l'heure
932,WS1443,2025-04-09,WS,19,YWG,YYZ,2025-04-09 07:25:00,2025-04-09 07:20:00,2025-04-09 09:48:00,2025-04-09 09:30:00,-5,-18,1504,118,À l'heure
933,AC307,2025-04-09,AC,16,LHR,YUL,2025-04-09 14:35:00,2025-04-09 14:46:00,2025-04-09 21:46:00,2025-04-09 22:05:00,11,19,5215,289,Retardé
934,PD317,2025-04-09,PD,30,YOW,YYZ,2025-04-09 14:35:00,2025-04-09 14:32:00,2025-04-09 15:38:00,2025-04-09 15:23:00,-3,-15,363,70,À l'heure
935,AC1485,2025-04-09,AC,9,YUL,LAX,2025-04-09 15:25:00,2025-04-09 15:30:00,2025-04-09 20:51:00,2025-04-09 20:51:00,5,0,3973,154,À l'heure
936,WS818,2025-04-09,WS,20,YUL,YYZ,2025-04-09 17:15:00,2025-04-09 17:32:00,2025-04-09 18:21:00,2025-04-09 18:45:00,17,24,507,147,Retardé
937,AC1491,2025-04-09,AC,7,YUL,YYC,2025-04-09 17:50:00,2025-04-09 17:50:00,2025-04-09 22:03:00,2025-04-09 22:06:00,0,3,3005,141,À l'heure
938,PD1339,2025-04-09,PD,30,YUL,YYZ,2025-04-09 20:35:00,2025-04-09 20:36:00,2025-04-09 21:47:00,2025-04-09 21:46:00,1,-1,507,53,À l'heure
939,AC673,2025-04-10,AC,6,YVR,YUL,2025-04-10 07:55:00,2025-04-10 10:55:00,2025-04-10 13:12:00,2025-04-10 16:02:00,180,170,3682,150,Retardé
940,WS991,2025-04-10,WS,19,YYC,YWG,2025-04-10 08:55:00,2025-04-10 08:54:00,2025-04-10 10:57:00,2025-04-10 11:01:00,-1,4,1191,110,À l'heure
941,WS774,2025-04-10,WS,18,YYC,YEG,2025-04-10 09:30:00,2025-04-10 09:37:00,2025-04-10 10:12:00,2025-04-10 10:08:00,7,-4,244,164,À l'heure
942,AC881,2025-04-10,AC,4,YEG,YVR,2025-04-10 10:10:00,2025-04-10 10:09:00,2025-04-10 11:43:00,2025-04-10 11:28:00,-1,-15,809,183,À l'heure
943,WS1103,2025-04-10,WS,19,CUN,YUL,2025-04-10 11:55:00,2025-04-10 11:55:00,2025-04-10 16:14:00,2025-04-10 16:23:00,0,9,2970,154,À l'heure
944,UA290,2025-04-10,UA,48,YUL,ORD,2025-04-10 14:45:00,2025-04-10 14:53:00,2025-04-10 16:41:00,2025-04-10 16:35:00,8,-6,1201,121,À l'heure
945,PD321,2025-04-10,PD,29,YYZ,YUL,2025-04-10 17:35:00,2025-04-10 17:42:00,2025-04-10 18:44:00,2025-04-10 18:50:00,7,6,507,64,À l'heure
946,AC1088,2025-04-10,AC,4,YUL,YYZ,2025-04-10 19:50:00,2025-04-10 20:04:00,2025-04-10 21:07:00,2025-04-10 21:19:00,14,12,507,153,À l'heure
947,AC825,2025-04-10,AC,11,YYZ,LHR,2025-04-10 21:45:00,2025-04-10 21:42:00,2025-04-11 05:27:00,2025-04-11 05:33:00,-3,6,5707,192,À l'heure
948,AC1529,2025-04-10,AC,13,YUL,CDG,2025-04-10 21:55:00,2025-04-10 22:11:00,2025-04-11 05:19:00,2025-04-11 05:39:00,16,20,5523,204,Retardé
949,AC1547,2025-04-11,AC,4,YHZ,YYZ,2025-04-11 07:05:00,2025-04-11 07:18:00,2025-04-11 09:22:00,2025-04-11 09:32:00,13,10,1288,152,À l'heure
950,AC1676,2025-04-11,AC,1,YQB,YUL,2025-04-11 09:20:00,2025-04-11 09:19:00,2025-04-11 10:16:00,2025-04-11 10:15:00,-1,-1,233,113,À l'heure
951,AC173,2025-04-11,AC,5,YVR,LAX,2025-04-11 14:35:00,2025-04-11 14:40:00,2025-04-11 17:21:00,2025-04-11 17:27:00,5,6,1741,173,À l'heure
952,WS643,2025-04-11,WS,20,YYZ,YVR,2025-04-11 15:30:00,2025-04-11 15:30:00,2025-04-11 20:15:00,2025-04-11 20:16:00,0,1,3346,109,À l'heure
953,WS246,2025-04-11,WS,18,YYZ,YYC,2025-04-11 15:50:00,2025-04-11 15:49:00,2025-04-11 19:46:00,2025-04-11 19:37:00,-1,-9,2689,169,À l'heure
954,AF1827,2025-04-11,AF,58,CDG,YUL,2025-04-11 18:30:00,2025-04-11 18:44:00,2025-04-12 01:58:00,2025-04-12 02:17:00,14,19,5523,286,Retardé
955,UA659,2025-04-11,UA,48,YYZ,ORD,2025-04-11 19:45:00,2025-04-11 20:35:00,2025-04-11 21:02:00,2025-04-11 22:00:00,50,58,701,125,Retardé
956,WS1483,2025-04-11,WS,18,YVR,YYC,2025-04-11 20:05:00,2025-04-11 20:02:00,2025-04-11 21:19:00,2025-04-11 21:22:00,-3,3,687,164,À l'heure
957,AC1276,2025-04-11,AC,7,YYZ,YYC,2025-04-11 20:35:00,2025-04-11 20:48:00,2025-04-12 00:30:00,2025-04-12 00:49:00,13,19,2689,127,Retardé
958,DL813,2025-04-12,DL,53,JFK,YUL,2025-04-12 06:45:00,2025-04-12 06:45:00,2025-04-12 07:47:00,2025-04-12 07:56:00,0,9,537,179,À l'heure
959,AC1659,2025-04-12,AC,7,YOW,YYZ,2025-04-12 06:45:00,2025-04-12 06:42:00,2025-04-12 07:34:00,2025-04-12 07:36:00,-3,2,363,125,À l'heure
960,PD415,2025-04-12,PD,28,YUL,YOW,2025-04-12 07:30:00,2025-04-12 07:34:00,2025-04-12 08:17:00,2025-04-12 08:30:00,4,13,151,101,À l'heure
961,UA411,2025-04-12,UA,49,ORD,YUL,2025-04-12 08:05:00,2025-04-12 08:00:00,2025-04-12 10:03:00,2025-04-12 09:57:00,-5,-6,1201,138,À l'heure
962,AC1623,2025-04-12,AC,5,YVR,YEG,2025-04-12 09:30:00,2025-04-12 13:09:00,2025-04-12 10:56:00,2025-04-12 14:45:00,219,229,809,185,Retardé
963,WS1617,2025-04-12,WS,20,YYZ,YVR,2025-04-12 12:45:00,2025-04-12 13:00:00,2025-04-12 17:23:00,2025-04-12 17:43:00,15,20,3346,169,Retardé
964,F81614,2025-04-12,F8,41,YVR,YYZ,2025-04-12 18:40:00,2025-04-12 18:36:00,2025-04-12 23:30:00,2025-04-12 23:32:00,-4,2,3346,147,À l'heure
965,AC894,2025-04-12,AC,3,YUL,JFK,2025-04-12 19:55:00,2025-04-12 19:59:00,2025-04-12 21:15:00,2025-04-12 21:08:00,4,-7,537,133,À l'heure
966,AC615,2025-04-12,AC,15,YUL,LHR,2025-04-12 20:15:00,2025-04-12 20:28:00,2025-04-13 03:25:00,2025-04-13 03:45:00,13,20,5215,226,Retardé
967,PD950,2025-04-13,PD,30,YOW,YUL,2025-04-13 09:05:00,2025-04-13 09:02:00,2025-04-13 09:54:00,2025-04-13 09:57:00,-3,3,151,62,À l'heure
968,AC590,2025-04-13,AC,1,YYZ,YOW,2025-04-13 12:15:00,2025-04-13 12:30:00,2025-04-13 13:18:00,2025-04-13 13:37:00,15,19,363,123,Retardé
969,AC837,2025-04-13,AC,3,YVR,YUL,2025-04-13 12:25:00,2025-04-13 12:31:00,2025-04-13 17:26:00,2025-04-13 17:27:00,6,1,3682,133,À l'heure
970,AC469,2025-04-13,AC,9,YUL,YVR,2025-04-13 12:35:00,2025-04-13 12:36:00,2025-04-13 17:47:00,2025-04-13 17:46:00,1,-1,3682,167,À l'heure
971,AC527,2025-04-13,AC,10,YYZ,YUL,2025-04-13 14:30:00,2025-04-13 14:28:00,2025-04-13 15:31:00,2025-04-13 15:26:00,-2,-5,507,125,À l'heure
972,WS1047,2025-04-13,WS,18,CUN,YUL,2025-04-13 18:35:00,2025-04-13 18:51:00,2025-04-13 22:46:00,2025-04-13 23:09:00,16,23,2970,147,Retardé
973,AC428,2025-04-13,AC,16,YUL,CDG,2025-04-13 19:10:00,2025-04-13 20:59:00,2025-04-14 02:42:00,2025-04-14 04:34:00,109,112,5523,185,Retardé
974,AC416,2025-04-14,AC,8,YYZ,YUL,2025-04-14 07:20:00,2025-04-14 07:22:00,2025-04-14 08:35:00,2025-04-14 08:24:00,2,-11,507,146,À l'heure
975,F81549,2025-04-14,F8,39,YWG,YYC,2025-04-14 07:20:00,2025-04-14 07:15:00,2025-04-14 09:20:00,2025-04-14 09:19:00,-5,-1,1191,138,À l'heure
976,AC1897,2025-04-14,AC,6,LAX,YUL,2025-04-14 07:30:00,2025-04-14 07:29:00,2025-04-14 13:00:00,2025-04-14 12:47:00,-1,-13,3973,189,À l'heure
977,AC389,2025-04-14,AC,2,YYZ,YOW,2025-04-14 07:30:00,2025-04-14 07:29:00,2025-04-14 08:23:00,2025-04-14 08:09:00,-1,-14,363,116,À l'heure
978,AC1570,2025-04-14,AC,9,YUL,JFK,2025-04-14 07:55:00,2025-04-14 07:59:00,2025-04-14 09:07:00,2025-04-14 08:59:00,4,-8,537,130,À l'heure
979,DL1204,2025-04-14,DL,53,JFK,YUL,2025-04-14 08:30:00,2025-04-14 08:40:00,2025-04-14 09:44:00,2025-04-14 09:47:00,10,3,537,166,À l'heure
980,PD619,2025-04-14,PD,25,YUL,YHZ,2025-04-14 09:00:00,2025-04-14 08:59:00,2025-04-14 10:33:00,2025-04-14 10:41:00,-1,8,804,93,À l'heure
981,AC1420,2025-04-14,AC,7,YYZ,YWG,2025-04-14 09:10:00,2025-04-14 09:11:00,2025-04-14 11:32:00,2025-04-14 11:34:00,1,2,1504,133,À l'heure
982,PD701,2025-04-14,PD,31,YUL,YYZ,2025-04-14 09:50:00,2025-04-14 09:50:00,2025-04-14 11:02:00,2025-04-14 11:10:00,0,8,507,62,À l'heure
983,AC952,2025-04-14,AC,1,YUL,YQB,2025-04-14 09:50:00,2025-04-14 09:48:00,2025-04-14 10:45:00,2025-04-14 10:32:00,-2,-13,233,104,À l'heure
984,PD908,2025-04-14,PD,30,YHZ,YUL,2025-04-14 13:10:00,2025-04-14 13:04:00,2025-04-14 14:45:00,2025-04-14 14:25:00,-6,-20,804,71,À l'heure
985,AC437,2025-04-14,AC,16,LHR,YYZ,2025-04-14 15:45:00,2025-04-14 15:49:00,2025-04-14 23:33:00,2025-04-14 23:28:00,4,-5,5707,232,À l'heure
986,WS1168,2025-04-14,WS,19,YYC,YYZ,2025-04-14 17:40:00,2025-04-14 17:42:00,2025-04-14 21:27:00,2025-04-14 21:34:00,2,7,2689,129,À l'heure
987,UA816,2025-04-14,UA,43,ORD,YYZ,2025-04-14 20:00:00,2025-04-14 20:02:00,2025-04-14 21:25:00,2025-04-14 21:37:00,2,12,701,143,À l'heure
988,PD1177,2025-04-15,PD,28,YYZ,YUL,2025-04-15 08:15:00,2025-04-15 10:02:00,2025-04-15 09:32:00,2025-04-15 11:21:00,107,109,507,96,Retardé
989,AC1732,2025-04-15,AC,9,YYC,YUL,2025-04-15 08:50:00,2025-04-15 08:47:00,2025-04-15 13:06:00,2025-04-15 12:59:00,-3,-7,3005,110,À l'heure
990,AC1094,2025-04-15,AC,1,YYZ,YHZ,2025-04-15 08:50:00,2025-04-15 08:47:00,2025-04-15 10:53:00,2025-04-15 10:54:00,-3,1,1288,124,À l'heure
991,AC1294,2025-04-15,AC,12,CDG,YUL,2025-04-15 09:05:00,2025-04-15 09:05:00,2025-04-15 16:41:00,2025-04-15 16:36:00,0,-5,5523,286,À l'heure
992,WS718,2025-04-15,WS,18,YUL,CUN,2025-04-15 09:55:00,2025-04-15 09:49:00,2025-04-15 14:18:00,2025-04-15 13:59:00,-6,-19,2970,141,À l'heure
993,WS989,2025-04-15,WS,17,YVR,YYZ,2025-04-15 11:35:00,2025-04-15 11:35:00,2025-04-15 16:17:00,2025-04-15 16:10:00,0,-7,3346,148,À l'heure
994,AC1506,2025-04-15,AC,9,YYC,YVR,2025-04-15 15:50:00,2025-04-15 16:00:00,2025-04-15 17:06:00,2025-04-15 17:25:00,10,19,687,158,Retardé
995,DL1789,2025-04-15,DL,52,LAX,YVR,2025-04-15 18:10:00,2025-04-15 18:27:00,2025-04-15 20:47:00,2025-04-15 20:51:00,17,4,1741,155,À l'heure
996,WS1144,2025-04-15,WS,18,YEG,YYC,2025-04-15 21:40:00,2025-04-15 23:03:00,2025-04-15 22:28:00,2025-04-15 23:57:00,83,89,244,152,Retardé
997,AC1152,2025-04-16,AC,16,LHR,YUL,2025-04-16 08:20:00,2025-04-16 12:20:00,2025-04-16 15:33:00,2025-04-16 19:27:00,240,234,5215,273,Retardé
998,UA985,2025-04-16,UA,48,ORD,YUL,2025-04-16 10:00:00,2025-04-16 10:30:00,2025-04-16 11:57:00,2025-04-16 12:31:00,30,34,1201,168,Retardé
999,TS1075,2025-04-16,TS,36,CDG,YUL,2025-04-16 10:05:00,2025-04-16 10:12:00,2025-04-16 17:44:00,2025-04-16 17:40:00,7,-4,5523,275,À l'heure
1000,WS327,2025-04-16,WS,17,YVR,YEG,2025-04-16 15:00:00,2025-04-16 14:54:00,2025-04-16 16:26:00,2025-04-16 16:10:00,-6,-16,809,165,À l'heure
1001,F8392,2025-04-16,F8,40,YVR,YUL,2025-04-16 15:10:00,2025-04-16 19:02:00,2025-04-16 20:29:00,2025-04-17 00:08:00,232,219,3682,122,Retardé
1002,F81173,2025-04-16,F8,40,YVR,YYZ,2025-04-16 16:10:00,2025-04-16 16:13:00,2025-04-16 21:02:00,2025-04-16 20:55:00,3,-7,3346,151,À l'heure
1003,WS664,2025-04-16,WS,17,YUL,YYZ,2025-04-16 17:55:00,2025-04-16 17:53:00,2025-04-16 19:02:00,2025-04-16 18:47:00,-2,-15,507,168,À l'heure
1004,AC191,2025-04-16,AC,6,YUL,ORD,2025-04-16 18:15:00,2025-04-16 18:17:00,2025-04-16 20:11:00,2025-04-16 20:01:00,2,-10,1201,140,À l'heure
1005,AC416,2025-04-16,AC,13,YUL,LHR,2025-04-16 18:45:00,2025-04-16 18:52:00,2025-04-17 01:48:00,2025-04-17 01:41:00,7,-7,5215,238,À l'heure
1006,AF859,2025-04-16,AF,60,YUL,CDG,2025-04-16 19:40:00,2025-04-16 19:38:00,2025-04-17 03:18:00,2025-04-17 03:10:00,-2,-8,5523,239,À l'heure
1007,PD1708,2025-04-16,PD,27,YUL,YOW,2025-04-16 21:10:00,2025-04-16 21:14:00,2025-04-16 21:58:00,2025-04-16 22:01:00,4,3,151,114,À l'heure
1008,DL202,2025-04-17,DL,50,LAX,YVR,2025-04-17 06:05:00,2025-04-17 06:07:00,2025-04-17 08:47:00,2025-04-17 08:49:00,2,2,1741,97,À l'heure
1009,F8364,2025-04-17,F8,39,YYZ,YVR,2025-04-17 06:15:00,2025-04-17 06:20:00,2025-04-17 11:01:00,2025-04-17 10:59:00,5,-2,3346,157,À l'heure
1010,AC336,2025-04-17,AC,6,YYZ,YUL,2025-04-17 08:50:00,2025-04-17 08:49:00,2025-04-17 09:50:00,2025-04-17 09:36:00,-1,-14,507,178,À l'heure
1011,AC255,2025-04-17,AC,14,LHR,YYZ,2025-04-17 12:40:00,2025-04-17 12:47:00,2025-04-17 20:31:00,2025-04-17 20:31:00,7,0,5707,199,À l'heure
1012,AC297,2025-04-17,AC,3,YYC,YVR,2025-04-17 13:10:00,2025-04-17 13:08:00,2025-04-17 14:38:00,2025-04-17 14:45:00,-2,7,687,132,À l'heure
1013,WS340,2025-04-17,WS,19,YYZ,YHZ,2025-04-17 14:20:00,2025-04-17 14:35:00,2025-04-17 16:29:00,2025-04-17 16:42:00,15,13,1288,163,À l'heure
1014,UA1322,2025-04-17,UA,43,YYZ,ORD,2025-04-17 14:30:00,2025-04-17 14:35:00,2025-04-17 15:49:00,2025-04-17 15:43:00,5,-6,701,159,À l'heure
1015,WS1873,2025-04-17,WS,17,YUL,YYZ,2025-04-17 14:35:00,2025-04-17 14:39:00,2025-04-17 15:47:00,2025-04-17 15:56:00,4,9,507,164,À l'heure
1016,WS860,2025-04-17,WS,18,YWG,YYZ,2025-04-17 14:45:00,2025-04-17 14:41:00,2025-04-17 17:12:00,2025-04-17 16:57:00,-4,-15,1504,136,À l'heure
1017,AC1437,2025-04-17,AC,8,JFK,YUL,2025-04-17 17:00:00,2025-04-17 17:02:00,2025-04-17 18:07:00,2025-04-17 18:12:00,2,5,537,128,À l'heure
1018,AC823,2025-04-17,AC,10,YYC,YVR,2025-04-17 18:20:00,2025-04-17 19:03:00,2025-04-17 19:51:00,2025-04-17 20:41:00,43,50,687,166,Retardé
1019,AC1086,2025-04-18,AC,3,YYZ,YOW,2025-04-18 09:35:00,2025-04-18 09:36:00,2025-04-18 10:37:00,2025-04-18 10:48:00,1,11,363,141,À l'heure
1020,AC1657,2025-04-18,AC,7,YUL,YQB,2025-04-18 13:25:00,2025-04-18 13:31:00,2025-04-18 14:13:00,2025-04-18 14:21:00,6,8,233,163,À l'heure
1021,TS762,2025-04-18,TS,33,CUN,YUL,2025-04-18 16:10:00,2025-04-18 16:06:00,2025-04-18 20:25:00,2025-04-18 20:24:00,-4,-1,2970,174,À l'heure
1022,AC1008,2025-04-18,AC,8,YOW,YYZ,2025-04-18 16:25:00,2025-04-18 16:25:00,2025-04-18 17:20:00,2025-04-18 17:06:00,0,-14,363,144,À l'heure
1023,AC683,2025-04-18,AC,1,YYC,YYZ,2025-04-18 16:55:00,2025-04-18 16:53:00,2025-04-18 20:56:00,2025-04-18 20:52:00,-2,-4,2689,112,À l'heure
1024,AC343,2025-04-18,AC,9,YUL,JFK,2025-04-18 19:15:00,2025-04-18 21:02:00,2025-04-18 20:29:00,2025-04-18 22:03:00,107,94,537,157,Retardé
1025,PD164,2025-04-18,PD,30,YQB,YUL,2025-04-18 19:55:00,2025-04-18 19:51:00,2025-04-18 20:41:00,2025-04-18 20:46:00,-4,5,233,57,À l'heure
1026,AC1908,2025-04-18,AC,11,YYZ,LHR,2025-04-18 21:20:00,2025-04-18 21:27:00,2025-04-19 05:08:00,2025-04-19 05:04:00,7,-4,5707,240,À l'heure
1027,AC1605,2025-04-19,AC,13,CDG,YUL,2025-04-19 07:25:00,2025-04-19 07:35:00,2025-04-19 14:52:00,2025-04-19 15:03:00,10,11,5523,232,À l'heure
1028,AC1191,2025-04-19,AC,7,LAX,YUL,2025-04-19 07:50:00,2025-04-19 07:50:00,2025-04-19 13:27:00,2025-04-19 13:25:00,0,-2,3973,157,À l'heure
1029,AC1963,2025-04-19,AC,6,YYZ,YYC,2025-04-19 08:30:00,2025-04-19 08:32:00,2025-04-19 12:19:00,2025-04-19 12:18:00,2,-1,2689,143,À l'heure
1030,F81581,2025-04-19,F8,41,YYC,YWG,2025-04-19 10:00:00,2025-04-19 12:18:00,2025-04-19 11:53:00,2025-04-19 14:12:00,138,139,1191,135,Retardé
1031,UA104,2025-04-19,UA,43,ORD,YYZ,2025-04-19 11:35:00,2025-04-19 11:34:00,2025-04-19 13:04:00,2025-04-19 13:13:00,-1,9,701,110,À l'heure
1032,AC329,2025-04-19,AC,9,YEG,YVR,2025-04-19 12:30:00,2025-04-19 12:33:00,2025-04-19 13:59:00,2025-04-19 14:09:00,3,10,809,114,À l'heure
1033,WS771,2025-04-19,WS,20,YHZ,YYZ,2025-04-19 13:15:00,2025-04-19 13:11:00,2025-04-19 15:19:00,2025-04-19 15:21:00,-4,2,1288,112,À l'heure
1034,AC1047,2025-04-19,AC,7,JFK,YUL,2025-04-19 13:20:00,2025-04-19 13:41:00,2025-04-19 14:35:00,2025-04-19 15:01:00,21,26,537,129,Retardé
1035,AC317,2025-04-19,AC,5,YYC,YUL,2025-04-19 14:45:00,2025-04-19 14:44:00,2025-04-19 19:05:00,2025-04-19 19:08:00,-1,3,3005,143,À l'heure
1036,PD1846,2025-04-19,PD,27,YOW,YYZ,2025-04-19 17:50:00,2025-04-19 17:50:00,2025-04-19 18:43:00,2025-04-19 18:35:00,0,-8,363,109,À l'heure
1037,F81728,2025-04-19,F8,42,YVR,YYC,2025-04-19 18:05:00,2025-04-19 17:59:00,2025-04-19 19:23:00,2025-04-19 19:26:00,-6,3,687,153,À l'heure
1038,AF1078,2025-04-19,AF,55,YUL,CDG,2025-04-19 18:10:00,2025-04-19 18:17:00,2025-04-20 01:41:00,2025-04-20 01:52:00,7,11,5523,237,À l'heure
1039,AC651,2025-04-19,AC,4,YVR,YYZ,2025-04-19 18:35:00,2025-04-19 19:00:00,2025-04-19 23:17:00,2025-04-19 23:50:00,25,33,3346,157,Retardé
1040,WS1144,2025-04-19,WS,20,YUL,YYZ,2025-04-19 21:00:00,2025-04-19 21:34:00,2025-04-19 22:18:00,2025-04-19 22:44:00,34,26,507,146,Retardé
1041,TS1706,2025-04-20,TS,33,YUL,CUN,2025-04-20 08:55:00,2025-04-20 08:56:00,2025-04-20 13:14:00,2025-04-20 13:08:00,1,-6,2970,136,À l'heure
1042,AC814,2025-04-20,AC,5,YUL,CUN,2025-04-20 14:30:00,2025-04-20 14:40:00,2025-04-20 18:49:00,2025-04-20 18:49:00,10,0,2970,125,À l'heure
1043,WS725,2025-04-20,WS,18,CUN,YUL,2025-04-20 20:50:00,2025-04-20 21:05:00,2025-04-21 00:59:00,2025-04-21 01:12:00,15,13,2970,108,À l'heure
1044,AC1426,2025-04-20,AC,9,YUL,JFK,2025-04-20 21:05:00,2025-04-20 21:10:00,2025-04-20 22:17:00,2025-04-20 22:23:00,5,6,537,166,À l'heure
1045,WS921,2025-04-20,WS,19,YUL,YYC,2025-04-20 21:50:00,2025-04-20 21:48:00,2025-04-21 02:17:00,2025-04-21 02:05:00,-2,-12,3005,122,À l'heure
1046,AC753,2025-04-21,AC,3,YUL,YYZ,2025-04-21 10:05:00,2025-04-21 11:50:00,2025-04-21 11:18:00,2025-04-21 12:52:00,105,94,507,162,Retardé
1047,PD774,2025-04-21,PD,31,YUL,YHZ,2025-04-21 10:10:00,2025-04-21 10:09:00,2025-04-21 11:33:00,2025-04-21 11:32:00,-1,-1,804,66,À l'heure
1048,WS1536,2025-04-21,WS,20,YYC,YEG,2025-04-21 11:05:00,2025-04-21 11:07:00,2025-04-21 11:47:00,2025-04-21 11:58:00,2,11,244,148,À l'heure
1049,WS1069,2025-04-21,WS,18,YUL,YVR,2025-04-21 11:15:00,2025-04-21 12:06:00,2025-04-21 16:25:00,2025-04-21 17:24:00,51,59,3682,119,Retardé
1050,AC640,2025-04-21,AC,10,YHZ,YUL,2025-04-21 13:45:00,2025-04-21 13:45:00,2025-04-21 15:16:00,2025-04-21 15:05:00,0,-11,804,136,À l'heure
1051,WS1239,2025-04-21,WS,19,YYZ,YUL,2025-04-21 14:00:00,2025-04-21 13:57:00,2025-04-21 15:01:00,2025-04-21 14:57:00,-3,-4,507,138,À l'heure
1052,WS1038,2025-04-21,WS,19,YYZ,YYC,2025-04-21 17:35:00,2025-04-21 17:41:00,2025-04-21 21:24:00,2025-04-21 21:37:00,6,13,2689,127,À l'heure
1053,F8186,2025-04-21,F8,40,YYC,YYZ,2025-04-21 17:40:00,2025-04-21 17:38:00,2025-04-21 21:29:00,2025-04-21 21:15:00,-2,-14,2689,121,À l'heure
1054,F81895,2025-04-21,F8,41,YWG,YYC,2025-04-21 19:05:00,2025-04-21 19:10:00,2025-04-21 21:08:00,2025-04-21 21:06:00,5,-2,1191,132,À l'heure
1055,WS1031,2025-04-21,WS,20,YEG,YYC,2025-04-21 21:00:00,2025-04-21 21:00:00,2025-04-21 21:40:00,2025-04-21 21:41:00,0,1,244,113,À l'heure
1056,AC775,2025-04-21,AC,6,YYZ,YWG,2025-04-21 21:50:00,2025-04-21 21:52:00,2025-04-22 00:18:00,2025-04-22 00:19:00,2,1,1504,166,À l'heure
1057,PD107,2025-04-22,PD,28,YOW,YUL,2025-04-22 08:00:00,2025-04-22 08:04:00,2025-04-22 08:47:00,2025-04-22 08:50:00,4,3,151,85,À l'heure
1058,PD707,2025-04-22,PD,31,YYZ,YUL,2025-04-22 08:25:00,2025-04-22 08:24:00,2025-04-22 09:27:00,2025-04-22 09:36:00,-1,9,507,48,À l'heure
1059,F81458,2025-04-22,F8,39,YYZ,YVR,2025-04-22 11:35:00,2025-04-22 11:41:00,2025-04-22 16:26:00,2025-04-22 16:38:00,6,12,3346,144,À l'heure
1060,AC878,2025-04-22,AC,6,YYZ,YUL,2025-04-22 12:50:00,2025-04-22 12:51:00,2025-04-22 14:08:00,2025-04-22 13:57:00,1,-11,507,179,À l'heure
1061,DL1537,2025-04-22,DL,51,YVR,LAX,2025-04-22 13:55:00,2025-04-22 13:59:00,2025-04-22 16:33:00,2025-04-22 16:26:00,4,-7,1741,92,À l'heure
1062,WS1627,2025-04-22,WS,19,YVR,YYC,2025-04-22 18:55:00,2025-04-22 20:01:00,2025-04-22 20:10:00,2025-04-22 21:24:00,66,74,687,140,Retardé
1063,AC1833,2025-04-22,AC,8,YUL,LAX,2025-04-22 19:10:00,2025-04-22 19:42:00,2025-04-23 00:44:00,2025-04-23 01:14:00,32,30,3973,154,Retardé
1064,PD1257,2025-04-23,PD,25,YUL,YOW,2025-04-23 10:20:00,2025-04-23 14:15:00,2025-04-23 11:02:00,2025-04-23 15:01:00,235,239,151,121,Retardé
1065,AF697,2025-04-23,AF,57,CDG,YUL,2025-04-23 11:40:00,2025-04-23 11:40:00,2025-04-23 19:08:00,2025-04-23 19:09:00,0,1,5523,248,À l'heure
1066,WS1132,2025-04-23,WS,19,YEG,YYC,2025-04-23 16:15:00,2025-04-23 16:27:00,2025-04-23 17:03:00,2025-04-23 17:08:00,12,5,244,137,À l'heure
1067,AC369,2025-04-23,AC,15,YUL,LHR,2025-04-23 17:05:00,2025-04-23 17:22:00,2025-04-24 00:09:00,2025-04-24 00:26:00,17,17,5215,290,Retardé
1068,TS607,2025-04-23,TS,36,YUL,CDG,2025-04-23 17:40:00,2025-04-23 17:50:00,2025-04-24 01:06:00,2025-04-24 01:26:00,10,20,5523,280,Retardé
1069,F81092,2025-04-23,F8,42,YVR,YYZ,2025-04-23 18:00:00,2025-04-23 17:57:00,2025-04-23 22:40:00,2025-04-23 22:27:00,-3,-13,3346,113,À l'heure
1070,AC1757,2025-04-23,AC,1,YUL,YYC,2025-04-23 19:00:00,2025-04-23 19:00:00,2025-04-23 23:19:00,2025-04-23 23:26:00,0,7,3005,116,À l'heure
1071,PD844,2025-04-23,PD,30,YYZ,YOW,2025-04-23 19:50:00,2025-04-23 20:06:00,2025-04-23 20:53:00,2025-04-23 21:08:00,16,15,363,67,À l'heure
1072,F8999,2025-04-23,F8,40,YVR,YUL,2025-04-23 21:25:00,2025-04-23 21:36:00,2025-04-24 02:40:00,2025-04-24 02:44:00,11,4,3682,157,À l'heure
1073,AC1905,2025-04-24,AC,7,YVR,YYC,2025-04-24 11:30:00,2025-04-24 14:04:00,2025-04-24 13:00:00,2025-04-24 15:23:00,154,143,687,125,Retardé
1074,PD1512,2025-04-24,PD,29,YYZ,YUL,2025-04-24 13:00:00,2025-04-24 13:13:00,2025-04-24 14:04:00,2025-04-24 14:14:00,13,10,507,72,À l'heure
1075,AC684,2025-04-24,AC,8,YVR,LAX,2025-04-24 13:35:00,2025-04-24 13:35:00,2025-04-24 16:24:00,2025-04-24 16:21:00,0,-3,1741,158,À l'heure
1076,WS1211,2025-04-24,WS,19,YWG,YYC,2025-04-24 14:25:00,2025-04-24 14:39:00,2025-04-24 16:35:00,2025-04-24 16:53:00,14,18,1191,155,Retardé
1077,PD775,2025-04-24,PD,27,YOW,YUL,2025-04-24 14:45:00,2025-04-24 14:46:00,2025-04-24 15:31:00,2025-04-24 15:37:00,1,6,151,109,À l'heure
1078,AC1177,2025-04-24,AC,3,YUL,LAX,2025-04-24 14:50:00,2025-04-24 15:00:00,2025-04-24 20:26:00,2025-04-24 20:35:00,10,9,3973,164,À l'heure
1079,AC1936,2025-04-24,AC,10,YYZ,YVR,2025-04-24 16:10:00,2025-04-24 16:24:00,2025-04-24 20:50:00,2025-04-24 21:10:00,14,20,3346,134,Retardé
1080,PD398,2025-04-24,PD,27,YUL,YYZ,2025-04-24 18:55:00,2025-04-24 18:52:00,2025-04-24 20:12:00,2025-04-24 20:10:00,-3,-2,507,123,À l'heure
1081,AC537,2025-04-24,AC,2,YUL,YVR,2025-04-24 20:15:00,2025-04-24 20:33:00,2025-04-25 01:19:00,2025-04-25 01:43:00,18,24,3682,118,Retardé
1082,AC543,2025-04-24,AC,3,YUL,JFK,2025-04-24 20:15:00,2025-04-24 20:28:00,2025-04-24 21:23:00,2025-04-24 21:37:00,13,14,537,158,À l'heure
1083,WS914,2025-04-24,WS,17,YUL,YYZ,2025-04-24 21:45:00,2025-04-24 21:56:00,2025-04-24 22:47:00,2025-04-24 23:07:00,11,20,507,112,Retardé
1084,PD1633,2025-04-25,PD,26,YYZ,YUL,2025-04-25 07:40:00,2025-04-25 08:05:00,2025-04-25 08:48:00,2025-04-25 09:06:00,25,18,507,107,Retardé
1085,F8262,2025-04-25,F8,40,YYC,YYZ,2025-04-25 08:10:00,2025-04-25 08:12:00,2025-04-25 12:04:00,2025-04-25 12:06:00,2,2,2689,161,À l'heure
1086,WS1866,2025-04-25,WS,19,YYC,YYZ,2025-04-25 09:05:00,2025-04-25 09:22:00,2025-04-25 13:00:00,2025-04-25 13:03:00,17,3,2689,158,À l'heure
1087,PD366,2025-04-25,PD,30,YOW,YYZ,2025-04-25 10:15:00,2025-04-25 14:07:00,2025-04-25 11:13:00,2025-04-25 15:12:00,232,239,363,56,Retardé
1088,WS1453,2025-04-25,WS,18,YEG,YVR,2025-04-25 15:30:00,2025-04-25 15:33:00,2025-04-25 17:04:00,2025-04-25 17:08:00,3,4,809,133,À l'heure
1089,WS1321,2025-04-25,WS,20,YYZ,YWG,2025-04-25 17:00:00,2025-04-25 17:03:00,2025-04-25 19:28:00,2025-04-25 19:36:00,3,8,1504,145,À l'heure
1090,AC1321,2025-04-25,AC,14,YYZ,LHR,2025-04-25 17:00:00,2025-04-25 17:03:00,2025-04-26 00:52:00,2025-04-26 00:47:00,3,-5,5707,244,À l'heure
1091,AC549,2025-04-25,AC,6,YUL,CUN,2025-04-25 18:30:00,2025-04-25 18:43:00,2025-04-25 22:40:00,2025-04-25 23:00:00,13,20,2970,148,Retardé
1092,WS1083,2025-04-25,WS,19,YWG,YYZ,2025-04-25 21:20:00,2025-04-25 21:22:00,2025-04-25 23:46:00,2025-04-25 23:38:00,2,-8,1504,118,À l'heure
1093,AC1881,2025-04-26,AC,10,YYC,YVR,2025-04-26 07:20:00,2025-04-26 07:21:00,2025-04-26 08:40:00,2025-04-26 08:49:00,1,9,687,125,À l'heure
1094,AC1870,2025-04-26,AC,2,YYZ,YVR,2025-04-26 08:00:00,2025-04-26 08:02:00,2025-04-26 12:51:00,2025-04-26 12:50:00,2,-1,3346,134,À l'heure
1095,AC1509,2025-04-26,AC,4,ORD,YUL,2025-04-26 14:35:00,2025-04-26 14:30:00,2025-04-26 16:36:00,2025-04-26 16:29:00,-5,-7,1201,164,À l'heure
1096,PD639,2025-04-26,PD,30,YYZ,YUL,2025-04-26 15:25:00,2025-04-26 15:27:00,2025-04-26 16:38:00,2025-04-26 16:30:00,2,-8,507,59,À l'heure
1097,WS596,2025-04-26,WS,17,YYC,YVR,2025-04-26 15:40:00,2025-04-26 15:41:00,2025-04-26 16:56:00,2025-04-26 17:06:00,1,10,687,142,À l'heure
1098,AC997,2025-04-26,AC,4,JFK,YUL,2025-04-26 15:55:00,2025-04-26 16:08:00,2025-04-26 17:02:00,2025-04-26 17:10:00,13,8,537,160,À l'heure
1099,WS1452,2025-04-26,WS,18,YYZ,YYC,2025-04-26 17:30:00,2025-04-26 17:33:00,2025-04-26 21:24:00,2025-04-26 21:20:00,3,-4,2689,145,À l'heure
1100,AC1371,2025-04-26,AC,14,LHR,YUL,2025-04-26 17:45:00,2025-04-26 17:48:00,2025-04-27 00:46:00,2025-04-27 00:41:00,3,-5,5215,253,À l'heure
1101,AC1585,2025-04-26,AC,2,LAX,YVR,2025-04-26 18:05:00,2025-04-26 18:09:00,2025-04-26 20:57:00,2025-04-26 20:58:00,4,1,1741,132,À l'heure
1102,UA850,2025-04-26,UA,43,YYZ,ORD,2025-04-26 21:10:00,2025-04-26 21:07:00,2025-04-26 22:37:00,2025-04-26 22:44:00,-3,7,701,118,À l'heure
1103,PD1150,2025-04-26,PD,26,YQB,YUL,2025-04-26 21:30:00,2025-04-26 21:58:00,2025-04-26 22:11:00,2025-04-26 22:26:00,28,15,233,124,À l'heure
1104,UA1278,2025-04-27,UA,48,ORD,YYZ,2025-04-27 07:05:00,2025-04-27 07:05:00,2025-04-27 08:33:00,2025-04-27 08:29:00,0,-4,701,121,À l'heure
1105,AC950,2025-04-27,AC,1,YHZ,YYZ,2025-04-27 08:05:00,2025-04-27 08:10:00,2025-04-27 10:19:00,2025-04-27 10:17:00,5,-2,1288,131,À l'heure
1106,AC1086,2025-04-27,AC,10,YUL,CUN,2025-04-27 08:30:00,2025-04-27 08:31:00,2025-04-27 12:39:00,2025-04-27 12:37:00,1,-2,2970,122,À l'heure
1107,AC1009,2025-04-27,AC,6,LAX,YUL,2025-04-27 08:40:00,2025-04-27 08:40:00,2025-04-27 14:06:00,2025-04-27 13:55:00,0,-11,3973,155,À l'heure
1108,AC986,2025-04-27,AC,7,CUN,YUL,2025-04-27 11:00:00,2025-04-27 11:01:00,2025-04-27 15:12:00,2025-04-27 15:09:00,1,-3,2970,127,À l'heure
1109,AC1091,2025-04-27,AC,9,YUL,YQB,2025-04-27 12:15:00,2025-04-27 13:00:00,2025-04-27 13:01:00,2025-04-27 13:53:00,45,52,233,143,Retardé
1110,WS577,2025-04-27,WS,17,YYC,YEG,2025-04-27 13:40:00,2025-04-27 14:09:00,2025-04-27 14:38:00,2025-04-27 15:04:00,29,26,244,110,Retardé
1111,AC1820,2025-04-27,AC,12,LHR,YYZ,2025-04-27 15:30:00,2025-04-27 15:34:00,2025-04-27 23:05:00,2025-04-27 23:15:00,4,10,5707,250,À l'heure
1112,DL1167,2025-04-27,DL,51,YUL,JFK,2025-04-27 19:20:00,2025-04-27 20:04:00,2025-04-27 20:22:00,2025-04-27 21:12:00,44,50,537,101,Retardé
1113,PD1223,2025-04-28,PD,31,YUL,YYZ,2025-04-28 08:10:00,2025-04-28 08:18:00,2025-04-28 09:21:00,2025-04-28 09:34:00,8,13,507,58,À l'heure
1114,PD1125,2025-04-28,PD,31,YHZ,YUL,2025-04-28 15:25:00,2025-04-28 15:25:00,2025-04-28 16:49:00,2025-04-28 16:56:00,0,7,804,51,À l'heure
1115,AC647,2025-04-28,AC,8,YUL,YVR,2025-04-28 18:05:00,2025-04-28 18:00:00,2025-04-28 23:06:00,2025-04-28 22:50:00,-5,-16,3682,134,À l'heure
1116,AC1720,2025-04-28,AC,16,CDG,YUL,2025-04-28 18:30:00,2025-04-28 18:37:00,2025-04-29 02:02:00,2025-04-29 02:18:00,7,16,5523,245,Retardé
1117,AF370,2025-04-28,AF,60,YUL,CDG,2025-04-28 18:40:00,2025-04-28 19:31:00,2025-04-29 02:10:00,2025-04-29 02:58:00,51,48,5523,276,Retardé
1118,F8663,2025-04-29,F8,42,YVR,YYZ,2025-04-29 07:40:00,2025-04-29 07:43:00,2025-04-29 12:33:00,2025-04-29 12:32:00,3,-1,3346,154,À l'heure
1119,UA596,2025-04-29,UA,45,YUL,ORD,2025-04-29 12:05:00,2025-04-29 12:35:00,2025-04-29 14:11:00,2025-04-29 14:31:00,30,20,1201,116,Retardé
1120,F81922,2025-04-29,F8,40,YYC,YWG,2025-04-29 12:45:00,2025-04-29 12:44:00,2025-04-29 14:40:00,2025-04-29 14:36:00,-1,-4,1191,148,À l'heure
1121,PD624,2025-04-29,PD,28,YUL,YHZ,2025-04-29 13:05:00,2025-04-29 13:05:00,2025-04-29 14:40:00,2025-04-29 14:28:00,0,-12,804,101,À l'heure
1122,AC503,2025-04-29,AC,1,YYZ,YOW,2025-04-29 13:05:00,2025-04-29 13:07:00,2025-04-29 14:12:00,2025-04-29 14:11:00,2,-1,363,106,À l'heure
1123,AC1781,2025-04-29,AC,4,YYC,YUL,2025-04-29 17:35:00,2025-04-29 17:55:00,2025-04-29 21:58:00,2025-04-29 22:22:00,20,24,3005,177,Retardé
1124,PD305,2025-04-29,PD,26,YOW,YYZ,2025-04-29 17:50:00,2025-04-29 17:56:00,2025-04-29 18:39:00,2025-04-29 18:35:00,6,-4,363,121,À l'heure
1125,WS1185,2025-04-29,WS,18,YYZ,YHZ,2025-04-29 18:30:00,2025-04-29 18:36:00,2025-04-29 20:32:00,2025-04-29 20:37:00,6,5,1288,156,À l'heure
1126,WS1238,2025-04-29,WS,20,YVR,YEG,2025-04-29 20:20:00,2025-04-29 20:38:00,2025-04-29 21:46:00,2025-04-29 22:03:00,18,17,809,158,Retardé
1127,DL1648,2025-04-29,DL,51,JFK,YUL,2025-04-29 20:30:00,2025-04-29 21:00:00,2025-04-29 21:41:00,2025-04-29 22:07:00,30,26,537,91,Retardé
1128,WS1830,2025-04-30,WS,19,YEG,YYC,2025-04-30 07:10:00,2025-04-30 07:10:00,2025-04-30 07:51:00,2025-04-30 07:43:00,0,-8,244,160,À l'heure
1129,AC646,2025-04-30,AC,7,YYC,YUL,2025-04-30 11:00:00,,2025-04-30 15:13:00,,,,3005,,Annulé
1130,WS782,2025-04-30,WS,18,YUL,YVR,2025-04-30 11:55:00,2025-04-30 11:53:00,2025-04-30 17:02:00,2025-04-30 16:51:00,-2,-11,3682,111,À l'heure
1131,AC500,2025-04-30,AC,10,YUL,CUN,2025-04-30 13:05:00,2025-04-30 13:16:00,2025-04-30 17:15:00,2025-04-30 17:23:00,11,8,2970,151,À l'heure
1132,WS1705,2025-04-30,WS,20,YYZ,YVR,2025-04-30 13:20:00,2025-04-30 13:18:00,2025-04-30 17:56:00,2025-04-30 17:57:00,-2,1,3346,143,À l'heure
1133,AC1786,2025-04-30,AC,7,YVR,YEG,2025-04-30 13:35:00,2025-04-30 13:43:00,2025-04-30 14:59:00,2025-04-30 15:01:00,8,2,809,167,À l'heure
1134,UA1214,2025-04-30,UA,46,YUL,ORD,2025-04-30 13:45:00,2025-04-30 13:49:00,2025-04-30 15:39:00,2025-04-30 15:39:00,4,0,1201,170,À l'heure
1135,AC1778,2025-04-30,AC,7,YUL,YYZ,2025-04-30 13:50:00,2025-04-30 15:26:00,2025-04-30 15:07:00,2025-04-30 16:53:00,96,106,507,147,Retardé
1136,F8282,2025-04-30,F8,41,YWG,YYC,2025-04-30 14:10:00,2025-04-30 14:14:00,2025-04-30 16:19:00,2025-04-30 16:17:00,4,-2,1191,115,À l'heure
1137,DL891,2025-04-30,DL,50,JFK,YUL,2025-04-30 14:30:00,2025-04-30 14:32:00,2025-04-30 15:47:00,2025-04-30 15:48:00,2,1,537,112,À l'heure
1138,AC1305,2025-04-30,AC,2,YUL,YVR,2025-04-30 19:25:00,2025-04-30 23:05:00,2025-05-01 00:27:00,2025-05-01 03:56:00,220,209,3682,133,Retardé
1139,AC250,2025-05-01,AC,3,YOW,YYZ,2025-05-01 06:40:00,2025-05-01 06:43:00,2025-05-01 07:47:00,2025-05-01 07:43:00,3,-4,363,157,À l'heure
1140,PD1208,2025-05-01,PD,26,YQB,YUL,2025-05-01 06:55:00,2025-05-01 06:57:00,2025-05-01 07:42:00,2025-05-01 07:38:00,2,-4,233,115,À l'heure
1141,AC275,2025-05-01,AC,1,YUL,JFK,2025-05-01 07:25:00,2025-05-01 07:25:00,2025-05-01 08:39:00,2025-05-01 08:49:00,0,10,537,96,À l'heure
1142,AC1801,2025-05-01,AC,1,YYC,YYZ,2025-05-01 07:30:00,2025-05-01 07:30:00,2025-05-01 11:34:00,2025-05-01 11:28:00,0,-6,2689,99,À l'heure
1143,AC1308,2025-05-01,AC,2,YHZ,YUL,2025-05-01 12:10:00,2025-05-01 12:11:00,2025-05-01 13:40:00,2025-05-01 13:34:00,1,-6,804,86,À l'heure
1144,AC657,2025-05-01,AC,15,LHR,YYZ,2025-05-01 14:20:00,2025-05-01 14:14:00,2025-05-01 21:55:00,2025-05-01 21:42:00,-6,-13,5707,268,À l'heure
1145,UA1087,2025-05-01,UA,47,YYZ,ORD,2025-05-01 17:15:00,2025-05-01 17:18:00,2025-05-01 18:48:00,2025-05-01 18:55:00,3,7,701,159,À l'heure
1146,AC191,2025-05-01,AC,4,YYZ,YOW,2025-05-01 21:05:00,2025-05-01 21:10:00,2025-05-01 22:03:00,2025-05-01 21:58:00,5,-5,363,171,À l'heure
1147,UA1513,2025-05-02,UA,43,ORD,YYZ,2025-05-02 06:40:00,2025-05-02 08:46:00,2025-05-02 08:11:00,2025-05-02 10:05:00,126,114,701,167,Retardé
1148,AC1694,2025-05-02,AC,1,YUL,CUN,2025-05-02 08:10:00,2025-05-02 08:16:00,2025-05-02 12:30:00,2025-05-02 12:31:00,6,1,2970,110,À l'heure
1149,AC1381,2025-05-02,AC,2,YVR,YUL,2025-05-02 08:55:00,2025-05-02 08:53:00,2025-05-02 14:03:00,2025-05-02 13:58:00,-2,-5,3682,115,À l'heure
1150,TS551,2025-05-02,TS,35,CUN,YUL,2025-05-02 09:25:00,2025-05-02 09:26:00,2025-05-02 13:32:00,2025-05-02 13:31:00,1,-1,2970,124,À l'heure
1151,F8539,2025-05-02,F8,42,YYZ,YYC,2025-05-02 10:50:00,2025-05-02 10:50:00,2025-05-02 14:52:00,2025-05-02 14:58:00,0,6,2689,124,À l'heure
1152,WS1057,2025-05-02,WS,20,YYC,YYZ,2025-05-02 11:15:00,2025-05-02 11:10:00,2025-05-02 15:05:00,2025-05-02 15:03:00,-5,-2,2689,127,À l'heure
1153,AC1204,2025-05-02,AC,9,YYZ,YWG,2025-05-02 12:15:00,2025-05-02 12:17:00,2025-05-02 14:39:00,2025-05-02 14:38:00,2,-1,1504,118,À l'heure
1154,AC1390,2025-05-02,AC,9,YUL,YYZ,2025-05-02 15:10:00,2025-05-02 15:09:00,2025-05-02 16:18:00,2025-05-02 16:06:00,-1,-12,507,162,À l'heure
1155,WS1246,2025-05-02,WS,20,YYZ,YHZ,2025-05-02 15:30:00,2025-05-02 15:31:00,2025-05-02 17:41:00,2025-05-02 17:41:00,1,0,1288,143,À l'heure
1156,DL1152,2025-05-02,DL,53,LAX,YVR,2025-05-02 17:25:00,2025-05-02 20:41:00,2025-05-02 20:07:00,2025-05-02 23:24:00,196,197,1741,122,Retardé
1157,WS1645,2025-05-02,WS,17,YEG,YVR,2025-05-02 17:30:00,2025-05-02 17:40:00,2025-05-02 18:55:00,2025-05-02 19:02:00,10,7,809,147,À l'heure
1158,TS1093,2025-05-02,TS,36,CDG,YUL,2025-05-02 18:00:00,2025-05-02 18:18:00,2025-05-03 01:37:00,2025-05-03 01:49:00,18,12,5523,203,À l'heure
1159,AC159,2025-05-02,AC,15,YUL,LHR,2025-05-02 21:55:00,2025-05-02 22:28:00,2025-05-03 04:54:00,2025-05-03 05:37:00,33,43,5215,216,Retardé
1160,PD431,2025-05-03,PD,26,YOW,YUL,2025-05-03 08:15:00,2025-05-03 08:17:00,2025-05-03 08:51:00,2025-05-03 08:56:00,2,5,151,98,À l'heure
1161,AC1739,2025-05-03,AC,1,YYZ,YUL,2025-05-03 09:50:00,2025-05-03 09:59:00,2025-05-03 10:52:00,2025-05-03 10:50:00,9,-2,507,120,À l'heure
1162,AC466,2025-05-03,AC,15,LHR,YUL,2025-05-03 10:35:00,2025-05-03 10:36:00,2025-05-03 17:35:00,2025-05-03 17:26:00,1,-9,5215,218,À l'heure
1163,WS1587,2025-05-03,WS,18,YYC,YEG,2025-05-03 12:20:00,2025-05-03 12:22:00,2025-05-03 13:04:00,2025-05-03 13:09:00,2,5,244,130,À l'heure
1164,PD372,2025-05-03,PD,29,YYZ,YUL,2025-05-03 14:15:00,2025-05-03 14:12:00,2025-05-03 15:32:00,2025-05-03 15:22:00,-3,-10,507,54,À l'heure
1165,WS717,2025-05-03,WS,20,YVR,YUL,2025-05-03 15:00:00,2025-05-03 15:07:00,2025-05-03 20:13:00,2025-05-03 20:20:00,7,7,3682,124,À l'heure
1166,AC1735,2025-05-03,AC,7,YYZ,YUL,2025-05-03 16:05:00,2025-05-03 16:12:00,2025-05-03 17:05:00,2025-05-03 17:13:00,7,8,507,138,À l'heure
1167,PD1667,2025-05-03,PD,31,YUL,YOW,2025-05-03 17:55:00,2025-05-03 17:59:00,2025-05-03 18:37:00,2025-05-03 18:34:00,4,-3,151,75,À l'heure
1168,PD1924,2025-05-03,PD,30,YUL,YHZ,2025-05-03 21:35:00,2025-05-03 21:35:00,2025-05-03 23:01:00,2025-05-03 23:00:00,0,-1,804,57,À l'heure
1169,WS449,2025-05-04,WS,18,CUN,YUL,2025-05-04 06:45:00,2025-05-04 06:56:00,2025-05-04 11:04:00,2025-05-04 11:20:00,11,16,2970,148,Retardé
1170,WS1450,2025-05-04,WS,20,YVR,YYZ,2025-05-04 07:45:00,2025-05-04 08:04:00,2025-05-04 12:35:00,2025-05-04 12:40:00,19,5,3346,163,À l'heure
1171,PD641,2025-05-04,PD,27,YYZ,YOW,2025-05-04 10:55:00,2025-05-04 11:13:00,2025-05-04 11:44:00,2025-05-04 12:09:00,18,25,363,95,Retardé
1172,F81869,2025-05-04,F8,39,YYZ,YYC,2025-05-04 12:50:00,2025-05-04 12:46:00,2025-05-04 16:36:00,2025-05-04 16:41:00,-4,5,2689,112,À l'heure
1173,AC951,2025-05-04,AC,1,YUL,LAX,2025-05-04 16:00:00,2025-05-04 15:59:00,2025-05-04 21:30:00,2025-05-04 21:31:00,-1,1,3973,100,À l'heure
1174,AC1511,2025-05-04,AC,7,YHZ,YYZ,2025-05-04 16:05:00,2025-05-04 16:15:00,2025-05-04 18:04:00,2025-05-04 18:05:00,10,1,1288,130,À l'heure
1175,AC1959,2025-05-04,AC,8,JFK,YUL,2025-05-04 17:15:00,2025-05-04 17:49:00,2025-05-04 18:26:00,2025-05-04 18:52:00,34,26,537,164,Retardé
1176,AC407,2025-05-04,AC,12,YUL,CDG,2025-05-04 18:10:00,2025-05-04 18:06:00,2025-05-05 01:40:00,2025-05-05 01:30:00,-4,-10,5523,210,À l'heure
1177,AC646,2025-05-04,AC,15,YYZ,LHR,2025-05-04 19:00:00,2025-05-04 19:14:00,2025-05-05 02:46:00,2025-05-05 02:50:00,14,4,5707,238,À l'heure
1178,F8703,2025-05-04,F8,42,YYC,YWG,2025-05-04 19:15:00,2025-05-04 19:27:00,2025-05-04 21:07:00,2025-05-04 21:19:00,12,12,1191,169,À l'heure
1179,AC1596,2025-05-04,AC,11,CDG,YUL,2025-05-04 20:15:00,2025-05-04 20:25:00,2025-05-05 03:36:00,2025-05-05 03:35:00,10,-1,5523,246,À l'heure
1180,F8752,2025-05-04,F8,41,YYC,YVR,2025-05-04 21:20:00,2025-05-04 21:35:00,2025-05-04 22:41:00,2025-05-04 22:43:00,15,2,687,165,À l'heure
1181,AC1709,2025-05-04,AC,6,ORD,YUL,2025-05-04 21:45:00,2025-05-04 21:51:00,2025-05-04 23:53:00,2025-05-05 00:02:00,6,9,1201,179,À l'heure
1182,DL756,2025-05-05,DL,54,YVR,LAX,2025-05-05 07:10:00,2025-05-05 07:09:00,2025-05-05 09:50:00,2025-05-05 09:57:00,-1,7,1741,189,À l'heure
1183,AC1852,2025-05-05,AC,4,YWG,YYZ,2025-05-05 08:40:00,2025-05-05 08:36:00,2025-05-05 11:12:00,2025-05-05 11:15:00,-4,3,1504,181,À l'heure
1184,PD1132,2025-05-05,PD,28,YOW,YYZ,2025-05-05 11:10:00,2025-05-05 11:13:00,2025-05-05 12:05:00,2025-05-05 11:57:00,3,-8,363,93,À l'heure
1185,AC1688,2025-05-05,AC,1,YUL,YYZ,2025-05-05 12:15:00,2025-05-05 12:33:00,2025-05-05 13:17:00,2025-05-05 13:40:00,18,23,507,97,Retardé
1186,F8428,2025-05-05,F8,39,YVR,YYC,2025-05-05 17:20:00,2025-05-05 17:24:00,2025-05-05 18:39:00,2025-05-05 18:30:00,4,-9,687,155,À l'heure
1187,WS645,2025-05-05,WS,20,YUL,YYZ,2025-05-05 17:45:00,2025-05-05 18:43:00,2025-05-05 18:59:00,2025-05-05 19:44:00,58,45,507,134,Retardé
1188,AC101,2025-05-05,AC,5,YUL,YQB,2025-05-05 18:45:00,2025-05-05 19:27:00,2025-05-05 19:35:00,2025-05-05 20:26:00,42,51,233,126,Retardé
1189,AC1247,2025-05-05,AC,15,YUL,CDG,2025-05-05 21:40:00,2025-05-05 21:41:00,2025-05-06 05:06:00,2025-05-06 04:57:00,1,-9,5523,204,À l'heure
1190,F8369,2025-05-06,F8,40,YYZ,YVR,2025-05-06 06:40:00,2025-05-06 06:42:00,2025-05-06 11:25:00,2025-05-06 11:26:00,2,1,3346,138,À l'heure
1191,F81871,2025-05-06,F8,39,YVR,YYZ,2025-05-06 11:20:00,2025-05-06 12:01:00,2025-05-06 15:56:00,2025-05-06 16:23:00,41,27,3346,137,Retardé
1192,AC1635,2025-05-06,AC,4,YUL,YYC,2025-05-06 12:20:00,2025-05-06 12:23:00,2025-05-06 16:45:00,2025-05-06 16:53:00,3,8,3005,181,À l'heure
1193,AC857,2025-05-06,AC,2,YYC,YVR,2025-05-06 14:05:00,2025-05-06 14:11:00,2025-05-06 15:19:00,2025-05-06 15:14:00,6,-5,687,104,À l'heure
1194,AC136,2025-05-06,AC,4,YYZ,YUL,2025-05-06 16:40:00,2025-05-06 16:41:00,2025-05-06 17:53:00,2025-05-06 17:57:00,1,4,507,158,À l'heure
1195,AC1921,2025-05-06,AC,7,LAX,YUL,2025-05-06 19:10:00,2025-05-06 19:14:00,2025-05-07 00:39:00,2025-05-07 00:37:00,4,-2,3973,127,À l'heure
1196,AC1169,2025-05-07,AC,7,YYZ,YVR,2025-05-07 06:00:00,2025-05-07 06:02:00,2025-05-07 10:37:00,2025-05-07 10:47:00,2,10,3346,109,À l'heure
1197,WS1298,2025-05-07,WS,18,YYC,YUL,2025-05-07 07:00:00,2025-05-07 06:59:00,2025-05-07 11:23:00,2025-05-07 11:08:00,-1,-15,3005,143,À l'heure
1198,WS678,2025-05-07,WS,19,YYC,YEG,2025-05-07 11:10:00,2025-05-07 11:14:00,2025-05-07 12:05:00,2025-05-07 11:55:00,4,-10,244,146,À l'heure
1199,DL1680,2025-05-07,DL,54,YUL,JFK,2025-05-07 13:50:00,2025-05-07 13:51:00,2025-05-07 14:52:00,2025-05-07 14:59:00,1,7,537,134,À l'heure
1200,AC753,2025-05-07,AC,14,LHR,YYZ,2025-05-07 16:25:00,2025-05-07 16:23:00,2025-05-08 00:13:00,2025-05-08 00:17:00,-2,4,5707,186,À l'heure
1201,AC817,2025-05-07,AC,5,YYZ,YUL,2025-05-07 17:40:00,2025-05-07 17:38:00,2025-05-07 18:50:00,2025-05-07 18:35:00,-2,-15,507,182,À l'heure
1202,AC1085,2025-05-07,AC,10,CUN,YUL,2025-05-07 19:20:00,2025-05-07 19:59:00,2025-05-07 23:30:00,2025-05-08 00:08:00,39,38,2970,112,Retardé
1203,WS1568,2025-05-07,WS,18,YYZ,YUL,2025-05-07 21:15:00,2025-05-07 21:16:00,2025-05-07 22:31:00,2025-05-07 22:27:00,1,-4,507,163,À l'heure
1204,WS1308,2025-05-07,WS,20,YVR,YUL,2025-05-07 21:50:00,2025-05-07 22:12:00,2025-05-08 03:01:00,2025-05-08 03:19:00,22,18,3682,112,Retardé
1205,AC1821,2025-05-08,AC,8,YVR,YYC,2025-05-08 07:20:00,2025-05-08 07:18:00,2025-05-08 08:36:00,2025-05-08 08:27:00,-2,-9,687,127,À l'heure
1206,AC1339,2025-05-08,AC,9,YUL,LAX,2025-05-08 07:35:00,2025-05-08 07:33:00,2025-05-08 13:07:00,2025-05-08 12:52:00,-2,-15,3973,165,À l'heure
1207,AC804,2025-05-08,AC,6,YUL,YYZ,2025-05-08 09:40:00,2025-05-08 09:40:00,2025-05-08 10:46:00,2025-05-08 10:42:00,0,-4,507,177,À l'heure
1208,PD1972,2025-05-08,PD,31,YOW,YYZ,2025-05-08 09:50:00,2025-05-08 09:50:00,2025-05-08 10:44:00,2025-05-08 10:34:00,0,-10,363,72,À l'heure
1209,PD1401,2025-05-08,PD,29,YOW,YUL,2025-05-08 10:55:00,2025-05-08 11:25:00,2025-05-08 11:46:00,2025-05-08 12:02:00,30,16,151,67,Retardé
1210,AC150,2025-05-08,AC,6,YUL,YYZ,2025-05-08 11:10:00,2025-05-08 11:12:00,2025-05-08 12:11:00,2025-05-08 12:23:00,2,12,507,148,À l'heure
1211,AC1907,2025-05-08,AC,5,YVR,YYC,2025-05-08 11:40:00,2025-05-08 11:44:00,2025-05-08 12:58:00,2025-05-08 12:59:00,4,1,687,140,À l'heure
1212,PD1703,2025-05-08,PD,27,YUL,YOW,2025-05-08 13:25:00,2025-05-08 13:27:00,2025-05-08 13:58:00,2025-05-08 14:05:00,2,7,151,100,À l'heure
1213,F81142,2025-05-08,F8,40,YYZ,YYC,2025-05-08 14:50:00,2025-05-08 15:05:00,2025-05-08 18:41:00,2025-05-08 18:52:00,15,11,2689,110,À l'heure
1214,WS1064,2025-05-08,WS,20,YYC,YYZ,2025-05-08 15:35:00,2025-05-08 15:34:00,2025-05-08 19:35:00,2025-05-08 19:44:00,-1,9,2689,160,À l'heure
1215,WS1311,2025-05-08,WS,19,YUL,YVR,2025-05-08 16:20:00,2025-05-08 16:55:00,2025-05-08 21:38:00,2025-05-08 22:23:00,35,45,3682,143,Retardé
1216,WS1581,2025-05-08,WS,18,YYZ,YWG,2025-05-08 17:40:00,2025-05-08 17:41:00,2025-05-08 19:58:00,2025-05-08 19:52:00,1,-6,1504,162,À l'heure
1217,AC486,2025-05-08,AC,12,LHR,YUL,2025-05-08 18:55:00,2025-05-08 18:49:00,2025-05-09 02:05:00,2025-05-09 01:49:00,-6,-16,5215,268,À l'heure
1218,AC1579,2025-05-08,AC,16,YUL,LHR,2025-05-08 20:10:00,2025-05-08 20:21:00,2025-05-09 03:24:00,2025-05-09 03:39:00,11,15,5215,289,À l'heure
1219,AC615,2025-05-09,AC,2,YUL,CUN,2025-05-09 08:35:00,2025-05-09 08:33:00,2025-05-09 12:53:00,2025-05-09 12:52:00,-2,-1,2970,104,À l'heure
1220,TS958,2025-05-09,TS,33,YUL,CUN,2025-05-09 09:15:00,2025-05-09 09:19:00,2025-05-09 13:31:00,2025-05-09 13:33:00,4,2,2970,123,À l'heure
1221,AC347,2025-05-09,AC,9,ORD,YUL,2025-05-09 13:00:00,2025-05-09 15:40:00,2025-05-09 15:00:00,2025-05-09 17:29:00,160,149,1201,113,Retardé
1222,AC497,2025-05-09,AC,1,YUL,YYZ,2025-05-09 13:05:00,2025-05-09 13:15:00,2025-05-09 14:16:00,2025-05-09 14:15:00,10,-1,507,132,À l'heure
1223,AC1604,2025-05-09,AC,2,JFK,YUL,2025-05-09 15:15:00,2025-05-09 15:12:00,2025-05-09 16:35:00,2025-05-09 16:35:00,-3,0,537,125,À l'heure
1224,AC333,2025-05-09,AC,9,YUL,YQB,2025-05-09 17:05:00,2025-05-09 17:02:00,2025-05-09 17:55:00,2025-05-09 17:40:00,-3,-15,233,149,À l'heure
1225,AC1758,2025-05-09,AC,14,YUL,CDG,2025-05-09 19:00:00,2025-05-09 19:27:00,2025-05-10 02:25:00,2025-05-10 02:59:00,27,34,5523,244,Retardé
1226,DL629,2025-05-09,DL,51,LAX,YVR,2025-05-09 19:25:00,2025-05-09 19:35:00,2025-05-09 22:02:00,2025-05-09 22:16:00,10,14,1741,95,À l'heure
1227,PD621,2025-05-10,PD,31,YYZ,YOW,2025-05-10 07:45:00,2025-05-10 07:50:00,2025-05-10 08:44:00,2025-05-10 08:37:00,5,-7,363,63,À l'heure
1228,AF1812,2025-05-10,AF,56,CDG,YUL,2025-05-10 09:50:00,2025-05-10 09:49:00,2025-05-10 17:20:00,2025-05-10 17:08:00,-1,-12,5523,265,À l'heure
1229,WS1028,2025-05-10,WS,18,CUN,YUL,2025-05-10 13:30:00,2025-05-10 13:28:00,2025-05-10 17:51:00,2025-05-10 17:49:00,-2,-2,2970,122,À l'heure
1230,WS1306,2025-05-10,WS,17,YYC,YWG,2025-05-10 14:35:00,2025-05-10 14:46:00,2025-05-10 16:32:00,2025-05-10 16:38:00,11,6,1191,117,À l'heure
1231,PD1345,2025-05-10,PD,28,YHZ,YYZ,2025-05-10 14:50:00,2025-05-10 14:47:00,2025-05-10 16:54:00,2025-05-10 16:37:00,-3,-17,1288,126,À l'heure
1232,WS1798,2025-05-10,WS,18,YEG,YVR,2025-05-10 14:50:00,2025-05-10 16:17:00,2025-05-10 16:23:00,2025-05-10 17:55:00,87,92,809,152,Retardé
1233,PD1897,2025-05-10,PD,27,YHZ,YUL,2025-05-10 15:15:00,2025-05-10 15:17:00,2025-05-10 16:48:00,2025-05-10 16:40:00,2,-8,804,105,À l'heure
1234,UA744,2025-05-10,UA,49,ORD,YYZ,2025-05-10 15:35:00,2025-05-10 15:43:00,2025-05-10 16:54:00,2025-05-10 17:03:00,8,9,701,165,À l'heure
1235,WS245,2025-05-10,WS,20,YEG,YYC,2025-05-10 16:35:00,2025-05-10 16:44:00,2025-05-10 17:32:00,2025-05-10 17:42:00,9,10,244,149,À l'heure
1236,AC1166,2025-05-10,AC,15,YYZ,LHR,2025-05-10 17:05:00,2025-05-10 19:21:00,2025-05-11 00:40:00,2025-05-11 02:46:00,136,126,5707,218,Retardé
1237,AC689,2025-05-10,AC,5,YUL,YYZ,2025-05-10 20:35:00,2025-05-10 20:48:00,2025-05-10 21:46:00,2025-05-10 21:46:00,13,0,507,183,À l'heure
1238,WS1628,2025-05-11,WS,19,YWG,YYZ,2025-05-11 06:05:00,2025-05-11 06:09:00,2025-05-11 08:38:00,2025-05-11 08:43:00,4,5,1504,121,À l'heure
1239,UA1694,2025-05-11,UA,45,YYZ,ORD,2025-05-11 07:45:00,2025-05-11 07:52:00,2025-05-11 09:08:00,2025-05-11 09:16:00,7,8,701,139,À l'heure
1240,WS1919,2025-05-11,WS,20,YYZ,YYC,2025-05-11 08:05:00,2025-05-11 08:00:00,2025-05-11 12:08:00,2025-05-11 12:11:00,-5,3,2689,148,À l'heure
1241,AC1198,2025-05-11,AC,4,YUL,ORD,2025-05-11 10:15:00,2025-05-11 10:39:00,2025-05-11 12:12:00,2025-05-11 12:22:00,24,10,1201,172,À l'heure
1242,F81811,2025-05-11,F8,42,YVR,YYZ,2025-05-11 12:05:00,,2025-05-11 16:57:00,,,,3346,,Annulé
1243,PD1650,2025-05-11,PD,30,YYZ,YUL,2025-05-11 15:00:00,2025-05-11 15:16:00,2025-05-11 16:06:00,2025-05-11 16:32:00,16,26,507,61,Retardé
1244,AC392,2025-05-11,AC,6,YYC,YVR,2025-05-11 16:15:00,2025-05-11 18:33:00,2025-05-11 17:36:00,2025-05-11 19:53:00,138,137,687,146,Retardé
1245,AC1567,2025-05-11,AC,1,YYZ,YVR,2025-05-11 18:25:00,2025-05-11 19:00:00,2025-05-11 23:12:00,2025-05-11 23:47:00,35,35,3346,103,Retardé
1246,WS1740,2025-05-11,WS,19,YWG,YYC,2025-05-11 19:35:00,2025-05-11 19:35:00,2025-05-11 21:34:00,2025-05-11 21:38:00,0,4,1191,127,À l'heure
1247,AC1749,2025-05-12,AC,4,YQB,YUL,2025-05-12 06:25:00,2025-05-12 06:20:00,2025-05-12 07:22:00,2025-05-12 07:15:00,-5,-7,233,162,À l'heure
1248,WS1537,2025-05-12,WS,19,YYZ,YUL,2025-05-12 08:15:00,2025-05-12 08:23:00,2025-05-12 09:17:00,2025-05-12 09:14:00,8,-3,507,167,À l'heure
1249,AC1799,2025-05-12,AC,3,YYZ,YOW,2025-05-12 09:00:00,2025-05-12 09:20:00,2025-05-12 09:55:00,2025-05-12 10:10:00,20,15,363,140,À l'heure
1250,AC133,2025-05-12,AC,8,LAX,YUL,2025-05-12 09:40:00,2025-05-12 09:43:00,2025-05-12 15:21:00,2025-05-12 15:32:00,3,11,3973,161,À l'heure
1251,AC1572,2025-05-12,AC,3,YUL,YHZ,2025-05-12 10:00:00,2025-05-12 10:04:00,2025-05-12 11:34:00,2025-05-12 11:41:00,4,7,804,134,À l'heure
1252,WS544,2025-05-12,WS,18,YVR,YYZ,2025-05-12 11:00:00,2025-05-12 11:06:00,2025-05-12 15:48:00,2025-05-12 15:50:00,6,2,3346,155,À l'heure
1253,WS439,2025-05-12,WS,20,YYZ,YHZ,2025-05-12 11:35:00,,2025-05-12 13:40:00,,,,1288,,Annulé
1254,AC1702,2025-05-12,AC,3,YVR,YUL,2025-05-12 14:30:00,2025-05-12 14:25:00,2025-05-12 19:48:00,2025-05-12 19:39:00,-5,-9,3682,180,À l'heure
1255,DL1446,2025-05-12,DL,52,YVR,LAX,2025-05-12 16:40:00,2025-05-12 16:45:00,2025-05-12 19:26:00,2025-05-12 19:31:00,5,5,1741,167,À l'heure
1256,PD871,2025-05-12,PD,29,YOW,YYZ,2025-05-12 19:05:00,2025-05-12 19:47:00,2025-05-12 19:59:00,2025-05-12 20:46:00,42,47,363,60,Retardé
1257,TS782,2025-05-12,TS,38,YUL,CDG,2025-05-12 21:05:00,2025-05-12 21:30:00,2025-05-13 04:38:00,2025-05-13 04:52:00,25,14,5523,184,À l'heure
1258,DL1615,2025-05-13,DL,51,JFK,YUL,2025-05-13 14:05:00,2025-05-13 14:06:00,2025-05-13 15:18:00,2025-05-13 15:25:00,1,7,537,113,À l'heure
1259,WS436,2025-05-13,WS,17,YVR,YEG,2025-05-13 14:45:00,2025-05-13 14:46:00,2025-05-13 16:13:00,2025-05-13 16:13:00,1,0,809,170,À l'heure
1260,WS818,2025-05-13,WS,19,YUL,YYC,2025-05-13 16:40:00,2025-05-13 16:40:00,2025-05-13 21:05:00,2025-05-13 20:52:00,0,-13,3005,163,À l'heure
1261,AF1020,2025-05-13,AF,58,CDG,YUL,2025-05-13 16:45:00,2025-05-13 16:52:00,2025-05-14 00:24:00,2025-05-14 00:26:00,7,2,5523,238,À l'heure
1262,DL173,2025-05-13,DL,52,YUL,JFK,2025-05-13 20:05:00,2025-05-13 20:07:00,2025-05-13 21:16:00,2025-05-13 21:22:00,2,6,537,140,À l'heure
1263,DL795,2025-05-14,DL,50,YVR,LAX,2025-05-14 06:50:00,2025-05-14 06:45:00,2025-05-14 09:31:00,2025-05-14 09:17:00,-5,-14,1741,105,À l'heure
1264,AC341,2025-05-14,AC,2,YOW,YYZ,2025-05-14 10:35:00,2025-05-14 10:48:00,2025-05-14 11:30:00,2025-05-14 11:38:00,13,8,363,109,À l'heure
1265,WS1091,2025-05-14,WS,17,YUL,YVR,2025-05-14 15:20:00,2025-05-14 15:17:00,2025-05-14 20:23:00,2025-05-14 20:20:00,-3,-3,3682,163,À l'heure
1266,AC1592,2025-05-14,AC,1,YUL,LAX,2025-05-14 16:25:00,2025-05-14 16:30:00,2025-05-14 22:06:00,2025-05-14 22:07:00,5,1,3973,128,À l'heure
1267,UA1926,2025-05-14,UA,44,ORD,YYZ,2025-05-14 16:35:00,2025-05-14 16:37:00,2025-05-14 18:07:00,2025-05-14 18:08:00,2,1,701,120,À l'heure
1268,WS355,2025-05-14,WS,17,YYZ,YUL,2025-05-14 16:50:00,2025-05-14 16:52:00,2025-05-14 18:05:00,2025-05-14 17:54:00,2,-11,507,152,À l'heure
1269,WS132,2025-05-14,WS,17,YEG,YVR,2025-05-14 16:50:00,2025-05-14 16:47:00,2025-05-14 18:13:00,2025-05-14 18:20:00,-3,7,809,134,À l'heure
1270,AC1160,2025-05-14,AC,12,YYZ,LHR,2025-05-14 19:05:00,2025-05-14 19:08:00,2025-05-15 02:49:00,2025-05-15 02:48:00,3,-1,5707,204,À l'heure
1271,AC133,2025-05-14,AC,11,YUL,LHR,2025-05-14 19:30:00,2025-05-14 19:27:00,2025-05-15 02:37:00,2025-05-15 02:28:00,-3,-9,5215,229,À l'heure
1272,PD865,2025-05-15,PD,27,YUL,YYZ,2025-05-15 06:30:00,2025-05-15 06:26:00,2025-05-15 07:48:00,2025-05-15 07:46:00,-4,-2,507,115,À l'heure
1273,WS1159,2025-05-15,WS,19,CUN,YUL,2025-05-15 07:25:00,2025-05-15 07:37:00,2025-05-15 11:38:00,2025-05-15 11:50:00,12,12,2970,117,À l'heure
1274,WS392,2025-05-15,WS,20,YYC,YYZ,2025-05-15 08:05:00,2025-05-15 08:10:00,2025-05-15 12:09:00,2025-05-15 12:21:00,5,12,2689,123,À l'heure
1275,WS1734,2025-05-15,WS,20,YYZ,YVR,2025-05-15 09:25:00,2025-05-15 09:25:00,2025-05-15 14:08:00,2025-05-15 13:54:00,0,-14,3346,122,À l'heure
1276,F8505,2025-05-15,F8,42,YYZ,YYC,2025-05-15 09:55:00,2025-05-15 10:32:00,2025-05-15 13:47:00,2025-05-15 14:33:00,37,46,2689,145,Retardé
1277,AC127,2025-05-15,AC,10,YYZ,YUL,2025-05-15 10:05:00,2025-05-15 10:10:00,2025-05-15 11:16:00,2025-05-15 11:21:00,5,5,507,169,À l'heure
1278,WS451,2025-05-15,WS,18,YVR,YYZ,2025-05-15 10:55:00,2025-05-15 10:57:00,2025-05-15 15:46:00,2025-05-15 15:50:00,2,4,3346,125,À l'heure
1279,WS624,2025-05-15,WS,20,CUN,YUL,2025-05-15 13:05:00,2025-05-15 13:15:00,2025-05-15 17:28:00,2025-05-15 17:33:00,10,5,2970,166,À l'heure
1280,TS1700,2025-05-15,TS,35,YUL,CUN,2025-05-15 14:25:00,2025-05-15 14:23:00,2025-05-15 18:32:00,2025-05-15 18:16:00,-2,-16,2970,135,À l'heure
1281,F8827,2025-05-15,F8,41,YYZ,YYC,2025-05-15 14:45:00,2025-05-15 14:50:00,2025-05-15 18:34:00,2025-05-15 18:49:00,5,15,2689,126,À l'heure
1282,AC1363,2025-05-15,AC,10,YHZ,YUL,2025-05-15 15:40:00,2025-05-15 15:38:00,2025-05-15 17:03:00,2025-05-15 17:04:00,-2,1,804,168,À l'heure
1283,F8295,2025-05-15,F8,41,YVR,YYZ,2025-05-15 16:15:00,2025-05-15 16:24:00,2025-05-15 20:51:00,2025-05-15 21:01:00,9,10,3346,117,À l'heure
1284,AC1846,2025-05-15,AC,16,CDG,YUL,2025-05-15 18:15:00,2025-05-15 18:28:00,2025-05-16 01:50:00,2025-05-16 02:10:00,13,20,5523,203,Retardé
1285,DL1070,2025-05-15,DL,53,LAX,YVR,2025-05-15 18:25:00,2025-05-15 18:30:00,2025-05-15 21:10:00,2025-05-15 21:15:00,5,5,1741,130,À l'heure
1286,AC1026,2025-05-15,AC,8,YYZ,YHZ,2025-05-15 19:05:00,2025-05-15 18:59:00,2025-05-15 21:18:00,2025-05-15 21:12:00,-6,-6,1288,118,À l'heure
1287,DL1348,2025-05-15,DL,51,YUL,JFK,2025-05-15 20:50:00,2025-05-15 20:56:00,2025-05-15 22:04:00,2025-05-15 22:00:00,6,-4,537,87,À l'heure
1288,DL546,2025-05-16,DL,51,YUL,JFK,2025-05-16 06:40:00,2025-05-16 06:39:00,2025-05-16 07:58:00,2025-05-16 08:07:00,-1,9,537,114,À l'heure
1289,WS1783,2025-05-16,WS,20,YVR,YUL,2025-05-16 08:00:00,2025-05-16 08:09:00,2025-05-16 13:02:00,2025-05-16 13:08:00,9,6,3682,121,À l'heure
1290,AC1967,2025-05-16,AC,5,JFK,YUL,2025-05-16 08:10:00,2025-05-16 08:15:00,2025-05-16 09:22:00,2025-05-16 09:30:00,5,8,537,186,À l'heure
1291,AC1000,2025-05-16,AC,7,YUL,YYZ,2025-05-16 11:15:00,2025-05-16 11:12:00,2025-05-16 12:31:00,2025-05-16 12:24:00,-3,-7,507,164,À l'heure
1292,F8477,2025-05-16,F8,40,YWG,YYC,2025-05-16 11:45:00,2025-05-16 12:11:00,2025-05-16 13:39:00,2025-05-16 13:58:00,26,19,1191,124,Retardé
1293,WS1739,2025-05-16,WS,19,YYC,YUL,2025-05-16 12:35:00,2025-05-16 12:35:00,2025-05-16 16:45:00,2025-05-16 16:36:00,0,-9,3005,130,À l'heure
1294,F81005,2025-05-16,F8,42,YVR,YYC,2025-05-16 12:55:00,2025-05-16 12:55:00,2025-05-16 14:12:00,2025-05-16 14:00:00,0,-12,687,138,À l'heure
1295,AC1263,2025-05-16,AC,16,CDG,YUL,2025-05-16 15:50:00,2025-05-16 15:52:00,2025-05-16 23:12:00,2025-05-16 23:01:00,2,-11,5523,254,À l'heure
1296,PD345,2025-05-16,PD,30,YOW,YUL,2025-05-16 18:35:00,2025-05-16 18:37:00,2025-05-16 19:11:00,2025-05-16 19:19:00,2,8,151,60,À l'heure
1297,F8730,2025-05-16,F8,42,YYC,YVR,2025-05-16 19:10:00,2025-05-16 19:10:00,2025-05-16 20:36:00,2025-05-16 20:40:00,0,4,687,156,À l'heure
1298,PD1271,2025-05-16,PD,26,YUL,YOW,2025-05-16 19:15:00,2025-05-16 22:07:00,2025-05-16 20:01:00,2025-05-16 22:43:00,172,162,151,128,Retardé
1299,PD235,2025-05-17,PD,29,YYZ,YOW,2025-05-17 10:20:00,2025-05-17 10:23:00,2025-05-17 11:26:00,2025-05-17 11:31:00,3,5,363,53,À l'heure
1300,WS393,2025-05-17,WS,19,YWG,YYZ,2025-05-17 10:50:00,2025-05-17 10:57:00,2025-05-17 13:19:00,2025-05-17 13:17:00,7,-2,1504,134,À l'heure
1301,WS1053,2025-05-17,WS,17,YUL,YVR,2025-05-17 12:50:00,2025-05-17 12:50:00,2025-05-17 17:55:00,2025-05-17 18:03:00,0,8,3682,164,À l'heure
1302,PD1730,2025-05-17,PD,25,YYZ,YUL,2025-05-17 13:25:00,2025-05-17 13:24:00,2025-05-17 14:31:00,2025-05-17 14:24:00,-1,-7,507,105,À l'heure
1303,AC1732,2025-05-17,AC,4,YQB,YUL,2025-05-17 17:50:00,2025-05-17 18:09:00,2025-05-17 18:32:00,2025-05-17 18:41:00,19,9,233,126,À l'heure
1304,WS1500,2025-05-17,WS,20,YEG,YYC,2025-05-17 20:55:00,2025-05-17 20:52:00,2025-05-17 21:41:00,2025-05-17 21:44:00,-3,3,244,157,À l'heure
1305,AF900,2025-05-17,AF,59,YUL,CDG,2025-05-17 21:30:00,2025-05-17 21:42:00,2025-05-18 05:01:00,2025-05-18 05:09:00,12,8,5523,288,À l'heure
1306,AC1431,2025-05-18,AC,9,YUL,YHZ,2025-05-18 06:00:00,2025-05-18 06:01:00,2025-05-18 07:39:00,2025-05-18 07:41:00,1,2,804,119,À l'heure
1307,AC117,2025-05-18,AC,15,LHR,YUL,2025-05-18 06:45:00,2025-05-18 06:42:00,2025-05-18 13:53:00,2025-05-18 13:55:00,-3,2,5215,212,À l'heure
1308,PD1049,2025-05-18,PD,28,YUL,YYZ,2025-05-18 06:50:00,2025-05-18 06:54:00,2025-05-18 07:54:00,2025-05-18 07:52:00,4,-2,507,120,À l'heure
1309,DL1543,2025-05-18,DL,50,JFK,YUL,2025-05-18 08:25:00,2025-05-18 08:27:00,2025-05-18 09:36:00,2025-05-18 09:42:00,2,6,537,97,À l'heure
1310,UA287,2025-05-18,UA,45,YYZ,ORD,2025-05-18 09:55:00,2025-05-18 10:08:00,2025-05-18 11:15:00,2025-05-18 11:34:00,13,19,701,126,Retardé
1311,WS1968,2025-05-18,WS,17,YYC,YEG,2025-05-18 10:30:00,2025-05-18 10:30:00,2025-05-18 11:23:00,2025-05-18 11:14:00,0,-9,244,166,À l'heure
1312,F81407,2025-05-18,F8,41,YVR,YYC,2025-05-18 16:25:00,2025-05-18 17:03:00,2025-05-18 17:47:00,2025-05-18 18:33:00,38,46,687,157,Retardé
1313,AC1613,2025-05-18,AC,7,YYZ,YWG,2025-05-18 19:45:00,2025-05-18 19:45:00,2025-05-18 22:07:00,2025-05-18 22:08:00,0,1,1504,157,À l'heure
1314,WS398,2025-05-19,WS,18,YYC,YWG,2025-05-19 08:10:00,2025-05-19 08:11:00,2025-05-19 10:10:00,2025-05-19 10:12:00,1,2,1191,142,À l'heure
1315,AC1747,2025-05-19,AC,6,YUL,YYC,2025-05-19 09:00:00,2025-05-19 09:03:00,2025-05-19 13:15:00,2025-05-19 13:27:00,3,12,3005,183,À l'heure
1316,WS1758,2025-05-19,WS,18,YYC,YYZ,2025-05-19 13:55:00,2025-05-19 13:56:00,2025-05-19 17:57:00,2025-05-19 17:44:00,1,-13,2689,156,À l'heure
1317,PD749,2025-05-19,PD,27,YYZ,YOW,2025-05-19 15:10:00,2025-05-19 15:17:00,2025-05-19 16:09:00,2025-05-19 16:19:00,7,10,363,122,À l'heure
1318,AC161,2025-05-19,AC,2,YUL,YYZ,2025-05-19 15:15:00,2025-05-19 15:15:00,2025-05-19 16:15:00,2025-05-19 16:19:00,0,4,507,110,À l'heure
1319,AC983,2025-05-19,AC,14,LHR,YYZ,2025-05-19 19:40:00,2025-05-19 20:11:00,2025-05-20 03:26:00,2025-05-20 03:44:00,31,18,5707,192,Retardé
1320,AC917,2025-05-19,AC,15,YUL,CDG,2025-05-19 19:50:00,2025-05-19 19:56:00,2025-05-20 03:23:00,2025-05-20 03:27:00,6,4,5523,278,À l'heure
1321,AC267,2025-05-19,AC,7,LAX,YUL,2025-05-19 19:55:00,2025-05-19 19:54:00,2025-05-20 01:32:00,2025-05-20 01:40:00,-1,8,3973,122,À l'heure
1322,AC493,2025-05-20,AC,5,YUL,ORD,2025-05-20 07:05:00,2025-05-20 07:10:00,2025-05-20 09:14:00,2025-05-20 09:07:00,5,-7,1201,164,À l'heure
1323,AC957,2025-05-20,AC,3,YVR,YEG,2025-05-20 08:30:00,2025-05-20 08:27:00,2025-05-20 10:08:00,2025-05-20 09:52:00,-3,-16,809,177,À l'heure
1324,PD1551,2025-05-20,PD,31,YYZ,YUL,2025-05-20 09:55:00,2025-05-20 09:57:00,2025-05-20 11:03:00,2025-05-20 10:58:00,2,-5,507,52,À l'heure
1325,UA1908,2025-05-20,UA,45,ORD,YUL,2025-05-20 10:50:00,2025-05-20 10:53:00,2025-05-20 12:54:00,2025-05-20 12:53:00,3,-1,1201,165,À l'heure
1326,AC1992,2025-05-20,AC,10,YYZ,YVR,2025-05-20 13:25:00,2025-05-20 13:21:00,2025-05-20 18:06:00,2025-05-20 17:57:00,-4,-9,3346,143,À l'heure
1327,AC346,2025-05-20,AC,7,YUL,CUN,2025-05-20 13:55:00,2025-05-20 14:03:00,2025-05-20 18:04:00,2025-05-20 18:08:00,8,4,2970,125,À l'heure
1328,AC733,2025-05-20,AC,1,YHZ,YYZ,2025-05-20 17:40:00,2025-05-20 17:40:00,2025-05-20 19:54:00,2025-05-20 19:54:00,0,0,1288,88,À l'heure
1329,PD671,2025-05-20,PD,26,YUL,YQB,2025-05-20 21:30:00,2025-05-20 21:37:00,2025-05-20 22:23:00,2025-05-20 22:29:00,7,6,233,92,À l'heure
1330,WS1830,2025-05-21,WS,18,YYC,YEG,2025-05-21 12:05:00,2025-05-21 12:04:00,2025-05-21 13:02:00,2025-05-21 13:07:00,-1,5,244,131,À l'heure
1331,WS789,2025-05-21,WS,20,YYZ,YWG,2025-05-21 12:10:00,2025-05-21 12:15:00,2025-05-21 14:43:00,2025-05-21 14:49:00,5,6,1504,140,À l'heure
1332,AC396,2025-05-21,AC,6,LAX,YUL,2025-05-21 13:10:00,2025-05-21 13:18:00,2025-05-21 18:45:00,2025-05-21 18:41:00,8,-4,3973,133,À l'heure
1333,WS1906,2025-05-21,WS,17,YVR,YYC,2025-05-21 16:55:00,2025-05-21 17:00:00,2025-05-21 18:25:00,2025-05-21 18:25:00,5,0,687,160,À l'heure
1334,PD751,2025-05-21,PD,30,YUL,YHZ,2025-05-21 17:55:00,2025-05-21 18:00:00,2025-05-21 19:19:00,2025-05-21 19:31:00,5,12,804,50,À l'heure
1335,AC1104,2025-05-21,AC,9,YUL,YQB,2025-05-21 18:50:00,2025-05-21 18:58:00,2025-05-21 19:40:00,2025-05-21 19:46:00,8,6,233,143,À l'heure
1336,AC1666,2025-05-22,AC,10,YYC,YYZ,2025-05-22 10:20:00,2025-05-22 10:42:00,2025-05-22 14:09:00,2025-05-22 14:30:00,22,21,2689,132,Retardé
1337,AC1511,2025-05-22,AC,1,YYZ,YUL,2025-05-22 10:25:00,2025-05-22 10:20:00,2025-05-22 11:43:00,2025-05-22 11:42:00,-5,-1,507,111,À l'heure
1338,AC971,2025-05-22,AC,12,CDG,YUL,2025-05-22 11:35:00,2025-05-22 11:37:00,2025-05-22 19:11:00,2025-05-22 19:11:00,2,0,5523,211,À l'heure
1339,WS850,2025-05-22,WS,18,YYC,YVR,2025-05-22 13:00:00,2025-05-22 13:01:00,2025-05-22 14:25:00,2025-05-22 14:32:00,1,7,687,129,À l'heure
1340,WS1487,2025-05-22,WS,20,YYC,YVR,2025-05-22 13:10:00,2025-05-22 13:09:00,2025-05-22 14:32:00,2025-05-22 14:35:00,-1,3,687,121,À l'heure
1341,WS1349,2025-05-22,WS,18,YVR,YYZ,2025-05-22 16:15:00,2025-05-22 16:16:00,2025-05-22 21:06:00,2025-05-22 21:17:00,1,11,3346,125,À l'heure
1342,AC735,2025-05-22,AC,2,YEG,YVR,2025-05-22 17:45:00,2025-05-22 17:54:00,2025-05-22 19:23:00,2025-05-22 19:26:00,9,3,809,132,À l'heure
1343,WS1153,2025-05-22,WS,18,YEG,YYC,2025-05-22 18:00:00,2025-05-22 17:57:00,2025-05-22 18:54:00,2025-05-22 18:56:00,-3,2,244,169,À l'heure
1344,WS532,2025-05-22,WS,18,YYZ,YYC,2025-05-22 21:20:00,2025-05-22 21:28:00,2025-05-23 01:20:00,2025-05-23 01:17:00,8,-3,2689,121,À l'heure
1345,TS398,2025-05-22,TS,38,YUL,CDG,2025-05-22 21:30:00,2025-05-22 21:48:00,2025-05-23 04:53:00,2025-05-23 05:09:00,18,16,5523,232,Retardé
1346,PD1457,2025-05-23,PD,28,YUL,YYZ,2025-05-23 06:35:00,2025-05-23 06:34:00,2025-05-23 07:41:00,2025-05-23 07:35:00,-1,-6,507,113,À l'heure
1347,AC806,2025-05-23,AC,1,YUL,YYC,2025-05-23 07:35:00,2025-05-23 07:38:00,2025-05-23 12:03:00,2025-05-23 12:08:00,3,5,3005,105,À l'heure
1348,PD1374,2025-05-23,PD,29,YQB,YUL,2025-05-23 07:40:00,2025-05-23 07:36:00,2025-05-23 08:28:00,2025-05-23 08:30:00,-4,2,233,54,À l'heure
1349,AC1659,2025-05-23,AC,3,ORD,YUL,2025-05-23 08:35:00,2025-05-23 08:42:00,2025-05-23 10:33:00,2025-05-23 10:34:00,7,1,1201,138,À l'heure
1350,WS1674,2025-05-23,WS,18,YWG,YYZ,2025-05-23 11:05:00,2025-05-23 11:03:00,2025-05-23 13:28:00,2025-05-23 13:20:00,-2,-8,1504,141,À l'heure
1351,AC426,2025-05-23,AC,6,YHZ,YYZ,2025-05-23 11:55:00,2025-05-23 11:53:00,2025-05-23 14:08:00,2025-05-23 14:06:00,-2,-2,1288,169,À l'heure
1352,WS1400,2025-05-23,WS,20,YUL,YVR,2025-05-23 12:05:00,2025-05-23 12:12:00,2025-05-23 17:14:00,2025-05-23 17:31:00,7,17,3682,146,Retardé
1353,AC1012,2025-05-23,AC,4,YOW,YYZ,2025-05-23 13:30:00,2025-05-23 13:47:00,2025-05-23 14:24:00,2025-05-23 14:34:00,17,10,363,146,À l'heure
1354,WS1386,2025-05-23,WS,18,YUL,CUN,2025-05-23 14:30:00,2025-05-23 14:49:00,2025-05-23 18:47:00,2025-05-23 18:52:00,19,5,2970,138,À l'heure
1355,AC694,2025-05-23,AC,5,YUL,ORD,2025-05-23 18:05:00,2025-05-23 18:02:00,2025-05-23 20:12:00,2025-05-23 20:16:00,-3,4,1201,136,À l'heure
1356,AC1182,2025-05-23,AC,15,YUL,LHR,2025-05-23 18:45:00,2025-05-23 19:07:00,2025-05-24 01:58:00,2025-05-24 02:17:00,22,19,5215,195,Retardé
1357,WS298,2025-05-23,WS,17,YVR,YYC,2025-05-23 21:20:00,2025-05-23 21:21:00,2025-05-23 22:51:00,2025-05-23 22:38:00,1,-13,687,122,À l'heure
1358,PD864,2025-05-24,PD,25,YYZ,YOW,2025-05-24 06:30:00,2025-05-24 08:26:00,2025-05-24 07:36:00,2025-05-24 09:37:00,116,121,363,98,Retardé
1359,AC1766,2025-05-24,AC,7,JFK,YUL,2025-05-24 07:00:00,2025-05-24 07:07:00,2025-05-24 08:07:00,2025-05-24 08:10:00,7,3,537,119,À l'heure
1360,WS1270,2025-05-24,WS,19,YYZ,YYC,2025-05-24 09:50:00,2025-05-24 10:02:00,2025-05-24 13:41:00,2025-05-24 13:50:00,12,9,2689,145,À l'heure
1361,AC1581,2025-05-24,AC,6,YVR,LAX,2025-05-24 09:55:00,,2025-05-24 12:45:00,,,,1741,,Annulé
1362,PD1970,2025-05-24,PD,27,YUL,YOW,2025-05-24 11:00:00,2025-05-24 10:55:00,2025-05-24 11:40:00,2025-05-24 11:30:00,-5,-10,151,83,À l'heure
1363,WS1270,2025-05-24,WS,19,YUL,YYZ,2025-05-24 13:25:00,2025-05-24 13:25:00,2025-05-24 14:29:00,2025-05-24 14:32:00,0,3,507,142,À l'heure
1364,WS1612,2025-05-24,WS,19,YUL,CUN,2025-05-24 13:30:00,2025-05-24 13:27:00,2025-05-24 17:54:00,2025-05-24 17:51:00,-3,-3,2970,116,À l'heure
1365,AC1718,2025-05-24,AC,2,YYZ,YHZ,2025-05-24 14:10:00,,2025-05-24 16:14:00,,,,1288,,Annulé
1366,AC1769,2025-05-24,AC,1,YYZ,YOW,2025-05-24 15:45:00,2025-05-24 15:44:00,2025-05-24 16:47:00,2025-05-24 16:52:00,-1,5,363,90,À l'heure
1367,F81553,2025-05-24,F8,42,YYZ,YVR,2025-05-24 19:05:00,2025-05-24 19:55:00,2025-05-24 23:54:00,2025-05-25 00:31:00,50,37,3346,163,Retardé
1368,TS1082,2025-05-25,TS,38,CDG,YUL,2025-05-25 08:30:00,2025-05-25 08:30:00,2025-05-25 16:00:00,2025-05-25 15:48:00,0,-12,5523,275,À l'heure
1369,AC533,2025-05-25,AC,6,YUL,LAX,2025-05-25 13:10:00,2025-05-25 13:07:00,2025-05-25 18:39:00,2025-05-25 18:46:00,-3,7,3973,159,À l'heure
1370,UA1484,2025-05-25,UA,47,ORD,YYZ,2025-05-25 13:15:00,2025-05-25 13:16:00,2025-05-25 14:36:00,2025-05-25 14:27:00,1,-9,701,112,À l'heure
1371,AC503,2025-05-25,AC,6,YUL,YYZ,2025-05-25 15:40:00,2025-05-25 19:18:00,2025-05-25 16:49:00,2025-05-25 20:35:00,218,226,507,181,Retardé
1372,WS1620,2025-05-25,WS,17,YYZ,YUL,2025-05-25 17:10:00,2025-05-25 17:11:00,2025-05-25 18:26:00,2025-05-25 18:14:00,1,-12,507,109,À l'heure
1373,AF1465,2025-05-25,AF,56,YUL,CDG,2025-05-25 18:10:00,2025-05-25 19:00:00,2025-05-26 01:33:00,2025-05-26 02:23:00,50,50,5523,288,Retardé
1374,WS1465,2025-05-25,WS,18,YYZ,YVR,2025-05-25 20:45:00,2025-05-25 20:49:00,2025-05-26 01:31:00,2025-05-26 01:29:00,4,-2,3346,115,À l'heure
1375,AC1590,2025-05-26,AC,9,YVR,YYZ,2025-05-26 08:30:00,2025-05-26 08:35:00,2025-05-26 13:12:00,2025-05-26 13:09:00,5,-3,3346,167,À l'heure
1376,AC310,2025-05-26,AC,4,YVR,YUL,2025-05-26 08:45:00,2025-05-26 09:04:00,2025-05-26 13:58:00,2025-05-26 14:10:00,19,12,3682,168,À l'heure
1377,WS787,2025-05-26,WS,17,YVR,YEG,2025-05-26 08:50:00,2025-05-26 09:01:00,2025-05-26 10:27:00,2025-05-26 10:31:00,11,4,809,156,À l'heure
1378,F81972,2025-05-26,F8,39,YUL,YVR,2025-05-26 11:00:00,2025-05-26 11:24:00,2025-05-26 16:03:00,2025-05-26 16:33:00,24,30,3682,164,Retardé
1379,AC1287,2025-05-26,AC,10,CUN,YUL,2025-05-26 11:05:00,2025-05-26 11:08:00,2025-05-26 15:27:00,2025-05-26 15:25:00,3,-2,2970,131,À l'heure
1380,PD1852,2025-05-26,PD,25,YOW,YUL,2025-05-26 11:20:00,2025-05-26 11:27:00,2025-05-26 11:54:00,2025-05-26 12:11:00,7,17,151,88,Retardé
1381,AC502,2025-05-26,AC,8,YVR,YUL,2025-05-26 14:55:00,2025-05-26 14:58:00,2025-05-26 19:58:00,2025-05-26 19:52:00,3,-6,3682,159,À l'heure
1382,AC782,2025-05-26,AC,10,YOW,YYZ,2025-05-26 17:05:00,2025-05-26 17:06:00,2025-05-26 17:58:00,2025-05-26 18:04:00,1,6,363,159,À l'heure
1383,UA167,2025-05-26,UA,48,YYZ,ORD,2025-05-26 20:50:00,2025-05-26 20:48:00,2025-05-26 22:18:00,2025-05-26 22:12:00,-2,-6,701,157,À l'heure
1384,AC1279,2025-05-27,AC,13,LHR,YYZ,2025-05-27 06:20:00,2025-05-27 06:19:00,2025-05-27 14:11:00,2025-05-27 14:20:00,-1,9,5707,289,À l'heure
1385,DL1709,2025-05-27,DL,54,JFK,YUL,2025-05-27 08:30:00,2025-05-27 08:30:00,2025-05-27 09:50:00,2025-05-27 09:44:00,0,-6,537,162,À l'heure
1386,AC991,2025-05-27,AC,16,LHR,YUL,2025-05-27 10:00:00,2025-05-27 10:02:00,2025-05-27 17:06:00,2025-05-27 17:06:00,2,0,5215,262,À l'heure
1387,TS1266,2025-05-27,TS,34,CUN,YUL,2025-05-27 10:50:00,2025-05-27 10:54:00,2025-05-27 15:07:00,2025-05-27 15:18:00,4,11,2970,141,À l'heure
1388,AC545,2025-05-27,AC,2,YYC,YUL,2025-05-27 12:40:00,2025-05-27 12:52:00,2025-05-27 16:50:00,2025-05-27 17:10:00,12,20,3005,122,Retardé
1389,WS1764,2025-05-27,WS,18,YYZ,YUL,2025-05-27 15:05:00,2025-05-27 15:06:00,2025-05-27 16:21:00,2025-05-27 16:17:00,1,-4,507,166,À l'heure
1390,WS1605,2025-05-27,WS,17,YYC,YYZ,2025-05-27 15:30:00,2025-05-27 15:27:00,2025-05-27 19:24:00,2025-05-27 19:19:00,-3,-5,2689,159,À l'heure
1391,AC440,2025-05-27,AC,15,YYZ,LHR,2025-05-27 17:00:00,2025-05-27 17:01:00,2025-05-28 00:53:00,2025-05-28 00:51:00,1,-2,5707,202,À l'heure
1392,WS1277,2025-05-27,WS,17,YWG,YYC,2025-05-27 17:10:00,2025-05-27 17:08:00,2025-05-27 19:15:00,2025-05-27 19:03:00,-2,-12,1191,123,À l'heure
1393,DL1779,2025-05-27,DL,53,YUL,JFK,2025-05-27 18:10:00,2025-05-27 18:11:00,2025-05-27 19:13:00,2025-05-27 19:11:00,1,-2,537,160,À l'heure
1394,DL1725,2025-05-27,DL,54,LAX,YVR,2025-05-27 18:25:00,2025-05-27 18:43:00,2025-05-27 21:04:00,2025-05-27 21:13:00,18,9,1741,125,À l'heure
1395,WS508,2025-05-27,WS,18,YYC,YWG,2025-05-27 19:30:00,2025-05-27 20:04:00,2025-05-27 21:24:00,2025-05-27 21:44:00,34,20,1191,157,Retardé
1396,PD1770,2025-05-27,PD,26,YHZ,YUL,2025-05-27 20:10:00,2025-05-27 20:42:00,2025-05-27 21:41:00,2025-05-27 22:04:00,32,23,804,107,Retardé
1397,WS1521,2025-05-27,WS,18,YYZ,YUL,2025-05-27 20:30:00,2025-05-27 20:25:00,2025-05-27 21:37:00,2025-05-27 21:31:00,-5,-6,507,119,À l'heure
1398,WS488,2025-05-28,WS,17,CUN,YUL,2025-05-28 07:05:00,2025-05-28 07:01:00,2025-05-28 11:14:00,2025-05-28 11:12:00,-4,-2,2970,110,À l'heure
1399,WS488,2025-05-28,WS,18,YUL,YYZ,2025-05-28 07:30:00,2025-05-28 07:29:00,2025-05-28 08:48:00,2025-05-28 08:56:00,-1,8,507,137,À l'heure
1400,F8519,2025-05-28,F8,41,YYZ,YVR,2025-05-28 07:35:00,2025-05-28 07:39:00,2025-05-28 12:17:00,2025-05-28 12:22:00,4,5,3346,157,À l'heure
1401,AC1537,2025-05-28,AC,9,YYZ,YHZ,2025-05-28 08:35:00,2025-05-28 08:34:00,2025-05-28 10:40:00,2025-05-28 10:41:00,-1,1,1288,157,À l'heure
1402,F8824,2025-05-28,F8,39,YVR,YUL,2025-05-28 11:05:00,2025-05-28 11:05:00,2025-05-28 16:06:00,2025-05-28 16:10:00,0,4,3682,170,À l'heure
1403,WS1510,2025-05-28,WS,18,YYZ,YWG,2025-05-28 11:40:00,2025-05-28 11:38:00,2025-05-28 14:11:00,2025-05-28 14:16:00,-2,5,1504,128,À l'heure
1404,AC143,2025-05-28,AC,6,LAX,YUL,2025-05-28 12:45:00,2025-05-28 12:59:00,2025-05-28 18:09:00,2025-05-28 18:15:00,14,6,3973,183,À l'heure
1405,PD699,2025-05-28,PD,28,YUL,YOW,2025-05-28 14:10:00,2025-05-28 14:06:00,2025-05-28 14:59:00,2025-05-28 14:47:00,-4,-12,151,119,À l'heure
1406,UA330,2025-05-28,UA,48,YYZ,ORD,2025-05-28 17:35:00,2025-05-28 17:40:00,2025-05-28 18:51:00,2025-05-28 19:04:00,5,13,701,131,À l'heure
1407,WS817,2025-05-28,WS,19,YWG,YYZ,2025-05-28 19:55:00,2025-05-28 20:01:00,2025-05-28 22:13:00,2025-05-28 22:08:00,6,-5,1504,126,À l'heure
1408,AC134,2025-05-28,AC,12,YUL,LHR,2025-05-28 20:05:00,2025-05-28 20:18:00,2025-05-29 03:06:00,2025-05-29 03:25:00,13,19,5215,267,Retardé
1409,AC1483,2025-05-29,AC,5,JFK,YUL,2025-05-29 06:35:00,2025-05-29 06:38:00,2025-05-29 07:44:00,2025-05-29 07:55:00,3,11,537,186,À l'heure
1410,F81072,2025-05-29,F8,39,YYZ,YYC,2025-05-29 08:30:00,2025-05-29 08:36:00,2025-05-29 12:27:00,2025-05-29 12:20:00,6,-7,2689,140,À l'heure
1411,UA1053,2025-05-29,UA,43,ORD,YUL,2025-05-29 13:20:00,2025-05-29 13:21:00,2025-05-29 15:15:00,2025-05-29 15:23:00,1,8,1201,159,À l'heure
1412,PD360,2025-05-29,PD,25,YOW,YUL,2025-05-29 13:45:00,2025-05-29 13:48:00,2025-05-29 14:23:00,2025-05-29 14:15:00,3,-8,151,123,À l'heure
1413,AC789,2025-05-29,AC,7,YUL,YYC,2025-05-29 14:00:00,2025-05-29 13:55:00,2025-05-29 18:21:00,2025-05-29 18:04:00,-5,-17,3005,113,À l'heure
1414,AF257,2025-05-29,AF,59,CDG,YUL,2025-05-29 16:25:00,2025-05-29 16:55:00,2025-05-29 23:57:00,2025-05-30 00:33:00,30,36,5523,246,Retardé
1415,AC1648,2025-05-29,AC,16,YUL,CDG,2025-05-29 18:20:00,2025-05-29 18:26:00,2025-05-30 01:41:00,2025-05-30 01:37:00,6,-4,5523,246,À l'heure
1416,WS1826,2025-05-29,WS,19,YVR,YUL,2025-05-29 19:40:00,2025-05-29 19:37:00,2025-05-30 00:46:00,2025-05-30 00:49:00,-3,3,3682,114,À l'heure
1417,AF352,2025-05-29,AF,55,CDG,YUL,2025-05-29 19:40:00,2025-05-29 19:46:00,2025-05-30 03:08:00,2025-05-30 03:06:00,6,-2,5523,217,À l'heure
1418,AC850,2025-05-29,AC,7,YYZ,YOW,2025-05-29 19:45:00,2025-05-29 19:49:00,2025-05-29 20:35:00,2025-05-29 20:38:00,4,3,363,131,À l'heure
1419,PD1783,2025-05-30,PD,27,YUL,YQB,2025-05-30 06:05:00,2025-05-30 06:05:00,2025-05-30 06:57:00,2025-05-30 07:00:00,0,3,233,109,À l'heure
1420,WS1300,2025-05-30,WS,19,YUL,CUN,2025-05-30 11:25:00,2025-05-30 11:35:00,2025-05-30 15:48:00,2025-05-30 16:05:00,10,17,2970,116,Retardé
1421,F8404,2025-05-30,F8,39,YYC,YWG,2025-05-30 12:30:00,2025-05-30 13:08:00,2025-05-30 14:38:00,2025-05-30 15:15:00,38,37,1191,134,Retardé
1422,PD271,2025-05-30,PD,29,YUL,YYZ,2025-05-30 13:20:00,2025-05-30 13:14:00,2025-05-30 14:24:00,2025-05-30 14:09:00,-6,-15,507,72,À l'heure
1423,AC426,2025-05-30,AC,7,YUL,YVR,2025-05-30 16:55:00,2025-05-30 16:53:00,2025-05-30 22:14:00,2025-05-30 22:15:00,-2,1,3682,166,À l'heure
1424,AC763,2025-05-30,AC,12,YYZ,LHR,2025-05-30 18:05:00,2025-05-30 18:08:00,2025-05-31 01:57:00,2025-05-31 01:55:00,3,-2,5707,274,À l'heure
1425,WS1169,2025-05-30,WS,19,YVR,YEG,2025-05-30 19:10:00,2025-05-30 19:11:00,2025-05-30 20:44:00,2025-05-30 20:46:00,1,2,809,147,À l'heure
1426,AC403,2025-05-30,AC,9,YYZ,YUL,2025-05-30 19:40:00,2025-05-30 20:45:00,2025-05-30 20:49:00,2025-05-30 21:47:00,65,58,507,157,Retardé
1427,WS1094,2025-05-30,WS,18,YYC,YUL,2025-05-30 21:20:00,2025-05-30 21:45:00,2025-05-31 01:38:00,2025-05-31 01:55:00,25,17,3005,149,Retardé
1428,AC288,2025-05-31,AC,3,YUL,YYZ,2025-05-31 06:55:00,2025-05-31 06:57:00,2025-05-31 08:06:00,2025-05-31 07:58:00,2,-8,507,146,À l'heure
1429,PD1567,2025-05-31,PD,31,YUL,YHZ,2025-05-31 12:00:00,2025-05-31 12:00:00,2025-05-31 13:26:00,2025-05-31 13:15:00,0,-11,804,65,À l'heure
1430,AC594,2025-05-31,AC,11,LHR,YYZ,2025-05-31 12:05:00,2025-05-31 12:06:00,2025-05-31 19:44:00,2025-05-31 19:38:00,1,-6,5707,264,À l'heure
1431,PD1366,2025-05-31,PD,27,YOW,YYZ,2025-05-31 13:10:00,2025-05-31 13:09:00,2025-05-31 14:00:00,2025-05-31 13:47:00,-1,-13,363,106,À l'heure
1432,AC812,2025-05-31,AC,1,YVR,YYZ,2025-05-31 14:50:00,2025-05-31 14:49:00,2025-05-31 19:32:00,2025-05-31 19:22:00,-1,-10,3346,97,À l'heure
1433,AC1768,2025-05-31,AC,3,YEG,YVR,2025-05-31 17:05:00,2025-05-31 17:01:00,2025-05-31 18:42:00,2025-05-31 18:48:00,-4,6,809,126,À l'heure
1434,WS948,2025-05-31,WS,17,YUL,YVR,2025-05-31 18:25:00,2025-05-31 18:26:00,2025-05-31 23:28:00,2025-05-31 23:22:00,1,-6,3682,118,À l'heure
1435,PD427,2025-06-01,PD,30,YYZ,YOW,2025-06-01 06:05:00,2025-06-01 06:02:00,2025-06-01 07:04:00,2025-06-01 07:04:00,-3,0,363,69,À l'heure
1436,WS182,2025-06-01,WS,17,YYC,YEG,2025-06-01 06:05:00,2025-06-01 06:08:00,2025-06-01 06:58:00,2025-06-01 07:02:00,3,4,244,143,À l'heure
1437,WS1119,2025-06-01,WS,20,YYZ,YVR,2025-06-01 07:15:00,2025-06-01 07:12:00,2025-06-01 12:04:00,2025-06-01 11:49:00,-3,-15,3346,166,À l'heure
1438,F8157,2025-06-01,F8,42,YYC,YYZ,2025-06-01 12:05:00,2025-06-01 12:03:00,2025-06-01 16:08:00,2025-06-01 16:16:00,-2,8,2689,155,À l'heure
1439,WS1646,2025-06-01,WS,19,YYC,YVR,2025-06-01 17:10:00,2025-06-01 17:12:00,2025-06-01 18:30:00,2025-06-01 18:20:00,2,-10,687,116,À l'heure
1440,AC1352,2025-06-01,AC,5,YUL,CUN,2025-06-01 19:20:00,2025-06-01 19:14:00,2025-06-01 23:28:00,2025-06-01 23:16:00,-6,-12,2970,135,À l'heure
1441,WS457,2025-06-01,WS,19,YVR,YYC,2025-06-01 20:40:00,2025-06-01 20:37:00,2025-06-01 22:11:00,2025-06-01 21:57:00,-3,-14,687,159,À l'heure
1442,AC579,2025-06-01,AC,1,YUL,LAX,2025-06-01 21:40:00,2025-06-01 22:13:00,2025-06-02 03:05:00,2025-06-02 03:30:00,33,25,3973,95,Retardé
1443,AC785,2025-06-01,AC,11,YUL,CDG,2025-06-01 21:40:00,2025-06-01 21:53:00,2025-06-02 05:06:00,2025-06-02 05:17:00,13,11,5523,262,À l'heure
1444,AC1754,2025-06-02,AC,9,YQB,YUL,2025-06-02 08:40:00,2025-06-02 08:41:00,2025-06-02 09:19:00,2025-06-02 09:17:00,1,-2,233,155,À l'heure
1445,WS568,2025-06-02,WS,17,YEG,YYC,2025-06-02 08:45:00,2025-06-02 08:46:00,2025-06-02 09:41:00,2025-06-02 09:44:00,1,3,244,153,À l'heure
1446,WS1083,2025-06-02,WS,19,YHZ,YYZ,2025-06-02 09:00:00,2025-06-02 09:01:00,2025-06-02 10:59:00,2025-06-02 10:56:00,1,-3,1288,154,À l'heure
1447,UA1205,2025-06-02,UA,44,YUL,ORD,2025-06-02 09:30:00,2025-06-02 09:30:00,2025-06-02 11:39:00,2025-06-02 11:41:00,0,2,1201,132,À l'heure
1448,AC1236,2025-06-02,AC,3,YYC,YYZ,2025-06-02 10:25:00,2025-06-02 10:28:00,2025-06-02 14:18:00,2025-06-02 14:21:00,3,3,2689,174,À l'heure
1449,DL1935,2025-06-02,DL,52,JFK,YUL,2025-06-02 14:15:00,2025-06-02 14:16:00,2025-06-02 15:30:00,2025-06-02 15:26:00,1,-4,537,162,À l'heure
1450,AC1667,2025-06-02,AC,11,LHR,YUL,2025-06-02 15:55:00,2025-06-02 16:02:00,2025-06-02 22:57:00,2025-06-02 23:14:00,7,17,5215,246,Retardé
1451,PD406,2025-06-02,PD,30,YOW,YYZ,2025-06-02 16:35:00,2025-06-02 16:52:00,2025-06-02 17:38:00,2025-06-02 18:00:00,17,22,363,70,Retardé
1452,UA407,2025-06-02,UA,44,ORD,YYZ,2025-06-02 17:45:00,2025-06-02 18:02:00,2025-06-02 19:04:00,2025-06-02 19:15:00,17,11,701,119,À l'heure
1453,F81323,2025-06-02,F8,39,YVR,YYZ,2025-06-02 18:50:00,2025-06-02 18:52:00,2025-06-02 23:28:00,2025-06-02 23:35:00,2,7,3346,155,À l'heure
1454,DL1040,2025-06-02,DL,50,YUL,JFK,2025-06-02 19:40:00,2025-06-02 19:45:00,2025-06-02 20:44:00,2025-06-02 20:56:00,5,12,537,98,À l'heure
1455,AC1245,2025-06-02,AC,10,YUL,JFK,2025-06-02 21:45:00,2025-06-02 21:47:00,2025-06-02 23:00:00,2025-06-02 22:59:00,2,-1,537,162,À l'heure
1456,PD1126,2025-06-03,PD,28,YYZ,YUL,2025-06-03 08:05:00,2025-06-03 08:08:00,2025-06-03 09:11:00,2025-06-03 09:19:00,3,8,507,101,À l'heure
1457,WS342,2025-06-03,WS,17,YWG,YYC,2025-06-03 09:30:00,2025-06-03 09:45:00,2025-06-03 11:27:00,2025-06-03 11:44:00,15,17,1191,116,Retardé
1458,AC197,2025-06-03,AC,4,YHZ,YUL,2025-06-03 10:35:00,2025-06-03 10:41:00,2025-06-03 12:12:00,2025-06-03 12:13:00,6,1,804,128,À l'heure
1459,DL1739,2025-06-03,DL,50,YVR,LAX,2025-06-03 11:15:00,2025-06-03 11:14:00,2025-06-03 14:06:00,2025-06-03 14:03:00,-1,-3,1741,133,À l'heure
1460,DL330,2025-06-03,DL,50,LAX,YVR,2025-06-03 12:45:00,2025-06-03 13:08:00,2025-06-03 15:25:00,2025-06-03 15:50:00,23,25,1741,101,Retardé
1461,PD353,2025-06-03,PD,27,YUL,YYZ,2025-06-03 13:55:00,2025-06-03 14:08:00,2025-06-03 15:13:00,2025-06-03 15:28:00,13,15,507,116,À l'heure
1462,PD1210,2025-06-03,PD,31,YYZ,YUL,2025-06-03 17:05:00,2025-06-03 17:36:00,2025-06-03 18:22:00,2025-06-03 19:02:00,31,40,507,52,Retardé
1463,WS1939,2025-06-03,WS,20,CUN,YUL,2025-06-03 19:50:00,2025-06-03 19:57:00,2025-06-03 23:58:00,2025-06-04 00:03:00,7,5,2970,136,À l'heure
1464,WS1923,2025-06-04,WS,18,YYC,YUL,2025-06-04 06:10:00,2025-06-04 08:43:00,2025-06-04 10:22:00,2025-06-04 13:01:00,153,159,3005,148,Retardé
1465,UA1583,2025-06-04,UA,44,YYZ,ORD,2025-06-04 07:05:00,2025-06-04 07:03:00,2025-06-04 08:30:00,2025-06-04 08:26:00,-2,-4,701,135,À l'heure
1466,WS212,2025-06-04,WS,17,YYZ,YUL,2025-06-04 07:35:00,2025-06-04 07:40:00,2025-06-04 08:37:00,2025-06-04 08:37:00,5,0,507,116,À l'heure
1467,AC1154,2025-06-04,AC,5,YUL,LAX,2025-06-04 17:00:00,2025-06-04 17:05:00,2025-06-04 22:36:00,2025-06-04 22:30:00,5,-6,3973,130,À l'heure
1468,F8328,2025-06-04,F8,39,YYC,YWG,2025-06-04 18:15:00,2025-06-04 18:18:00,2025-06-04 20:17:00,2025-06-04 20:23:00,3,6,1191,143,À l'heure
1469,AC156,2025-06-04,AC,10,YYC,YVR,2025-06-04 20:10:00,2025-06-04 20:14:00,2025-06-04 21:26:00,2025-06-04 21:31:00,4,5,687,135,À l'heure
1470,AF105,2025-06-04,AF,60,CDG,YUL,2025-06-04 21:55:00,2025-06-04 22:02:00,2025-06-05 05:29:00,2025-06-05 05:46:00,7,17,5523,193,Retardé
1471,WS1532,2025-06-05,WS,17,YWG,YYZ,2025-06-05 07:05:00,2025-06-05 07:04:00,2025-06-05 09:28:00,2025-06-05 09:34:00,-1,6,1504,145,À l'heure
1472,AC310,2025-06-05,AC,9,YQB,YUL,2025-06-05 07:10:00,2025-06-05 07:09:00,2025-06-05 07:59:00,2025-06-05 07:54:00,-1,-5,233,148,À l'heure
1473,AC1541,2025-06-05,AC,10,YHZ,YUL,2025-06-05 07:50:00,2025-06-05 07:48:00,2025-06-05 09:24:00,2025-06-05 09:12:00,-2,-12,804,144,À l'heure
1474,PD1201,2025-06-05,PD,26,YYZ,YUL,2025-06-05 07:55:00,2025-06-05 07:55:00,2025-06-05 09:00:00,2025-06-05 09:05:00,0,5,507,126,À l'heure
1475,TS1357,2025-06-05,TS,34,CUN,YUL,2025-06-05 09:05:00,2025-06-05 09:22:00,2025-06-05 13:15:00,2025-06-05 13:41:00,17,26,2970,125,Retardé
1476,TS1234,2025-06-05,TS,33,CUN,YUL,2025-06-05 12:35:00,2025-06-05 12:54:00,2025-06-05 16:56:00,2025-06-05 17:05:00,19,9,2970,168,À l'heure
1477,AC1539,2025-06-05,AC,2,YYZ,YWG,2025-06-05 12:45:00,2025-06-05 12:55:00,2025-06-05 15:12:00,2025-06-05 15:30:00,10,18,1504,120,Retardé
1478,WS506,2025-06-05,WS,20,YUL,YYZ,2025-06-05 19:25:00,2025-06-05 19:49:00,2025-06-05 20:36:00,2025-06-05 20:58:00,24,22,507,110,Retardé
1479,AC778,2025-06-06,AC,4,YUL,YYC,2025-06-06 06:35:00,2025-06-06 08:05:00,2025-06-06 10:45:00,2025-06-06 12:08:00,90,83,3005,127,Retardé
1480,WS844,2025-06-06,WS,20,YEG,YYC,2025-06-06 07:15:00,2025-06-06 07:12:00,2025-06-06 08:13:00,2025-06-06 07:57:00,-3,-16,244,164,À l'heure
1481,UA1952,2025-06-06,UA,44,ORD,YYZ,2025-06-06 11:25:00,2025-06-06 11:20:00,2025-06-06 12:51:00,2025-06-06 12:44:00,-5,-7,701,126,À l'heure
1482,UA541,2025-06-06,UA,45,YUL,ORD,2025-06-06 11:50:00,2025-06-06 11:55:00,2025-06-06 13:51:00,2025-06-06 14:04:00,5,13,1201,169,À l'heure
1483,WS427,2025-06-06,WS,18,YVR,YYC,2025-06-06 14:00:00,2025-06-06 13:55:00,2025-06-06 15:19:00,2025-06-06 15:01:00,-5,-18,687,117,À l'heure
1484,AC1321,2025-06-06,AC,5,YYZ,YYC,2025-06-06 16:10:00,2025-06-06 16:14:00,2025-06-06 20:12:00,2025-06-06 20:18:00,4,6,2689,187,À l'heure
1485,AC351,2025-06-06,AC,2,JFK,YUL,2025-06-06 17:45:00,2025-06-06 18:04:00,2025-06-06 18:56:00,2025-06-06 19:16:00,19,20,537,103,Retardé
1486,AC584,2025-06-06,AC,8,YUL,CUN,2025-06-06 17:45:00,2025-06-06 17:48:00,2025-06-06 22:08:00,2025-06-06 22:00:00,3,-8,2970,128,À l'heure
1487,DL462,2025-06-06,DL,54,LAX,YVR,2025-06-06 18:25:00,2025-06-06 18:27:00,2025-06-06 20:59:00,2025-06-06 21:06:00,2,7,1741,171,À l'heure
1488,PD233,2025-06-07,PD,31,YHZ,YYZ,2025-06-07 07:05:00,2025-06-07 07:05:00,2025-06-07 09:12:00,2025-06-07 09:12:00,0,0,1288,74,À l'heure
1489,AC1593,2025-06-07,AC,1,YUL,YHZ,2025-06-07 08:20:00,2025-06-07 08:45:00,2025-06-07 09:46:00,2025-06-07 09:59:00,25,13,804,134,À l'heure
1490,WS645,2025-06-07,WS,17,YUL,YYZ,2025-06-07 08:40:00,2025-06-07 08:40:00,2025-06-07 09:47:00,2025-06-07 09:45:00,0,-2,507,146,À l'heure
1491,AC161,2025-06-07,AC,5,YUL,CUN,2025-06-07 09:55:00,2025-06-07 09:56:00,2025-06-07 14:12:00,2025-06-07 14:13:00,1,1,2970,189,À l'heure
1492,WS1239,2025-06-07,WS,17,YYC,YYZ,2025-06-07 11:05:00,2025-06-07 11:09:00,2025-06-07 15:07:00,2025-06-07 15:19:00,4,12,2689,122,À l'heure
1493,AC1149,2025-06-07,AC,9,YYZ,YVR,2025-06-07 16:20:00,2025-06-07 16:28:00,2025-06-07 21:13:00,2025-06-07 21:08:00,8,-5,3346,156,À l'heure
1494,DL1454,2025-06-07,DL,54,YUL,JFK,2025-06-07 18:10:00,2025-06-07 18:27:00,2025-06-07 19:18:00,2025-06-07 19:33:00,17,15,537,180,À l'heure
1495,AC386,2025-06-07,AC,16,YUL,CDG,2025-06-07 18:10:00,2025-06-07 18:36:00,2025-06-08 01:32:00,2025-06-08 02:06:00,26,34,5523,270,Retardé
1496,PD1392,2025-06-07,PD,29,YOW,YUL,2025-06-07 20:15:00,2025-06-07 20:46:00,2025-06-07 20:59:00,2025-06-07 21:19:00,31,20,151,62,Retardé
1497,PD467,2025-06-08,PD,26,YOW,YYZ,2025-06-08 06:25:00,2025-06-08 06:31:00,2025-06-08 07:15:00,2025-06-08 07:07:00,6,-8,363,116,À l'heure
1498,WS538,2025-06-08,WS,19,YYC,YEG,2025-06-08 09:30:00,2025-06-08 09:26:00,2025-06-08 10:22:00,2025-06-08 10:13:00,-4,-9,244,131,À l'heure
1499,PD854,2025-06-08,PD,28,YYZ,YUL,2025-06-08 09:55:00,2025-06-08 09:51:00,2025-06-08 11:01:00,2025-06-08 11:00:00,-4,-1,507,115,À l'heure
1500,PD1991,2025-06-08,PD,26,YOW,YYZ,2025-06-08 10:45:00,2025-06-08 10:52:00,2025-06-08 11:44:00,2025-06-08 11:37:00,7,-7,363,121,À l'heure
1501,AC1964,2025-06-08,AC,2,LAX,YUL,2025-06-08 11:15:00,2025-06-08 11:23:00,2025-06-08 16:51:00,2025-06-08 16:58:00,8,7,3973,118,À l'heure
1502,PD416,2025-06-08,PD,30,YUL,YYZ,2025-06-08 12:05:00,2025-06-08 12:03:00,2025-06-08 13:23:00,2025-06-08 13:23:00,-2,0,507,63,À l'heure
1503,AC1594,2025-06-08,AC,16,YUL,LHR,2025-06-08 17:15:00,2025-06-08 17:31:00,2025-06-09 00:17:00,2025-06-09 00:19:00,16,2,5215,251,À l'heure
1504,DL1182,2025-06-08,DL,54,YUL,JFK,2025-06-08 18:30:00,2025-06-08 18:48:00,2025-06-08 19:47:00,2025-06-08 19:54:00,18,7,537,188,À l'heure
1505,WS1400,2025-06-08,WS,17,YEG,YVR,2025-06-08 21:40:00,2025-06-08 21:37:00,2025-06-08 23:05:00,2025-06-08 22:52:00,-3,-13,809,169,À l'heure
1506,WS1899,2025-06-08,WS,17,YUL,YVR,2025-06-08 21:45:00,2025-06-08 21:55:00,2025-06-09 02:47:00,2025-06-09 02:58:00,10,11,3682,167,À l'heure
1507,AC729,2025-06-09,AC,2,YYC,YVR,2025-06-09 08:45:00,2025-06-09 08:46:00,2025-06-09 10:00:00,2025-06-09 10:02:00,1,2,687,128,À l'heure
1508,AC784,2025-06-09,AC,9,ORD,YUL,2025-06-09 11:30:00,2025-06-09 11:31:00,2025-06-09 13:31:00,2025-06-09 13:34:00,1,3,1201,140,À l'heure
1509,AC1066,2025-06-09,AC,4,YYZ,YHZ,2025-06-09 12:00:00,2025-06-09 11:58:00,2025-06-09 14:00:00,2025-06-09 13:52:00,-2,-8,1288,157,À l'heure
1510,AC838,2025-06-09,AC,1,YYZ,YUL,2025-06-09 12:30:00,2025-06-09 12:43:00,2025-06-09 13:43:00,2025-06-09 13:51:00,13,8,507,132,À l'heure
1511,PD1925,2025-06-09,PD,28,YUL,YOW,2025-06-09 12:50:00,,2025-06-09 13:38:00,,,,151,,Annulé
1512,F8744,2025-06-09,F8,42,YYZ,YVR,2025-06-09 13:40:00,2025-06-09 15:31:00,2025-06-09 18:29:00,2025-06-09 20:08:00,111,99,3346,147,Retardé
1513,F8458,2025-06-09,F8,42,YWG,YYC,2025-06-09 16:05:00,2025-06-09 16:19:00,2025-06-09 18:04:00,2025-06-09 18:26:00,14,22,1191,151,Retardé
1514,DL837,2025-06-09,DL,54,YVR,LAX,2025-06-09 16:25:00,2025-06-09 16:24:00,2025-06-09 19:12:00,2025-06-09 19:10:00,-1,-2,1741,175,À l'heure
1515,AC732,2025-06-09,AC,12,LHR,YUL,2025-06-09 18:15:00,,2025-06-10 01:31:00,,,,5215,,Annulé
1516,WS954,2025-06-09,WS,20,YUL,YYZ,2025-06-09 20:10:00,2025-06-09 20:18:00,2025-06-09 21:22:00,2025-06-09 21:30:00,8,8,507,146,À l'heure
1517,WS609,2025-06-09,WS,20,YVR,YYZ,2025-06-09 20:10:00,2025-06-09 20:25:00,2025-06-10 01:00:00,2025-06-10 01:12:00,15,12,3346,125,À l'heure
1518,AC567,2025-06-09,AC,13,LHR,YYZ,2025-06-09 20:55:00,2025-06-09 21:03:00,2025-06-10 04:33:00,2025-06-10 04:42:00,8,9,5707,269,À l'heure
1519,AF1915,2025-06-09,AF,55,YUL,CDG,2025-06-09 21:00:00,2025-06-09 21:00:00,2025-06-10 04:35:00,2025-06-10 04:43:00,0,8,5523,280,À l'heure
1520,AC1342,2025-06-09,AC,1,YYC,YYZ,2025-06-09 21:45:00,2025-06-09 21:50:00,2025-06-10 01:33:00,2025-06-10 01:48:00,5,15,2689,121,À l'heure
1521,F81280,2025-06-10,F8,39,YYZ,YYC,2025-06-10 10:25:00,2025-06-10 10:54:00,2025-06-10 14:29:00,2025-06-10 14:54:00,29,25,2689,137,Retardé
1522,AF636,2025-06-10,AF,56,CDG,YUL,2025-06-10 10:30:00,2025-06-10 10:34:00,2025-06-10 18:00:00,2025-06-10 18:00:00,4,0,5523,190,À l'heure
1523,AC997,2025-06-10,AC,2,YVR,YEG,2025-06-10 11:05:00,2025-06-10 11:02:00,2025-06-10 12:45:00,2025-06-10 12:34:00,-3,-11,809,131,À l'heure
1524,WS296,2025-06-10,WS,17,YVR,YUL,2025-06-10 13:05:00,2025-06-10 13:21:00,2025-06-10 18:18:00,2025-06-10 18:27:00,16,9,3682,147,À l'heure
1525,AC871,2025-06-10,AC,7,JFK,YUL,2025-06-10 15:30:00,2025-06-10 15:35:00,2025-06-10 16:44:00,2025-06-10 16:42:00,5,-2,537,143,À l'heure
1526,PD278,2025-06-10,PD,28,YYZ,YOW,2025-06-10 18:10:00,2025-06-10 18:07:00,2025-06-10 19:14:00,2025-06-10 19:03:00,-3,-11,363,101,À l'heure
1527,AC208,2025-06-10,AC,15,YYZ,LHR,2025-06-10 20:10:00,2025-06-10 20:36:00,2025-06-11 03:58:00,2025-06-11 04:13:00,26,15,5707,241,À l'heure
1528,F8558,2025-06-10,F8,41,YVR,YYZ,2025-06-10 20:55:00,2025-06-10 21:21:00,2025-06-11 01:43:00,2025-06-11 02:16:00,26,33,3346,128,Retardé
1529,AC919,2025-06-10,AC,8,YUL,YQB,2025-06-10 21:45:00,2025-06-10 21:52:00,2025-06-10 22:32:00,2025-06-10 22:48:00,7,16,233,160,Retardé
1530,WS1982,2025-06-11,WS,18,YYC,YVR,2025-06-11 11:05:00,2025-06-11 14:12:00,2025-06-11 12:23:00,2025-06-11 15:30:00,187,187,687,132,Retardé
1531,F8259,2025-06-11,F8,39,YWG,YYC,2025-06-11 14:05:00,2025-06-11 14:06:00,2025-06-11 16:15:00,2025-06-11 16:19:00,1,4,1191,164,À l'heure
1532,AC1397,2025-06-11,AC,5,LAX,YUL,2025-06-11 14:50:00,2025-06-11 14:55:00,2025-06-11 20:18:00,2025-06-11 20:33:00,5,15,3973,168,À l'heure
1533,F8635,2025-06-12,F8,42,YVR,YUL,2025-06-12 06:55:00,2025-06-12 07:00:00,2025-06-12 11:59:00,2025-06-12 11:58:00,5,-1,3682,148,À l'heure
1534,PD1923,2025-06-12,PD,27,YUL,YOW,2025-06-12 10:00:00,2025-06-12 10:12:00,2025-06-12 10:35:00,2025-06-12 10:39:00,12,4,151,88,À l'heure
1535,AC106,2025-06-12,AC,8,YUL,YYZ,2025-06-12 11:45:00,2025-06-12 11:43:00,2025-06-12 12:45:00,2025-06-12 12:44:00,-2,-1,507,144,À l'heure
1536,PD929,2025-06-12,PD,28,YUL,YYZ,2025-06-12 13:00:00,2025-06-12 12:58:00,2025-06-12 14:15:00,2025-06-12 14:15:00,-2,0,507,120,À l'heure
1537,AC321,2025-06-12,AC,8,YYZ,YVR,2025-06-12 16:00:00,2025-06-12 16:34:00,2025-06-12 20:54:00,2025-06-12 21:14:00,34,20,3346,136,Retardé
1538,AC484,2025-06-12,AC,7,YUL,CUN,2025-06-12 17:50:00,2025-06-12 17:50:00,2025-06-12 22:03:00,2025-06-12 22:12:00,0,9,2970,124,À l'heure
1539,WS478,2025-06-12,WS,19,YYZ,YYC,2025-06-12 17:50:00,2025-06-12 18:03:00,2025-06-12 21:41:00,2025-06-12 22:00:00,13,19,2689,143,Retardé
1540,AC1362,2025-06-12,AC,5,YVR,YYC,2025-06-12 20:20:00,2025-06-12 20:49:00,2025-06-12 21:50:00,2025-06-12 22:08:00,29,18,687,184,Retardé
1541,AC1162,2025-06-12,AC,11,YYZ,LHR,2025-06-12 20:45:00,2025-06-12 20:50:00,2025-06-13 04:28:00,2025-06-13 04:35:00,5,7,5707,225,À l'heure
1542,PD574,2025-06-12,PD,26,YYZ,YOW,2025-06-12 21:50:00,2025-06-12 21:57:00,2025-06-12 22:48:00,2025-06-12 22:47:00,7,-1,363,121,À l'heure
1543,WS250,2025-06-13,WS,20,YEG,YYC,2025-06-13 08:20:00,2025-06-13 08:17:00,2025-06-13 09:06:00,2025-06-13 08:57:00,-3,-9,244,132,À l'heure
1544,UA144,2025-06-13,UA,46,YYZ,ORD,2025-06-13 09:45:00,2025-06-13 09:48:00,2025-06-13 11:05:00,2025-06-13 11:16:00,3,11,701,161,À l'heure
1545,WS1535,2025-06-13,WS,18,YYC,YEG,2025-06-13 09:45:00,2025-06-13 09:45:00,2025-06-13 10:35:00,2025-06-13 10:34:00,0,-1,244,113,À l'heure
1546,AC205,2025-06-13,AC,4,YYZ,YOW,2025-06-13 09:50:00,2025-06-13 10:08:00,2025-06-13 10:49:00,2025-06-13 10:55:00,18,6,363,179,À l'heure
1547,F8525,2025-06-13,F8,39,YYC,YWG,2025-06-13 12:30:00,2025-06-13 12:56:00,2025-06-13 14:29:00,2025-06-13 15:01:00,26,32,1191,136,Retardé
1548,AC1785,2025-06-13,AC,4,YUL,JFK,2025-06-13 12:35:00,2025-06-13 13:05:00,2025-06-13 13:46:00,2025-06-13 14:09:00,30,23,537,141,Retardé
1549,AC1279,2025-06-13,AC,8,YEG,YVR,2025-06-13 14:50:00,2025-06-13 14:49:00,2025-06-13 16:18:00,2025-06-13 16:07:00,-1,-11,809,120,À l'heure
1550,PD1997,2025-06-13,PD,26,YOW,YYZ,2025-06-13 14:55:00,2025-06-13 15:18:00,2025-06-13 15:57:00,2025-06-13 16:23:00,23,26,363,95,Retardé
1551,DL1670,2025-06-13,DL,52,YVR,LAX,2025-06-13 16:45:00,2025-06-13 16:43:00,2025-06-13 19:32:00,2025-06-13 19:39:00,-2,7,1741,145,À l'heure
1552,PD1643,2025-06-13,PD,29,YUL,YYZ,2025-06-13 18:05:00,2025-06-13 18:15:00,2025-06-13 19:17:00,2025-06-13 19:29:00,10,12,507,69,À l'heure
1553,AC1957,2025-06-13,AC,16,YUL,LHR,2025-06-13 18:10:00,2025-06-13 18:09:00,2025-06-14 01:09:00,2025-06-14 00:54:00,-1,-15,5215,206,À l'heure
1554,WS1908,2025-06-13,WS,19,YYC,YYZ,2025-06-13 19:20:00,2025-06-13 19:14:00,2025-06-13 23:08:00,2025-06-13 22:54:00,-6,-14,2689,152,À l'heure
1555,AC1265,2025-06-14,AC,8,YUL,YQB,2025-06-14 06:25:00,2025-06-14 06:24:00,2025-06-14 07:16:00,2025-06-14 07:09:00,-1,-7,233,159,À l'heure
1556,F8808,2025-06-14,F8,39,YYC,YVR,2025-06-14 07:20:00,2025-06-14 07:24:00,2025-06-14 08:40:00,2025-06-14 08:50:00,4,10,687,151,À l'heure
1557,AC1788,2025-06-14,AC,1,YUL,ORD,2025-06-14 07:50:00,2025-06-14 07:58:00,2025-06-14 09:44:00,2025-06-14 09:43:00,8,-1,1201,126,À l'heure
1558,AC469,2025-06-14,AC,9,YOW,YYZ,2025-06-14 10:15:00,2025-06-14 10:16:00,2025-06-14 11:18:00,2025-06-14 11:24:00,1,6,363,129,À l'heure
1559,TS1650,2025-06-14,TS,36,CDG,YUL,2025-06-14 14:20:00,2025-06-14 14:18:00,2025-06-14 21:56:00,2025-06-14 21:46:00,-2,-10,5523,284,À l'heure
1560,AC1829,2025-06-15,AC,3,YYZ,YUL,2025-06-15 06:45:00,2025-06-15 06:40:00,2025-06-15 07:48:00,2025-06-15 07:50:00,-5,2,507,156,À l'heure
1561,AC312,2025-06-15,AC,6,JFK,YUL,2025-06-15 07:20:00,2025-06-15 07:31:00,2025-06-15 08:39:00,2025-06-15 09:00:00,11,21,537,146,Retardé
1562,AC1886,2025-06-15,AC,3,YVR,YYC,2025-06-15 07:35:00,2025-06-15 07:37:00,2025-06-15 09:00:00,2025-06-15 09:02:00,2,2,687,171,À l'heure
1563,DL589,2025-06-15,DL,52,JFK,YUL,2025-06-15 07:50:00,2025-06-15 07:51:00,2025-06-15 08:52:00,2025-06-15 08:52:00,1,0,537,124,À l'heure
1564,AC1461,2025-06-15,AC,15,LHR,YUL,2025-06-15 08:15:00,2025-06-15 08:35:00,2025-06-15 15:20:00,2025-06-15 15:44:00,20,24,5215,268,Retardé
1565,PD901,2025-06-15,PD,25,YOW,YUL,2025-06-15 11:55:00,2025-06-15 11:56:00,2025-06-15 12:42:00,2025-06-15 12:29:00,1,-13,151,89,À l'heure
1566,AC694,2025-06-15,AC,6,YYC,YUL,2025-06-15 12:35:00,2025-06-15 12:33:00,2025-06-15 16:52:00,2025-06-15 17:00:00,-2,8,3005,160,À l'heure
1567,AC1433,2025-06-15,AC,6,YVR,YEG,2025-06-15 14:45:00,2025-06-15 14:42:00,2025-06-15 16:12:00,2025-06-15 16:11:00,-3,-1,809,176,À l'heure
1568,AC516,2025-06-15,AC,10,CUN,YUL,2025-06-15 15:05:00,2025-06-15 15:45:00,2025-06-15 19:19:00,2025-06-15 19:46:00,40,27,2970,141,Retardé
1569,WS1747,2025-06-15,WS,19,YVR,YUL,2025-06-15 17:45:00,2025-06-15 17:48:00,2025-06-15 22:46:00,2025-06-15 22:36:00,3,-10,3682,129,À l'heure
1570,AC1434,2025-06-15,AC,1,YUL,YHZ,2025-06-15 18:35:00,2025-06-15 19:11:00,2025-06-15 20:08:00,2025-06-15 20:35:00,36,27,804,95,Retardé
1571,WS1204,2025-06-15,WS,17,YUL,CUN,2025-06-15 20:15:00,2025-06-15 20:48:00,2025-06-16 00:29:00,2025-06-16 01:12:00,33,43,2970,153,Retardé
1572,AC283,2025-06-15,AC,2,YVR,YYZ,2025-06-15 20:20:00,2025-06-15 20:19:00,2025-06-16 00:56:00,2025-06-16 01:04:00,-1,8,3346,107,À l'heure
1573,F8574,2025-06-15,F8,41,YYZ,YYC,2025-06-15 20:35:00,2025-06-15 20:46:00,2025-06-16 00:36:00,2025-06-16 00:36:00,11,0,2689,135,À l'heure
1574,AC1343,2025-06-15,AC,1,YYZ,YUL,2025-06-15 21:10:00,2025-06-15 21:16:00,2025-06-15 22:19:00,2025-06-15 22:33:00,6,14,507,126,À l'heure
1575,AC1149,2025-06-15,AC,13,LHR,YYZ,2025-06-15 21:10:00,2025-06-15 21:12:00,2025-06-16 05:03:00,2025-06-16 04:59:00,2,-4,5707,255,À l'heure
1576,AC960,2025-06-16,AC,9,YYZ,YWG,2025-06-16 06:20:00,2025-06-16 06:23:00,2025-06-16 08:50:00,2025-06-16 08:47:00,3,-3,1504,124,À l'heure
1577,AC1066,2025-06-16,AC,5,YUL,JFK,2025-06-16 06:30:00,2025-06-16 06:30:00,2025-06-16 07:43:00,2025-06-16 07:33:00,0,-10,537,153,À l'heure
1578,F81770,2025-06-16,F8,39,YYZ,YVR,2025-06-16 06:30:00,2025-06-16 06:31:00,2025-06-16 11:18:00,2025-06-16 11:18:00,1,0,3346,154,À l'heure
1579,PD1570,2025-06-16,PD,31,YQB,YUL,2025-06-16 07:25:00,2025-06-16 07:24:00,2025-06-16 08:18:00,2025-06-16 08:27:00,-1,9,233,64,À l'heure
1580,UA1150,2025-06-16,UA,43,ORD,YUL,2025-06-16 07:50:00,2025-06-16 07:59:00,2025-06-16 09:50:00,2025-06-16 10:01:00,9,11,1201,114,À l'heure
1581,WS1123,2025-06-16,WS,17,YUL,YYC,2025-06-16 09:45:00,2025-06-16 09:39:00,2025-06-16 14:00:00,2025-06-16 13:51:00,-6,-9,3005,131,À l'heure
1582,WS361,2025-06-16,WS,17,YYC,YYZ,2025-06-16 11:25:00,2025-06-16 11:56:00,2025-06-16 15:22:00,2025-06-16 15:50:00,31,28,2689,164,Retardé
1583,AC1931,2025-06-16,AC,9,YUL,LAX,2025-06-16 12:00:00,2025-06-16 11:59:00,2025-06-16 17:26:00,2025-06-16 17:20:00,-1,-6,3973,111,À l'heure
1584,WS542,2025-06-16,WS,18,YWG,YYZ,2025-06-16 15:55:00,2025-06-16 15:56:00,2025-06-16 18:23:00,2025-06-16 18:20:00,1,-3,1504,157,À l'heure
1585,UA278,2025-06-16,UA,43,ORD,YYZ,2025-06-16 20:05:00,2025-06-16 20:11:00,2025-06-16 21:31:00,2025-06-16 21:35:00,6,4,701,140,À l'heure
1586,AF1886,2025-06-16,AF,55,YUL,CDG,2025-06-16 21:20:00,2025-06-16 21:22:00,2025-06-17 04:43:00,2025-06-17 04:46:00,2,3,5523,265,À l'heure
1587,AC154,2025-06-17,AC,10,CUN,YUL,2025-06-17 07:55:00,2025-06-17 08:04:00,2025-06-17 12:18:00,2025-06-17 12:19:00,9,1,2970,152,À l'heure
1588,WS1097,2025-06-17,WS,17,YUL,YVR,2025-06-17 09:55:00,2025-06-17 10:02:00,2025-06-17 14:57:00,2025-06-17 15:06:00,7,9,3682,135,À l'heure
1589,F81957,2025-06-17,F8,42,YVR,YYZ,2025-06-17 10:20:00,2025-06-17 12:01:00,2025-06-17 14:57:00,2025-06-17 16:31:00,101,94,3346,134,Retardé
1590,AC1392,2025-06-17,AC,2,YYZ,YHZ,2025-06-17 10:55:00,2025-06-17 10:52:00,2025-06-17 13:01:00,2025-06-17 13:06:00,-3,5,1288,122,À l'heure
1591,PD865,2025-06-17,PD,31,YYZ,YUL,2025-06-17 13:25:00,2025-06-17 13:33:00,2025-06-17 14:39:00,2025-06-17 14:38:00,8,-1,507,65,À l'heure
1592,PD284,2025-06-17,PD,26,YHZ,YUL,2025-06-17 14:40:00,2025-06-17 14:36:00,2025-06-17 16:16:00,2025-06-17 16:13:00,-4,-3,804,90,À l'heure
1593,WS678,2025-06-17,WS,18,YHZ,YYZ,2025-06-17 15:00:00,2025-06-17 15:13:00,2025-06-17 17:03:00,2025-06-17 17:03:00,13,0,1288,165,À l'heure
1594,WS217,2025-06-17,WS,17,YUL,YYZ,2025-06-17 15:55:00,2025-06-17 16:11:00,2025-06-17 17:03:00,2025-06-17 17:19:00,16,16,507,164,Retardé
1595,AF1562,2025-06-17,AF,60,YUL,CDG,2025-06-17 18:55:00,2025-06-17 18:53:00,2025-06-18 02:25:00,2025-06-18 02:25:00,-2,0,5523,268,À l'heure
1596,TS101,2025-06-17,TS,38,CDG,YUL,2025-06-17 19:15:00,2025-06-17 19:39:00,2025-06-18 02:42:00,2025-06-18 02:58:00,24,16,5523,204,Retardé
1597,AC578,2025-06-17,AC,5,LAX,YVR,2025-06-17 21:55:00,2025-06-17 21:57:00,2025-06-18 00:40:00,2025-06-18 00:33:00,2,-7,1741,156,À l'heure
1598,DL1790,2025-06-18,DL,50,JFK,YUL,2025-06-18 07:00:00,2025-06-18 07:09:00,2025-06-18 08:06:00,2025-06-18 08:02:00,9,-4,537,100,À l'heure
1599,PD910,2025-06-18,PD,29,YUL,YHZ,2025-06-18 07:10:00,2025-06-18 07:14:00,2025-06-18 08:41:00,2025-06-18 08:49:00,4,8,804,52,À l'heure
1600,AC1256,2025-06-18,AC,6,YVR,LAX,2025-06-18 16:10:00,2025-06-18 16:16:00,2025-06-18 18:54:00,2025-06-18 19:09:00,6,15,1741,163,À l'heure
1601,AC502,2025-06-18,AC,10,YVR,YYZ,2025-06-18 17:55:00,2025-06-18 18:09:00,2025-06-18 22:43:00,2025-06-18 23:04:00,14,21,3346,136,Retardé
1602,WS412,2025-06-18,WS,19,YYZ,YYC,2025-06-18 19:15:00,2025-06-18 19:14:00,2025-06-18 23:09:00,2025-06-18 23:09:00,-1,0,2689,118,À l'heure
1603,AC1369,2025-06-18,AC,6,YVR,YEG,2025-06-18 19:15:00,2025-06-18 19:20:00,2025-06-18 20:38:00,2025-06-18 20:47:00,5,9,809,160,À l'heure
1604,WS619,2025-06-18,WS,19,YVR,YUL,2025-06-18 20:05:00,2025-06-18 20:19:00,2025-06-19 01:23:00,2025-06-19 01:28:00,14,5,3682,164,À l'heure
1605,AC1742,2025-06-18,AC,1,YYZ,YUL,2025-06-18 20:55:00,2025-06-18 21:18:00,2025-06-18 22:05:00,2025-06-18 22:25:00,23,20,507,119,Retardé
1606,F8742,2025-06-18,F8,39,YYZ,YVR,2025-06-18 21:25:00,2025-06-18 22:07:00,2025-06-19 02:08:00,2025-06-19 02:57:00,42,49,3346,157,Retardé
1607,AC636,2025-06-19,AC,7,YUL,YYZ,2025-06-19 08:20:00,2025-06-19 08:19:00,2025-06-19 09:31:00,2025-06-19 09:18:00,-1,-13,507,163,À l'heure
1608,WS1247,2025-06-19,WS,17,YWG,YYC,2025-06-19 08:55:00,2025-06-19 09:13:00,2025-06-19 10:55:00,2025-06-19 11:05:00,18,10,1191,144,À l'heure
1609,AC1955,2025-06-19,AC,10,YYC,YUL,2025-06-19 09:40:00,2025-06-19 10:00:00,2025-06-19 13:51:00,2025-06-19 14:02:00,20,11,3005,130,À l'heure
1610,AC124,2025-06-19,AC,10,LAX,YUL,2025-06-19 10:35:00,2025-06-19 10:43:00,2025-06-19 16:03:00,2025-06-19 16:12:00,8,9,3973,158,À l'heure
1611,AC1336,2025-06-19,AC,5,ORD,YUL,2025-06-19 17:15:00,2025-06-19 17:23:00,2025-06-19 19:08:00,2025-06-19 19:13:00,8,5,1201,161,À l'heure
1612,F8840,2025-06-19,F8,40,YYC,YWG,2025-06-19 17:50:00,2025-06-19 18:15:00,2025-06-19 19:44:00,2025-06-19 20:01:00,25,17,1191,134,Retardé
1613,AC1774,2025-06-19,AC,16,YUL,LHR,2025-06-19 18:15:00,2025-06-19 18:15:00,2025-06-20 01:13:00,2025-06-20 01:22:00,0,9,5215,256,À l'heure
1614,PD1121,2025-06-19,PD,25,YOW,YUL,2025-06-19 18:20:00,2025-06-19 18:22:00,2025-06-19 19:02:00,2025-06-19 18:53:00,2,-9,151,88,À l'heure
1615,AC1537,2025-06-19,AC,9,YUL,YYZ,2025-06-19 20:45:00,2025-06-19 21:21:00,2025-06-19 21:53:00,2025-06-19 22:28:00,36,35,507,131,Retardé
1616,AC993,2025-06-19,AC,3,CUN,YUL,2025-06-19 21:20:00,2025-06-19 21:24:00,2025-06-20 01:31:00,2025-06-20 01:26:00,4,-5,2970,159,À l'heure
1617,PD967,2025-06-19,PD,29,YYZ,YHZ,2025-06-19 21:35:00,2025-06-19 21:44:00,2025-06-19 23:39:00,2025-06-19 23:42:00,9,3,1288,69,À l'heure
1618,DL1419,2025-06-20,DL,52,JFK,YUL,2025-06-20 09:00:00,2025-06-20 09:00:00,2025-06-20 10:02:00,2025-06-20 10:08:00,0,6,537,135,À l'heure
1619,AC1393,2025-06-20,AC,6,YUL,ORD,2025-06-20 11:45:00,2025-06-20 11:50:00,2025-06-20 13:53:00,2025-06-20 13:47:00,5,-6,1201,169,À l'heure
1620,WS1326,2025-06-20,WS,19,YHZ,YYZ,2025-06-20 14:40:00,2025-06-20 14:48:00,2025-06-20 16:52:00,2025-06-20 16:46:00,8,-6,1288,148,À l'heure
1621,WS1472,2025-06-20,WS,17,YUL,YYZ,2025-06-20 15:35:00,2025-06-20 15:39:00,2025-06-20 16:39:00,2025-06-20 16:32:00,4,-7,507,147,À l'heure
1622,AF952,2025-06-20,AF,55,CDG,YUL,2025-06-20 16:10:00,2025-06-20 16:35:00,2025-06-20 23:36:00,2025-06-20 23:55:00,25,19,5523,196,Retardé
1623,UA448,2025-06-20,UA,47,YYZ,ORD,2025-06-20 16:50:00,2025-06-20 16:51:00,2025-06-20 18:15:00,2025-06-20 18:08:00,1,-7,701,156,À l'heure
1624,AC715,2025-06-20,AC,8,YUL,CUN,2025-06-20 21:00:00,2025-06-20 21:24:00,2025-06-21 01:17:00,2025-06-21 01:42:00,24,25,2970,168,Retardé
1625,PD891,2025-06-21,PD,28,YYZ,YUL,2025-06-21 10:10:00,2025-06-21 10:31:00,2025-06-21 11:28:00,2025-06-21 11:58:00,21,30,507,126,Retardé
1626,AC1262,2025-06-21,AC,14,CDG,YUL,2025-06-21 10:30:00,2025-06-21 10:25:00,2025-06-21 17:55:00,2025-06-21 17:56:00,-5,1,5523,226,À l'heure
1627,AC1172,2025-06-21,AC,3,YVR,YYC,2025-06-21 10:45:00,2025-06-21 10:51:00,2025-06-21 12:13:00,2025-06-21 12:24:00,6,11,687,162,À l'heure
1628,AC217,2025-06-21,AC,3,YUL,YQB,2025-06-21 11:50:00,2025-06-21 15:27:00,2025-06-21 12:40:00,2025-06-21 16:14:00,217,214,233,174,Retardé
1629,PD1933,2025-06-21,PD,31,YHZ,YUL,2025-06-21 13:25:00,2025-06-21 13:31:00,2025-06-21 14:54:00,2025-06-21 15:07:00,6,13,804,49,À l'heure
1630,AC597,2025-06-21,AC,1,LAX,YVR,2025-06-21 14:00:00,2025-06-21 14:08:00,2025-06-21 16:50:00,2025-06-21 17:01:00,8,11,1741,130,À l'heure
1631,AC168,2025-06-21,AC,9,YYZ,YOW,2025-06-21 15:15:00,2025-06-21 15:16:00,2025-06-21 16:14:00,2025-06-21 16:23:00,1,9,363,108,À l'heure
1632,AC233,2025-06-21,AC,12,YUL,CDG,2025-06-21 17:15:00,2025-06-21 17:12:00,2025-06-22 00:46:00,2025-06-22 00:30:00,-3,-16,5523,279,À l'heure
1633,TS343,2025-06-21,TS,32,CUN,YUL,2025-06-21 20:00:00,2025-06-21 21:05:00,2025-06-22 00:25:00,2025-06-22 01:36:00,65,71,2970,159,Retardé
1634,F8784,2025-06-21,F8,42,YVR,YYZ,2025-06-21 21:05:00,2025-06-21 21:11:00,2025-06-22 01:42:00,2025-06-22 01:56:00,6,14,3346,164,À l'heure
1635,PD242,2025-06-22,PD,25,YUL,YOW,2025-06-22 08:35:00,2025-06-22 08:37:00,2025-06-22 09:25:00,2025-06-22 09:31:00,2,6,151,105,À l'heure
1636,WS1085,2025-06-22,WS,20,YVR,YYC,2025-06-22 09:25:00,2025-06-22 09:27:00,2025-06-22 10:44:00,2025-06-22 10:51:00,2,7,687,156,À l'heure
1637,AC1410,2025-06-22,AC,5,YUL,YVR,2025-06-22 09:35:00,2025-06-22 09:33:00,2025-06-22 14:54:00,2025-06-22 14:39:00,-2,-15,3682,129,À l'heure
1638,AC1921,2025-06-22,AC,11,LHR,YUL,2025-06-22 15:50:00,2025-06-22 15:46:00,2025-06-22 22:53:00,2025-06-22 22:46:00,-4,-7,5215,233,À l'heure
1639,AC1604,2025-06-22,AC,16,YYZ,LHR,2025-06-22 17:15:00,2025-06-22 19:51:00,2025-06-23 01:05:00,2025-06-23 03:41:00,156,156,5707,250,Retardé
1640,F81927,2025-06-22,F8,39,YYZ,YVR,2025-06-22 19:40:00,2025-06-22 19:56:00,2025-06-23 00:28:00,2025-06-23 00:30:00,16,2,3346,120,À l'heure
1641,AC1886,2025-06-22,AC,7,YYZ,YUL,2025-06-22 20:25:00,2025-06-22 21:33:00,2025-06-22 21:34:00,2025-06-22 22:35:00,68,61,507,117,Retardé
1642,WS113,2025-06-22,WS,19,YYC,YEG,2025-06-22 20:35:00,2025-06-22 20:36:00,2025-06-22 21:18:00,2025-06-22 21:08:00,1,-10,244,168,À l'heure
1643,WS556,2025-06-22,WS,17,YYZ,YWG,2025-06-22 20:50:00,,2025-06-22 23:20:00,,,,1504,,Annulé
1644,F81721,2025-06-23,F8,41,YYZ,YYC,2025-06-23 07:55:00,2025-06-23 08:06:00,2025-06-23 11:42:00,2025-06-23 11:41:00,11,-1,2689,170,À l'heure
1645,AC309,2025-06-23,AC,5,YYC,YVR,2025-06-23 07:55:00,2025-06-23 07:58:00,2025-06-23 09:19:00,2025-06-23 09:08:00,3,-11,687,178,À l'heure
1646,WS590,2025-06-23,WS,19,YEG,YYC,2025-06-23 08:35:00,2025-06-23 12:22:00,2025-06-23 09:24:00,2025-06-23 13:00:00,227,216,244,108,Retardé
1647,UA365,2025-06-23,UA,46,ORD,YYZ,2025-06-23 09:00:00,2025-06-23 09:01:00,2025-06-23 10:21:00,2025-06-23 10:25:00,1,4,701,119,À l'heure
1648,AC363,2025-06-23,AC,4,YUL,LAX,2025-06-23 10:20:00,2025-06-23 10:34:00,2025-06-23 15:55:00,2025-06-23 15:57:00,14,2,3973,169,À l'heure
1649,PD1898,2025-06-23,PD,31,YYZ,YOW,2025-06-23 13:20:00,2025-06-23 13:19:00,2025-06-23 14:13:00,2025-06-23 14:09:00,-1,-4,363,48,À l'heure
1650,AC1192,2025-06-23,AC,11,LHR,YYZ,2025-06-23 14:15:00,2025-06-23 14:17:00,2025-06-23 21:58:00,2025-06-23 21:58:00,2,0,5707,189,À l'heure
1651,DL1194,2025-06-23,DL,53,YUL,JFK,2025-06-23 14:25:00,2025-06-23 14:21:00,2025-06-23 15:36:00,2025-06-23 15:41:00,-4,5,537,137,À l'heure
1652,AC714,2025-06-23,AC,3,YOW,YYZ,2025-06-23 15:30:00,2025-06-23 15:42:00,2025-06-23 16:28:00,2025-06-23 16:48:00,12,20,363,163,Retardé
1653,AC1905,2025-06-23,AC,9,YYZ,YUL,2025-06-23 16:25:00,2025-06-23 16:32:00,2025-06-23 17:25:00,2025-06-23 17:21:00,7,-4,507,125,À l'heure
1654,AC1232,2025-06-23,AC,8,YUL,JFK,2025-06-23 17:30:00,2025-06-23 17:38:00,2025-06-23 18:33:00,2025-06-23 18:41:00,8,8,537,138,À l'heure
1655,AC812,2025-06-23,AC,15,YUL,CDG,2025-06-23 17:35:00,2025-06-23 17:38:00,2025-06-24 01:05:00,2025-06-24 00:56:00,3,-9,5523,248,À l'heure
1656,AC1657,2025-06-23,AC,6,YEG,YVR,2025-06-23 19:45:00,2025-06-23 19:43:00,2025-06-23 21:20:00,2025-06-23 21:10:00,-2,-10,809,183,À l'heure
1657,WS1808,2025-06-24,WS,18,YYC,YYZ,2025-06-24 08:25:00,2025-06-24 08:21:00,2025-06-24 12:26:00,2025-06-24 12:10:00,-4,-16,2689,110,À l'heure
1658,AC923,2025-06-24,AC,9,YWG,YYZ,2025-06-24 12:35:00,2025-06-24 12:56:00,2025-06-24 14:56:00,2025-06-24 15:17:00,21,21,1504,114,Retardé
1659,AC760,2025-06-24,AC,10,YUL,YYZ,2025-06-24 14:30:00,2025-06-24 14:33:00,2025-06-24 15:43:00,2025-06-24 15:36:00,3,-7,507,141,À l'heure
1660,WS1310,2025-06-24,WS,18,YYC,YYZ,2025-06-24 16:35:00,2025-06-24 16:38:00,2025-06-24 20:30:00,2025-06-24 20:26:00,3,-4,2689,128,À l'heure
1661,AC539,2025-06-24,AC,3,YUL,YYC,2025-06-24 17:05:00,2025-06-24 17:11:00,2025-06-24 21:19:00,2025-06-24 21:24:00,6,5,3005,187,À l'heure
1662,AC497,2025-06-24,AC,7,YUL,CUN,2025-06-24 17:30:00,2025-06-24 17:44:00,2025-06-24 21:39:00,2025-06-24 21:54:00,14,15,2970,166,À l'heure
1663,AC1567,2025-06-24,AC,3,YQB,YUL,2025-06-24 19:40:00,2025-06-24 19:37:00,2025-06-24 20:19:00,2025-06-24 20:26:00,-3,7,233,126,À l'heure
1664,WS629,2025-06-24,WS,17,YYC,YVR,2025-06-24 20:50:00,2025-06-24 20:53:00,2025-06-24 22:22:00,2025-06-24 22:28:00,3,6,687,116,À l'heure
1665,AC1616,2025-06-25,AC,1,YYZ,YUL,2025-06-25 08:30:00,2025-06-25 08:28:00,2025-06-25 09:31:00,2025-06-25 09:28:00,-2,-3,507,91,À l'heure
1666,AC1123,2025-06-25,AC,8,CUN,YUL,2025-06-25 10:35:00,2025-06-25 10:31:00,2025-06-25 14:48:00,2025-06-25 14:41:00,-4,-7,2970,132,À l'heure
1667,DL1338,2025-06-25,DL,50,YUL,JFK,2025-06-25 11:35:00,2025-06-25 11:56:00,2025-06-25 12:54:00,2025-06-25 13:20:00,21,26,537,112,Retardé
1668,PD1962,2025-06-25,PD,25,YUL,YYZ,2025-06-25 13:45:00,2025-06-25 13:55:00,2025-06-25 14:53:00,2025-06-25 15:07:00,10,14,507,111,À l'heure
1669,WS1288,2025-06-25,WS,17,YUL,CUN,2025-06-25 15:35:00,2025-06-25 15:38:00,2025-06-25 19:52:00,2025-06-25 19:46:00,3,-6,2970,139,À l'heure
1670,WS1362,2025-06-25,WS,19,YYZ,YVR,2025-06-25 16:10:00,2025-06-25 16:27:00,2025-06-25 20:52:00,2025-06-25 21:01:00,17,9,3346,170,À l'heure
1671,AC1792,2025-06-25,AC,13,YUL,CDG,2025-06-25 19:35:00,2025-06-25 19:38:00,2025-06-26 02:56:00,2025-06-26 03:01:00,3,5,5523,212,À l'heure
1672,AC1357,2025-06-25,AC,13,YYZ,LHR,2025-06-25 21:15:00,2025-06-25 21:37:00,2025-06-26 05:01:00,2025-06-26 05:22:00,22,21,5707,252,Retardé
1673,UA1661,2025-06-25,UA,47,YYZ,ORD,2025-06-25 21:40:00,2025-06-25 22:11:00,2025-06-25 23:02:00,2025-06-25 23:26:00,31,24,701,139,Retardé
1674,TS1840,2025-06-25,TS,38,CDG,YUL,2025-06-25 21:50:00,2025-06-25 21:49:00,2025-06-26 05:17:00,2025-06-26 05:03:00,-1,-14,5523,207,À l'heure
1675,WS1258,2025-06-26,WS,17,YVR,YEG,2025-06-26 06:20:00,2025-06-26 06:24:00,2025-06-26 07:45:00,2025-06-26 07:41:00,4,-4,809,123,À l'heure
1676,WS816,2025-06-26,WS,17,YYC,YYZ,2025-06-26 12:25:00,2025-06-26 15:09:00,2025-06-26 16:27:00,2025-06-26 19:10:00,164,163,2689,165,Retardé
1677,WS735,2025-06-26,WS,19,YYC,YVR,2025-06-26 17:20:00,2025-06-26 17:31:00,2025-06-26 18:39:00,2025-06-26 18:52:00,11,13,687,149,À l'heure
1678,PD1796,2025-06-26,PD,28,YYZ,YUL,2025-06-26 18:10:00,2025-06-26 18:12:00,2025-06-26 19:24:00,2025-06-26 19:24:00,2,0,507,116,À l'heure
1679,WS1901,2025-06-26,WS,17,YUL,YYC,2025-06-26 19:20:00,2025-06-26 19:23:00,2025-06-26 23:37:00,2025-06-26 23:35:00,3,-2,3005,121,À l'heure
1680,UA1744,2025-06-26,UA,47,ORD,YYZ,2025-06-26 21:05:00,2025-06-26 21:09:00,2025-06-26 22:24:00,2025-06-26 22:15:00,4,-9,701,119,À l'heure
1681,AC1788,2025-06-27,AC,8,YUL,YQB,2025-06-27 06:05:00,2025-06-27 06:04:00,2025-06-27 06:57:00,2025-06-27 06:48:00,-1,-9,233,125,À l'heure
1682,F81703,2025-06-27,F8,40,YVR,YYZ,2025-06-27 06:15:00,2025-06-27 06:58:00,2025-06-27 11:08:00,2025-06-27 11:51:00,43,43,3346,163,Retardé
1683,AC1521,2025-06-27,AC,13,LHR,YUL,2025-06-27 10:10:00,2025-06-27 12:57:00,2025-06-27 17:16:00,2025-06-27 20:09:00,167,173,5215,185,Retardé
1684,AC773,2025-06-27,AC,10,LAX,YUL,2025-06-27 13:30:00,2025-06-27 13:35:00,2025-06-27 18:59:00,2025-06-27 18:58:00,5,-1,3973,131,À l'heure
1685,F8996,2025-06-27,F8,39,YYC,YYZ,2025-06-27 19:45:00,2025-06-27 19:55:00,2025-06-27 23:36:00,2025-06-27 23:42:00,10,6,2689,110,À l'heure
1686,UA1862,2025-06-28,UA,48,ORD,YUL,2025-06-28 06:05:00,2025-06-28 06:29:00,2025-06-28 08:01:00,2025-06-28 08:28:00,24,27,1201,118,Retardé
1687,AC1926,2025-06-28,AC,8,YVR,LAX,2025-06-28 07:00:00,2025-06-28 07:09:00,2025-06-28 09:44:00,2025-06-28 09:53:00,9,9,1741,126,À l'heure
1688,F81961,2025-06-28,F8,41,YYC,YWG,2025-06-28 08:20:00,2025-06-28 08:23:00,2025-06-28 10:25:00,2025-06-28 10:17:00,3,-8,1191,124,À l'heure
1689,WS543,2025-06-28,WS,18,YVR,YUL,2025-06-28 08:55:00,2025-06-28 10:05:00,2025-06-28 14:02:00,2025-06-28 15:17:00,70,75,3682,108,Retardé
1690,AC1721,2025-06-28,AC,6,YQB,YUL,2025-06-28 08:55:00,2025-06-28 08:51:00,2025-06-28 09:34:00,2025-06-28 09:18:00,-4,-16,233,168,À l'heure
1691,TS1664,2025-06-28,TS,37,CDG,YUL,2025-06-28 11:40:00,2025-06-28 12:00:00,2025-06-28 19:19:00,2025-06-28 19:45:00,20,26,5523,214,Retardé
1692,AC1602,2025-06-28,AC,9,YUL,YHZ,2025-06-28 16:00:00,2025-06-28 16:00:00,2025-06-28 17:32:00,2025-06-28 17:23:00,0,-9,804,108,À l'heure
1693,F81262,2025-06-28,F8,40,YVR,YYZ,2025-06-28 16:15:00,2025-06-28 16:38:00,2025-06-28 21:02:00,2025-06-28 21:18:00,23,16,3346,138,Retardé
1694,WS1608,2025-06-28,WS,19,YEG,YYC,2025-06-28 17:15:00,2025-06-28 17:42:00,2025-06-28 18:06:00,2025-06-28 18:34:00,27,28,244,127,Retardé
1695,AC1242,2025-06-28,AC,3,YUL,YVR,2025-06-28 17:45:00,2025-06-28 17:41:00,2025-06-28 22:58:00,2025-06-28 22:53:00,-4,-5,3682,143,À l'heure
1696,AC408,2025-06-28,AC,13,YUL,LHR,2025-06-28 18:00:00,2025-06-28 18:06:00,2025-06-29 01:01:00,2025-06-29 01:01:00,6,0,5215,202,À l'heure
1697,F81123,2025-06-28,F8,41,YWG,YYC,2025-06-28 18:35:00,2025-06-28 18:31:00,2025-06-28 20:35:00,2025-06-28 20:27:00,-4,-8,1191,152,À l'heure
1698,PD1085,2025-06-28,PD,30,YUL,YYZ,2025-06-28 20:35:00,2025-06-28 20:38:00,2025-06-28 21:52:00,2025-06-28 21:47:00,3,-5,507,72,À l'heure
1699,WS179,2025-06-29,WS,18,YYZ,YUL,2025-06-29 08:10:00,2025-06-29 08:09:00,2025-06-29 09:10:00,2025-06-29 09:19:00,-1,9,507,169,À l'heure
1700,DL421,2025-06-29,DL,54,JFK,YUL,2025-06-29 10:30:00,2025-06-29 10:29:00,2025-06-29 11:39:00,2025-06-29 11:45:00,-1,6,537,149,À l'heure
1701,AC186,2025-06-29,AC,9,YYZ,YVR,2025-06-29 10:50:00,2025-06-29 10:46:00,2025-06-29 15:28:00,2025-06-29 15:33:00,-4,5,3346,144,À l'heure
1702,AC1453,2025-06-29,AC,2,YYZ,YHZ,2025-06-29 11:20:00,2025-06-29 11:27:00,2025-06-29 13:28:00,2025-06-29 13:25:00,7,-3,1288,105,À l'heure
1703,AC1981,2025-06-29,AC,9,YUL,JFK,2025-06-29 12:30:00,2025-06-29 12:25:00,2025-06-29 13:46:00,2025-06-29 13:39:00,-5,-7,537,149,À l'heure
1704,DL558,2025-06-29,DL,50,LAX,YVR,2025-06-29 16:10:00,2025-06-29 16:09:00,2025-06-29 18:55:00,2025-06-29 18:48:00,-1,-7,1741,126,À l'heure
1705,WS805,2025-06-29,WS,19,YYZ,YWG,2025-06-29 18:05:00,2025-06-29 17:59:00,2025-06-29 20:26:00,2025-06-29 20:22:00,-6,-4,1504,139,À l'heure
1706,PD1533,2025-06-29,PD,28,YOW,YUL,2025-06-29 19:10:00,2025-06-29 19:22:00,2025-06-29 20:00:00,2025-06-29 20:00:00,12,0,151,117,À l'heure
1707,AC584,2025-06-29,AC,16,YUL,CDG,2025-06-29 19:35:00,2025-06-29 19:32:00,2025-06-30 03:09:00,2025-06-30 03:10:00,-3,1,5523,212,À l'heure
1708,AC283,2025-06-29,AC,16,LHR,YYZ,2025-06-29 21:10:00,2025-06-29 22:56:00,2025-06-30 04:58:00,2025-06-30 06:33:00,106,95,5707,213,Retardé
1709,AC1664,2025-06-29,AC,2,YVR,YUL,2025-06-29 21:35:00,2025-06-29 21:44:00,2025-06-30 02:54:00,2025-06-30 03:00:00,9,6,3682,120,À l'heure
1710,AC954,2025-06-30,AC,3,YUL,LAX,2025-06-30 07:30:00,2025-06-30 07:57:00,2025-06-30 13:00:00,2025-06-30 13:14:00,27,14,3973,159,À l'heure
1711,AC1009,2025-06-30,AC,9,YYC,YUL,2025-06-30 07:55:00,2025-06-30 07:54:00,2025-06-30 12:14:00,2025-06-30 12:10:00,-1,-4,3005,111,À l'heure
1712,AC1095,2025-06-30,AC,1,YWG,YYZ,2025-06-30 13:00:00,2025-06-30 13:00:00,2025-06-30 15:22:00,2025-06-30 15:21:00,0,-1,1504,126,À l'heure
1713,AC1504,2025-06-30,AC,2,YOW,YYZ,2025-06-30 20:55:00,2025-06-30 21:17:00,2025-06-30 21:59:00,2025-06-30 22:08:00,22,9,363,116,À l'heure
1714,PD1378,2025-07-01,PD,31,YUL,YOW,2025-07-01 07:10:00,2025-07-01 07:22:00,2025-07-01 08:01:00,2025-07-01 08:08:00,12,7,151,68,À l'heure
1715,PD159,2025-07-01,PD,30,YUL,YYZ,2025-07-01 10:55:00,2025-07-01 10:56:00,2025-07-01 12:06:00,2025-07-01 12:16:00,1,10,507,48,À l'heure
1716,AC1606,2025-07-01,AC,2,YYC,YVR,2025-07-01 10:55:00,2025-07-01 11:02:00,2025-07-01 12:15:00,2025-07-01 12:23:00,7,8,687,115,À l'heure
1717,AC1572,2025-07-01,AC,6,YYZ,YOW,2025-07-01 12:15:00,2025-07-01 12:14:00,2025-07-01 13:04:00,2025-07-01 12:56:00,-1,-8,363,173,À l'heure
1718,WS597,2025-07-01,WS,18,YVR,YYC,2025-07-01 12:35:00,2025-07-01 12:46:00,2025-07-01 13:54:00,2025-07-01 14:03:00,11,9,687,108,À l'heure
1719,WS1867,2025-07-01,WS,17,YEG,YVR,2025-07-01 12:45:00,2025-07-01 13:05:00,2025-07-01 14:23:00,2025-07-01 14:41:00,20,18,809,143,Retardé
1720,PD1220,2025-07-01,PD,25,YHZ,YYZ,2025-07-01 13:50:00,2025-07-01 13:54:00,2025-07-01 16:06:00,2025-07-01 16:20:00,4,14,1288,100,À l'heure
1721,F8746,2025-07-01,F8,41,YYZ,YYC,2025-07-01 16:25:00,2025-07-01 16:23:00,2025-07-01 20:23:00,2025-07-01 20:17:00,-2,-6,2689,109,À l'heure
1722,WS572,2025-07-01,WS,19,YYC,YEG,2025-07-01 16:35:00,2025-07-01 16:36:00,2025-07-01 17:19:00,2025-07-01 17:23:00,1,4,244,107,À l'heure
1723,UA1097,2025-07-01,UA,43,YUL,ORD,2025-07-01 17:15:00,2025-07-01 17:13:00,2025-07-01 19:09:00,2025-07-01 18:59:00,-2,-10,1201,154,À l'heure
1724,WS1389,2025-07-01,WS,19,YUL,YVR,2025-07-01 20:00:00,2025-07-01 20:04:00,2025-07-02 01:06:00,2025-07-02 01:08:00,4,2,3682,118,À l'heure
1725,AC998,2025-07-01,AC,3,YHZ,YUL,2025-07-01 20:05:00,2025-07-01 20:04:00,2025-07-01 21:36:00,2025-07-01 21:32:00,-1,-4,804,123,À l'heure
1726,PD1657,2025-07-01,PD,28,YOW,YYZ,2025-07-01 20:40:00,2025-07-01 21:04:00,2025-07-01 21:32:00,2025-07-01 21:45:00,24,13,363,112,À l'heure
1727,AC1750,2025-07-02,AC,6,YOW,YYZ,2025-07-02 06:20:00,2025-07-02 06:34:00,2025-07-02 07:25:00,2025-07-02 07:39:00,14,14,363,181,À l'heure
1728,PD401,2025-07-02,PD,27,YOW,YYZ,2025-07-02 07:50:00,2025-07-02 07:51:00,2025-07-02 08:46:00,2025-07-02 08:50:00,1,4,363,115,À l'heure
1729,AC1689,2025-07-02,AC,4,LAX,YVR,2025-07-02 09:25:00,2025-07-02 10:40:00,2025-07-02 12:15:00,2025-07-02 13:30:00,75,75,1741,183,Retardé
1730,WS123,2025-07-02,WS,19,YYZ,YVR,2025-07-02 10:35:00,2025-07-02 10:35:00,2025-07-02 15:14:00,2025-07-02 15:03:00,0,-11,3346,129,À l'heure
1731,AC872,2025-07-02,AC,14,LHR,YUL,2025-07-02 10:45:00,2025-07-02 10:45:00,2025-07-02 17:45:00,2025-07-02 17:35:00,0,-10,5215,239,À l'heure
1732,F81811,2025-07-02,F8,39,YYZ,YVR,2025-07-02 13:30:00,2025-07-02 13:53:00,2025-07-02 18:23:00,2025-07-02 18:46:00,23,23,3346,143,Retardé
1733,WS275,2025-07-02,WS,18,YUL,YYZ,2025-07-02 14:25:00,2025-07-02 14:22:00,2025-07-02 15:32:00,2025-07-02 15:29:00,-3,-3,507,107,À l'heure
1734,AC286,2025-07-02,AC,4,YYZ,YWG,2025-07-02 14:25:00,2025-07-02 14:27:00,2025-07-02 16:54:00,2025-07-02 16:52:00,2,-2,1504,145,À l'heure
1735,WS601,2025-07-02,WS,20,YYC,YYZ,2025-07-02 14:40:00,2025-07-02 15:38:00,2025-07-02 18:38:00,2025-07-02 19:35:00,58,57,2689,132,Retardé
1736,AC953,2025-07-02,AC,9,YYZ,YYC,2025-07-02 16:55:00,2025-07-02 17:08:00,2025-07-02 20:54:00,2025-07-02 21:14:00,13,20,2689,130,Retardé
1737,WS1049,2025-07-02,WS,20,YWG,YYC,2025-07-02 20:35:00,2025-07-02 20:34:00,2025-07-02 22:29:00,2025-07-02 22:29:00,-1,0,1191,152,À l'heure
1738,AC724,2025-07-03,AC,4,CUN,YUL,2025-07-03 09:30:00,2025-07-03 09:36:00,2025-07-03 13:46:00,2025-07-03 14:00:00,6,14,2970,143,À l'heure
1739,PD1727,2025-07-03,PD,27,YUL,YOW,2025-07-03 10:35:00,2025-07-03 10:34:00,2025-07-03 11:18:00,2025-07-03 11:10:00,-1,-8,151,127,À l'heure
1740,AC1218,2025-07-03,AC,10,YUL,YYZ,2025-07-03 11:45:00,2025-07-03 11:47:00,2025-07-03 13:02:00,2025-07-03 13:00:00,2,-2,507,124,À l'heure
1741,PD656,2025-07-03,PD,27,YYZ,YUL,2025-07-03 12:55:00,2025-07-03 12:51:00,2025-07-03 14:06:00,2025-07-03 13:48:00,-4,-18,507,88,À l'heure
1742,UA858,2025-07-03,UA,48,YUL,ORD,2025-07-03 12:55:00,2025-07-03 13:10:00,2025-07-03 14:54:00,2025-07-03 15:01:00,15,7,1201,167,À l'heure
1743,AC581,2025-07-03,AC,7,YHZ,YYZ,2025-07-03 14:05:00,2025-07-03 14:13:00,2025-07-03 16:17:00,2025-07-03 16:28:00,8,11,1288,128,À l'heure
1744,PD1064,2025-07-03,PD,27,YUL,YQB,2025-07-03 14:30:00,2025-07-03 14:34:00,2025-07-03 15:11:00,2025-07-03 15:18:00,4,7,233,98,À l'heure
1745,PD1708,2025-07-03,PD,25,YYZ,YUL,2025-07-03 18:30:00,2025-07-03 18:56:00,2025-07-03 19:34:00,2025-07-03 19:50:00,26,16,507,123,Retardé
1746,DL735,2025-07-03,DL,51,JFK,YUL,2025-07-03 18:55:00,2025-07-03 19:27:00,2025-07-03 20:05:00,2025-07-03 20:24:00,32,19,537,108,Retardé
1747,AC979,2025-07-03,AC,6,LAX,YUL,2025-07-03 20:40:00,2025-07-03 20:41:00,2025-07-04 02:05:00,2025-07-04 02:14:00,1,9,3973,185,À l'heure
1748,UA474,2025-07-04,UA,45,YYZ,ORD,2025-07-04 06:40:00,2025-07-04 06:37:00,2025-07-04 08:08:00,2025-07-04 07:52:00,-3,-16,701,116,À l'heure
1749,F81297,2025-07-04,F8,41,YVR,YUL,2025-07-04 07:15:00,2025-07-04 07:19:00,2025-07-04 12:20:00,2025-07-04 12:16:00,4,-4,3682,165,À l'heure
1750,WS1016,2025-07-04,WS,18,YEG,YVR,2025-07-04 09:40:00,2025-07-04 10:03:00,2025-07-04 11:20:00,2025-07-04 11:33:00,23,13,809,119,À l'heure
1751,WS1776,2025-07-04,WS,18,YYC,YWG,2025-07-04 11:10:00,2025-07-04 12:19:00,2025-07-04 13:04:00,2025-07-04 14:13:00,69,69,1191,114,Retardé
1752,F8103,2025-07-04,F8,42,YVR,YYC,2025-07-04 12:05:00,2025-07-04 12:16:00,2025-07-04 13:22:00,2025-07-04 13:34:00,11,12,687,164,À l'heure
1753,AC225,2025-07-04,AC,13,YYZ,LHR,2025-07-04 19:30:00,2025-07-04 19:30:00,2025-07-05 03:16:00,2025-07-05 03:12:00,0,-4,5707,280,À l'heure
1754,AF333,2025-07-04,AF,61,YUL,CDG,2025-07-04 20:00:00,2025-07-04 19:56:00,2025-07-05 03:32:00,2025-07-05 03:19:00,-4,-13,5523,231,À l'heure
1755,F81827,2025-07-04,F8,41,YVR,YYZ,2025-07-04 20:55:00,2025-07-04 21:02:00,2025-07-05 01:49:00,2025-07-05 01:43:00,7,-6,3346,128,À l'heure
1756,AC1929,2025-07-04,AC,8,YUL,YYZ,2025-07-04 21:00:00,2025-07-05 01:14:00,2025-07-04 22:11:00,2025-07-05 02:20:00,254,249,507,124,Retardé
1757,WS199,2025-07-05,WS,18,YUL,YVR,2025-07-05 12:25:00,2025-07-05 12:30:00,2025-07-05 17:37:00,2025-07-05 17:42:00,5,5,3682,125,À l'heure
1758,WS371,2025-07-05,WS,17,YUL,YVR,2025-07-05 18:15:00,2025-07-05 18:20:00,2025-07-05 23:24:00,2025-07-05 23:29:00,5,5,3682,110,À l'heure
1759,WS621,2025-07-05,WS,20,YYC,YEG,2025-07-05 18:40:00,2025-07-05 18:47:00,2025-07-05 19:20:00,2025-07-05 19:21:00,7,1,244,120,À l'heure
1760,AC1996,2025-07-05,AC,14,YUL,CDG,2025-07-05 19:05:00,2025-07-05 19:25:00,2025-07-06 02:44:00,2025-07-06 03:03:00,20,19,5523,289,Retardé
1761,AC425,2025-07-05,AC,2,YVR,YUL,2025-07-05 20:40:00,2025-07-05 21:00:00,2025-07-06 01:59:00,2025-07-06 02:09:00,20,10,3682,133,À l'heure
1762,UA1074,2025-07-05,UA,48,ORD,YYZ,2025-07-05 21:15:00,2025-07-05 21:21:00,2025-07-05 22:46:00,2025-07-05 22:38:00,6,-8,701,164,À l'heure
1763,AC952,2025-07-06,AC,6,YYZ,YYC,2025-07-06 06:50:00,2025-07-06 10:14:00,2025-07-06 10:49:00,2025-07-06 14:10:00,204,201,2689,181,Retardé
1764,AC1654,2025-07-06,AC,3,ORD,YUL,2025-07-06 07:20:00,2025-07-06 07:26:00,2025-07-06 09:16:00,2025-07-06 09:15:00,6,-1,1201,191,À l'heure
1765,AC1973,2025-07-06,AC,5,YYZ,YHZ,2025-07-06 07:20:00,2025-07-06 07:26:00,2025-07-06 09:26:00,2025-07-06 09:26:00,6,0,1288,146,À l'heure
1766,AC803,2025-07-06,AC,13,LHR,YYZ,2025-07-06 09:00:00,2025-07-06 09:10:00,2025-07-06 16:42:00,2025-07-06 17:02:00,10,20,5707,185,Retardé
1767,WS1046,2025-07-06,WS,17,YYC,YYZ,2025-07-06 09:15:00,2025-07-06 09:35:00,2025-07-06 13:05:00,2025-07-06 13:23:00,20,18,2689,133,Retardé
1768,AC1027,2025-07-06,AC,6,YYZ,YOW,2025-07-06 11:40:00,2025-07-06 11:54:00,2025-07-06 12:36:00,2025-07-06 12:54:00,14,18,363,167,Retardé
1769,PD1750,2025-07-06,PD,30,YOW,YUL,2025-07-06 12:30:00,2025-07-06 12:58:00,2025-07-06 13:21:00,2025-07-06 13:50:00,28,29,151,75,Retardé
1770,F81939,2025-07-06,F8,40,YYC,YVR,2025-07-06 13:25:00,2025-07-06 16:29:00,2025-07-06 14:50:00,2025-07-06 18:01:00,184,191,687,166,Retardé
1771,WS1064,2025-07-06,WS,18,YVR,YEG,2025-07-06 15:30:00,2025-07-06 15:48:00,2025-07-06 17:01:00,2025-07-06 17:25:00,18,24,809,156,Retardé
1772,DL1190,2025-07-06,DL,53,YUL,JFK,2025-07-06 19:00:00,2025-07-06 19:05:00,2025-07-06 20:10:00,2025-07-06 20:05:00,5,-5,537,187,À l'heure
1773,DL929,2025-07-06,DL,54,JFK,YUL,2025-07-06 20:50:00,2025-07-06 20:55:00,2025-07-06 22:06:00,2025-07-06 21:58:00,5,-8,537,136,À l'heure
1774,PD438,2025-07-06,PD,25,YQB,YUL,2025-07-06 21:15:00,2025-07-06 22:20:00,2025-07-06 21:54:00,2025-07-06 23:00:00,65,66,233,124,Retardé
1775,AC590,2025-07-07,AC,5,YVR,YYZ,2025-07-07 06:05:00,2025-07-07 06:06:00,2025-07-07 10:50:00,2025-07-07 10:56:00,1,6,3346,161,À l'heure
1776,WS1091,2025-07-07,WS,19,YWG,YYZ,2025-07-07 09:00:00,2025-07-07 09:00:00,2025-07-07 11:23:00,2025-07-07 11:24:00,0,1,1504,113,À l'heure
1777,TS1747,2025-07-07,TS,32,CUN,YUL,2025-07-07 11:30:00,2025-07-07 11:31:00,2025-07-07 15:50:00,2025-07-07 15:53:00,1,3,2970,176,À l'heure
1778,AC106,2025-07-07,AC,1,YHZ,YUL,2025-07-07 12:30:00,2025-07-07 12:32:00,2025-07-07 13:53:00,2025-07-07 14:03:00,2,10,804,107,À l'heure
1779,TS1687,2025-07-07,TS,33,YUL,CUN,2025-07-07 12:30:00,2025-07-07 12:29:00,2025-07-07 16:54:00,2025-07-07 16:41:00,-1,-13,2970,127,À l'heure
1780,WS1805,2025-07-07,WS,17,YUL,YYC,2025-07-07 15:50:00,2025-07-07 16:23:00,2025-07-07 20:10:00,2025-07-07 20:29:00,33,19,3005,162,Retardé
1781,PD835,2025-07-07,PD,29,YUL,YHZ,2025-07-07 16:40:00,2025-07-07 16:39:00,2025-07-07 18:20:00,2025-07-07 18:08:00,-1,-12,804,67,À l'heure
1782,PD1965,2025-07-07,PD,26,YUL,YYZ,2025-07-07 17:05:00,2025-07-07 17:46:00,2025-07-07 18:14:00,2025-07-07 18:52:00,41,38,507,104,Retardé
1783,WS1625,2025-07-07,WS,17,YYZ,YUL,2025-07-07 17:45:00,2025-07-07 17:54:00,2025-07-07 18:50:00,2025-07-07 18:50:00,9,0,507,111,À l'heure
1784,WS693,2025-07-07,WS,18,YYC,YUL,2025-07-07 19:05:00,2025-07-07 19:49:00,2025-07-07 23:22:00,2025-07-08 00:15:00,44,53,3005,165,Retardé
1785,AC1425,2025-07-07,AC,13,CDG,YUL,2025-07-07 19:15:00,2025-07-07 19:10:00,2025-07-08 02:37:00,2025-07-08 02:40:00,-5,3,5523,250,À l'heure
1786,DL1303,2025-07-07,DL,53,YUL,JFK,2025-07-07 19:40:00,2025-07-07 19:51:00,2025-07-07 20:52:00,2025-07-07 21:08:00,11,16,537,135,Retardé
1787,WS478,2025-07-08,WS,18,YUL,CUN,2025-07-08 08:10:00,2025-07-08 08:17:00,2025-07-08 12:19:00,2025-07-08 12:13:00,7,-6,2970,138,À l'heure
1788,PD985,2025-07-08,PD,25,YYZ,YOW,2025-07-08 08:30:00,2025-07-08 08:28:00,2025-07-08 09:31:00,2025-07-08 09:34:00,-2,3,363,99,À l'heure
1789,WS167,2025-07-08,WS,20,YEG,YYC,2025-07-08 09:55:00,2025-07-08 09:57:00,2025-07-08 10:35:00,2025-07-08 10:38:00,2,3,244,110,À l'heure
1790,TS1251,2025-07-08,TS,37,CDG,YUL,2025-07-08 10:40:00,2025-07-08 11:14:00,2025-07-08 18:18:00,2025-07-08 18:57:00,34,39,5523,268,Retardé
1791,AC1665,2025-07-08,AC,5,YUL,LAX,2025-07-08 14:50:00,2025-07-08 14:48:00,2025-07-08 20:16:00,2025-07-08 20:17:00,-2,1,3973,187,À l'heure
1792,DL1839,2025-07-08,DL,51,YVR,LAX,2025-07-08 20:05:00,2025-07-08 20:12:00,2025-07-08 22:51:00,2025-07-08 23:06:00,7,15,1741,124,À l'heure
1793,AC1487,2025-07-08,AC,12,YUL,LHR,2025-07-08 20:20:00,2025-07-08 20:32:00,2025-07-09 03:29:00,2025-07-09 03:46:00,12,17,5215,241,Retardé
1794,AC1360,2025-07-09,AC,8,LAX,YUL,2025-07-09 06:30:00,2025-07-09 06:33:00,2025-07-09 11:58:00,2025-07-09 12:06:00,3,8,3973,167,À l'heure
1795,AC1628,2025-07-09,AC,4,YWG,YYZ,2025-07-09 07:25:00,2025-07-09 07:32:00,2025-07-09 09:49:00,2025-07-09 09:55:00,7,6,1504,180,À l'heure
1796,F81926,2025-07-09,F8,39,YVR,YUL,2025-07-09 09:30:00,2025-07-09 10:07:00,2025-07-09 14:45:00,2025-07-09 15:13:00,37,28,3682,112,Retardé
1797,AC1680,2025-07-09,AC,10,YVR,YEG,2025-07-09 10:50:00,2025-07-09 10:50:00,2025-07-09 12:20:00,2025-07-09 12:12:00,0,-8,809,112,À l'heure
1798,AF1026,2025-07-09,AF,57,CDG,YUL,2025-07-09 12:15:00,2025-07-09 12:27:00,2025-07-09 19:51:00,2025-07-09 19:55:00,12,4,5523,281,À l'heure
1799,PD1152,2025-07-09,PD,28,YOW,YUL,2025-07-09 13:25:00,2025-07-09 13:24:00,2025-07-09 14:15:00,2025-07-09 14:20:00,-1,5,151,105,À l'heure
1800,AC1109,2025-07-09,AC,14,LHR,YUL,2025-07-09 17:15:00,2025-07-09 18:10:00,2025-07-10 00:25:00,2025-07-10 01:19:00,55,54,5215,206,Retardé
1801,AC488,2025-07-09,AC,10,YUL,YYC,2025-07-09 17:25:00,2025-07-09 17:44:00,2025-07-09 21:49:00,2025-07-09 22:09:00,19,20,3005,126,Retardé
1802,PD1259,2025-07-09,PD,28,YUL,YHZ,2025-07-09 18:40:00,2025-07-09 18:57:00,2025-07-09 20:21:00,2025-07-09 20:48:00,17,27,804,97,Retardé
1803,WS1636,2025-07-09,WS,18,YYZ,YWG,2025-07-09 18:55:00,2025-07-09 18:57:00,2025-07-09 21:19:00,2025-07-09 21:29:00,2,10,1504,138,À l'heure
1804,AC658,2025-07-09,AC,4,YUL,JFK,2025-07-09 19:05:00,2025-07-09 19:30:00,2025-07-09 20:10:00,2025-07-09 20:35:00,25,25,537,130,Retardé
1805,WS1321,2025-07-09,WS,18,YYZ,YUL,2025-07-09 20:30:00,2025-07-09 20:52:00,2025-07-09 21:44:00,2025-07-09 22:09:00,22,25,507,133,Retardé
1806,WS1267,2025-07-09,WS,19,YYZ,YVR,2025-07-09 20:45:00,2025-07-09 21:16:00,2025-07-10 01:34:00,2025-07-10 01:58:00,31,24,3346,155,Retardé
1807,F8270,2025-07-10,F8,40,YYC,YVR,2025-07-10 08:05:00,2025-07-10 08:15:00,2025-07-10 09:28:00,2025-07-10 09:38:00,10,10,687,130,À l'heure
1808,WS1058,2025-07-10,WS,17,YYZ,YHZ,2025-07-10 08:20:00,2025-07-10 08:22:00,2025-07-10 10:28:00,2025-07-10 10:25:00,2,-3,1288,132,À l'heure
1809,AC1244,2025-07-10,AC,5,YUL,LAX,2025-07-10 08:45:00,2025-07-10 08:57:00,2025-07-10 14:12:00,2025-07-10 14:24:00,12,12,3973,132,À l'heure
1810,PD1436,2025-07-10,PD,26,YYZ,YOW,2025-07-10 08:45:00,2025-07-10 08:44:00,2025-07-10 09:45:00,2025-07-10 09:38:00,-1,-7,363,112,À l'heure
1811,AC833,2025-07-10,AC,8,YHZ,YYZ,2025-07-10 11:00:00,2025-07-10 11:04:00,2025-07-10 13:07:00,2025-07-10 13:06:00,4,-1,1288,129,À l'heure
1812,AC556,2025-07-10,AC,7,YUL,ORD,2025-07-10 11:10:00,2025-07-10 11:07:00,2025-07-10 13:16:00,2025-07-10 13:10:00,-3,-6,1201,150,À l'heure
1813,F81043,2025-07-10,F8,42,YVR,YYC,2025-07-10 13:25:00,2025-07-10 13:38:00,2025-07-10 14:40:00,2025-07-10 14:47:00,13,7,687,115,À l'heure
1814,F81814,2025-07-10,F8,39,YWG,YYC,2025-07-10 15:40:00,2025-07-10 15:37:00,2025-07-10 17:50:00,2025-07-10 17:45:00,-3,-5,1191,168,À l'heure
1815,AC826,2025-07-11,AC,6,JFK,YUL,2025-07-11 06:10:00,2025-07-11 06:10:00,2025-07-11 07:19:00,2025-07-11 07:23:00,0,4,537,152,À l'heure
1816,F81994,2025-07-11,F8,41,YVR,YYZ,2025-07-11 08:00:00,2025-07-11 07:57:00,2025-07-11 12:40:00,2025-07-11 12:24:00,-3,-16,3346,120,À l'heure
1817,WS1603,2025-07-11,WS,18,YYC,YEG,2025-07-11 08:50:00,2025-07-11 08:53:00,2025-07-11 09:34:00,2025-07-11 09:31:00,3,-3,244,134,À l'heure
1818,PD1784,2025-07-11,PD,30,YUL,YOW,2025-07-11 09:10:00,2025-07-11 11:02:00,2025-07-11 09:45:00,2025-07-11 11:34:00,112,109,151,52,Retardé
1819,PD1368,2025-07-11,PD,27,YUL,YYZ,2025-07-11 17:00:00,2025-07-11 17:14:00,2025-07-11 18:14:00,2025-07-11 18:20:00,14,6,507,110,À l'heure
1820,AC1458,2025-07-11,AC,15,LHR,YYZ,2025-07-11 19:30:00,2025-07-11 19:40:00,2025-07-12 03:06:00,2025-07-12 03:23:00,10,17,5707,202,Retardé
1821,AC651,2025-07-12,AC,8,YVR,LAX,2025-07-12 06:35:00,2025-07-12 06:45:00,2025-07-12 09:16:00,2025-07-12 09:27:00,10,11,1741,141,À l'heure
1822,AC1143,2025-07-12,AC,7,ORD,YUL,2025-07-12 08:10:00,2025-07-12 08:15:00,2025-07-12 10:03:00,2025-07-12 10:09:00,5,6,1201,158,À l'heure
1823,WS1487,2025-07-12,WS,18,YYC,YUL,2025-07-12 17:55:00,,2025-07-12 22:14:00,,,,3005,,Annulé
1824,AC294,2025-07-12,AC,4,YUL,YVR,2025-07-12 19:00:00,2025-07-12 19:04:00,2025-07-13 00:13:00,2025-07-13 00:14:00,4,1,3682,126,À l'heure
1825,AC1520,2025-07-12,AC,2,CUN,YUL,2025-07-12 19:05:00,2025-07-12 19:32:00,2025-07-12 23:25:00,2025-07-12 23:46:00,27,21,2970,125,Retardé
1826,AF1222,2025-07-12,AF,56,YUL,CDG,2025-07-12 20:00:00,2025-07-12 20:04:00,2025-07-13 03:35:00,2025-07-13 03:49:00,4,14,5523,270,À l'heure
1827,AC886,2025-07-12,AC,11,YYZ,LHR,2025-07-12 20:40:00,2025-07-12 21:49:00,2025-07-13 04:27:00,2025-07-13 05:33:00,69,66,5707,211,Retardé
1828,WS590,2025-07-13,WS,19,YEG,YYC,2025-07-13 06:55:00,2025-07-13 07:02:00,2025-07-13 07:47:00,2025-07-13 07:42:00,7,-5,244,157,À l'heure
1829,AC1066,2025-07-13,AC,9,YUL,CUN,2025-07-13 07:10:00,2025-07-13 07:21:00,2025-07-13 11:23:00,2025-07-13 11:31:00,11,8,2970,121,À l'heure
1830,AC954,2025-07-13,AC,7,YUL,YQB,2025-07-13 11:55:00,2025-07-13 12:09:00,2025-07-13 12:45:00,2025-07-13 12:57:00,14,12,233,137,À l'heure
1831,UA476,2025-07-13,UA,44,YYZ,ORD,2025-07-13 15:50:00,2025-07-13 15:49:00,2025-07-13 17:19:00,2025-07-13 17:12:00,-1,-7,701,147,À l'heure
1832,F81253,2025-07-13,F8,41,YYC,YWG,2025-07-13 15:55:00,2025-07-13 16:30:00,2025-07-13 17:48:00,2025-07-13 18:23:00,35,35,1191,137,Retardé
1833,AC802,2025-07-13,AC,11,YUL,LHR,2025-07-13 17:50:00,2025-07-13 17:48:00,2025-07-14 01:00:00,2025-07-14 01:06:00,-2,6,5215,281,À l'heure
1834,AC1816,2025-07-13,AC,7,YUL,JFK,2025-07-13 18:40:00,2025-07-13 18:57:00,2025-07-13 19:51:00,2025-07-13 20:02:00,17,11,537,152,À l'heure
1835,TS1686,2025-07-13,TS,36,YUL,CDG,2025-07-13 19:20:00,2025-07-13 19:36:00,2025-07-14 02:43:00,2025-07-14 03:07:00,16,24,5523,240,Retardé
1836,F81589,2025-07-13,F8,41,YVR,YYZ,2025-07-13 19:30:00,2025-07-13 19:50:00,2025-07-14 00:23:00,2025-07-14 00:46:00,20,23,3346,164,Retardé
1837,AC334,2025-07-14,AC,4,YVR,YYC,2025-07-14 06:20:00,2025-07-14 06:18:00,2025-07-14 07:52:00,2025-07-14 07:49:00,-2,-3,687,140,À l'heure
1838,AC965,2025-07-14,AC,10,YOW,YYZ,2025-07-14 07:40:00,2025-07-14 07:35:00,2025-07-14 08:37:00,2025-07-14 08:22:00,-5,-15,363,118,À l'heure
1839,DL1830,2025-07-14,DL,50,JFK,YUL,2025-07-14 08:15:00,2025-07-14 08:44:00,2025-07-14 09:32:00,2025-07-14 09:50:00,29,18,537,100,Retardé
1840,WS1678,2025-07-14,WS,20,YYZ,YYC,2025-07-14 10:10:00,2025-07-14 10:11:00,2025-07-14 14:12:00,2025-07-14 14:20:00,1,8,2689,156,À l'heure
1841,UA734,2025-07-14,UA,43,ORD,YYZ,2025-07-14 10:10:00,2025-07-14 10:13:00,2025-07-14 11:35:00,2025-07-14 11:26:00,3,-9,701,167,À l'heure
1842,AC1020,2025-07-14,AC,10,YOW,YYZ,2025-07-14 10:25:00,2025-07-14 10:26:00,2025-07-14 11:21:00,2025-07-14 11:19:00,1,-2,363,121,À l'heure
1843,PD875,2025-07-14,PD,30,YUL,YYZ,2025-07-14 12:20:00,2025-07-14 12:16:00,2025-07-14 13:35:00,2025-07-14 13:22:00,-4,-13,507,59,À l'heure
1844,AC1548,2025-07-14,AC,2,YQB,YUL,2025-07-14 13:25:00,2025-07-14 13:29:00,2025-07-14 14:19:00,2025-07-14 14:09:00,4,-10,233,134,À l'heure
1845,F81100,2025-07-14,F8,41,YYZ,YVR,2025-07-14 14:10:00,2025-07-14 14:16:00,2025-07-14 19:01:00,2025-07-14 19:13:00,6,12,3346,161,À l'heure
1846,AC735,2025-07-14,AC,10,YHZ,YUL,2025-07-14 15:35:00,2025-07-14 15:37:00,2025-07-14 16:58:00,2025-07-14 16:51:00,2,-7,804,168,À l'heure
1847,DL157,2025-07-14,DL,50,LAX,YVR,2025-07-14 18:25:00,2025-07-14 18:48:00,2025-07-14 21:09:00,2025-07-14 21:27:00,23,18,1741,121,Retardé
1848,WS905,2025-07-14,WS,20,YUL,YYZ,2025-07-14 20:45:00,2025-07-14 20:46:00,2025-07-14 21:51:00,2025-07-14 21:59:00,1,8,507,158,À l'heure
1849,F81944,2025-07-15,F8,41,YVR,YUL,2025-07-15 07:00:00,2025-07-15 07:05:00,2025-07-15 12:19:00,2025-07-15 12:30:00,5,11,3682,116,À l'heure
1850,AF283,2025-07-15,AF,60,CDG,YUL,2025-07-15 11:50:00,2025-07-15 12:24:00,2025-07-15 19:29:00,2025-07-15 20:05:00,34,36,5523,283,Retardé
1851,AC919,2025-07-15,AC,2,YUL,YVR,2025-07-15 13:50:00,2025-07-15 13:48:00,2025-07-15 18:52:00,2025-07-15 18:41:00,-2,-11,3682,123,À l'heure
1852,PD821,2025-07-15,PD,26,YYZ,YUL,2025-07-15 14:05:00,2025-07-15 14:01:00,2025-07-15 15:13:00,2025-07-15 15:06:00,-4,-7,507,82,À l'heure
1853,WS1883,2025-07-15,WS,20,YEG,YVR,2025-07-15 15:20:00,2025-07-15 15:33:00,2025-07-15 16:51:00,2025-07-15 17:04:00,13,13,809,132,À l'heure
1854,AC1549,2025-07-15,AC,4,YYC,YYZ,2025-07-15 19:15:00,2025-07-15 19:22:00,2025-07-15 23:18:00,2025-07-15 23:31:00,7,13,2689,162,À l'heure
1855,F8709,2025-07-15,F8,42,YYZ,YYC,2025-07-15 19:30:00,2025-07-15 19:35:00,2025-07-15 23:34:00,2025-07-15 23:26:00,5,-8,2689,131,À l'heure
1856,PD549,2025-07-15,PD,27,YYZ,YUL,2025-07-15 20:35:00,2025-07-15 20:47:00,2025-07-15 21:36:00,2025-07-15 21:39:00,12,3,507,125,À l'heure
1857,AC1809,2025-07-15,AC,7,YYZ,YOW,2025-07-15 21:20:00,2025-07-15 22:13:00,2025-07-15 22:23:00,2025-07-15 23:12:00,53,49,363,164,Retardé
1858,AC1803,2025-07-16,AC,15,LHR,YUL,2025-07-16 09:35:00,2025-07-16 09:42:00,2025-07-16 16:33:00,2025-07-16 16:34:00,7,1,5215,273,À l'heure
1859,WS1939,2025-07-16,WS,17,YEG,YYC,2025-07-16 11:50:00,2025-07-16 11:52:00,2025-07-16 12:38:00,2025-07-16 12:47:00,2,9,244,150,À l'heure
1860,WS904,2025-07-16,WS,19,YYC,YEG,2025-07-16 13:25:00,2025-07-16 13:49:00,2025-07-16 14:07:00,2025-07-16 14:25:00,24,18,244,131,Retardé
1861,AC1703,2025-07-16,AC,4,YUL,CUN,2025-07-16 14:40:00,2025-07-16 14:40:00,2025-07-16 18:48:00,2025-07-16 18:45:00,0,-3,2970,188,À l'heure
1862,DL1883,2025-07-16,DL,51,YUL,JFK,2025-07-16 18:55:00,2025-07-16 18:57:00,2025-07-16 20:04:00,2025-07-16 20:05:00,2,1,537,110,À l'heure
1863,AC785,2025-07-16,AC,9,YWG,YYZ,2025-07-16 19:10:00,2025-07-16 19:22:00,2025-07-16 21:39:00,2025-07-16 21:48:00,12,9,1504,139,À l'heure
1864,AC1488,2025-07-16,AC,11,YUL,CDG,2025-07-16 21:05:00,2025-07-16 21:07:00,2025-07-17 04:30:00,2025-07-17 04:41:00,2,11,5523,230,À l'heure
1865,AC819,2025-07-17,AC,14,CDG,YUL,2025-07-17 07:20:00,2025-07-17 07:17:00,2025-07-17 14:57:00,2025-07-17 14:55:00,-3,-2,5523,251,À l'heure
1866,AC680,2025-07-17,AC,8,YYZ,YUL,2025-07-17 11:10:00,2025-07-17 11:08:00,2025-07-17 12:27:00,2025-07-17 12:15:00,-2,-12,507,163,À l'heure
1867,AC1960,2025-07-17,AC,8,YUL,CUN,2025-07-17 13:25:00,2025-07-17 13:30:00,2025-07-17 17:36:00,2025-07-17 17:27:00,5,-9,2970,129,À l'heure
1868,PD880,2025-07-17,PD,27,YOW,YYZ,2025-07-17 13:40:00,2025-07-17 13:55:00,2025-07-17 14:38:00,2025-07-17 15:02:00,15,24,363,110,Retardé
1869,AC641,2025-07-17,AC,2,YHZ,YUL,2025-07-17 15:10:00,2025-07-17 15:13:00,2025-07-17 16:45:00,2025-07-17 16:37:00,3,-8,804,101,À l'heure
1870,PD1050,2025-07-17,PD,26,YYZ,YOW,2025-07-17 15:15:00,2025-07-17 15:14:00,2025-07-17 16:08:00,2025-07-17 16:08:00,-1,0,363,111,À l'heure
1871,AC814,2025-07-17,AC,6,YUL,YYZ,2025-07-17 15:25:00,,2025-07-17 16:28:00,,,,507,,Annulé
1872,AC916,2025-07-17,AC,6,YYZ,YUL,2025-07-17 15:30:00,2025-07-17 15:50:00,2025-07-17 16:34:00,2025-07-17 17:00:00,20,26,507,151,Retardé
1873,AC747,2025-07-17,AC,16,YYZ,LHR,2025-07-17 18:20:00,2025-07-17 18:42:00,2025-07-18 02:03:00,2025-07-18 02:29:00,22,26,5707,274,Retardé
1874,PD1869,2025-07-17,PD,27,YUL,YOW,2025-07-17 19:00:00,2025-07-17 21:19:00,2025-07-17 19:47:00,2025-07-17 22:07:00,139,140,151,97,Retardé
1875,PD1945,2025-07-17,PD,30,YYZ,YOW,2025-07-17 20:50:00,2025-07-17 22:03:00,2025-07-17 21:47:00,2025-07-17 22:52:00,73,65,363,68,Retardé
1876,DL1335,2025-07-17,DL,52,LAX,YVR,2025-07-17 21:35:00,2025-07-17 21:33:00,2025-07-18 00:23:00,2025-07-18 00:18:00,-2,-5,1741,189,À l'heure
1877,WS808,2025-07-18,WS,20,YYZ,YUL,2025-07-18 06:00:00,2025-07-18 06:10:00,2025-07-18 07:00:00,2025-07-18 07:07:00,10,7,507,132,À l'heure
1878,WS916,2025-07-18,WS,18,YVR,YUL,2025-07-18 07:20:00,2025-07-18 07:18:00,2025-07-18 12:34:00,2025-07-18 12:30:00,-2,-4,3682,137,À l'heure
1879,UA330,2025-07-18,UA,43,YYZ,ORD,2025-07-18 12:50:00,2025-07-18 13:29:00,2025-07-18 14:05:00,2025-07-18 14:37:00,39,32,701,143,Retardé
1880,AC1695,2025-07-18,AC,7,YVR,LAX,2025-07-18 12:55:00,2025-07-18 13:29:00,2025-07-18 15:43:00,2025-07-18 16:10:00,34,27,1741,160,Retardé
1881,WS204,2025-07-18,WS,18,CUN,YUL,2025-07-18 14:30:00,2025-07-18 15:03:00,2025-07-18 18:49:00,2025-07-18 19:26:00,33,37,2970,118,Retardé
1882,WS1307,2025-07-18,WS,18,YEG,YVR,2025-07-18 14:30:00,2025-07-18 14:37:00,2025-07-18 15:54:00,2025-07-18 15:51:00,7,-3,809,159,À l'heure
1883,WS159,2025-07-18,WS,18,YUL,YYZ,2025-07-18 16:30:00,2025-07-18 16:48:00,2025-07-18 17:43:00,2025-07-18 18:06:00,18,23,507,166,Retardé
1884,F81276,2025-07-18,F8,39,YVR,YUL,2025-07-18 17:15:00,2025-07-18 17:31:00,2025-07-18 22:34:00,2025-07-18 23:00:00,16,26,3682,109,Retardé
1885,AF1507,2025-07-18,AF,58,CDG,YUL,2025-07-18 18:40:00,2025-07-18 18:47:00,2025-07-19 02:16:00,2025-07-19 02:29:00,7,13,5523,276,À l'heure
1886,WS179,2025-07-18,WS,20,YYZ,YYC,2025-07-18 19:30:00,2025-07-18 19:36:00,2025-07-18 23:28:00,2025-07-18 23:32:00,6,4,2689,157,À l'heure
1887,AC953,2025-07-18,AC,10,YYC,YUL,2025-07-18 19:35:00,2025-07-18 19:48:00,2025-07-18 23:48:00,2025-07-19 00:08:00,13,20,3005,112,Retardé
1888,WS1471,2025-07-19,WS,20,YYZ,YUL,2025-07-19 08:30:00,2025-07-19 08:29:00,2025-07-19 09:33:00,2025-07-19 09:28:00,-1,-5,507,137,À l'heure
1889,DL1210,2025-07-19,DL,54,YUL,JFK,2025-07-19 09:40:00,2025-07-19 09:39:00,2025-07-19 10:52:00,2025-07-19 10:54:00,-1,2,537,123,À l'heure
1890,AC593,2025-07-19,AC,3,YUL,LAX,2025-07-19 11:00:00,2025-07-19 11:04:00,2025-07-19 16:24:00,2025-07-19 16:22:00,4,-2,3973,132,À l'heure
1891,TS752,2025-07-19,TS,32,CUN,YUL,2025-07-19 11:35:00,2025-07-19 11:35:00,2025-07-19 15:46:00,2025-07-19 15:56:00,0,10,2970,188,À l'heure
1892,UA386,2025-07-19,UA,46,ORD,YYZ,2025-07-19 13:40:00,2025-07-19 13:52:00,2025-07-19 15:08:00,2025-07-19 15:24:00,12,16,701,157,Retardé
1893,WS1040,2025-07-19,WS,19,YVR,YYZ,2025-07-19 15:10:00,2025-07-19 15:17:00,2025-07-19 19:55:00,2025-07-19 19:55:00,7,0,3346,115,À l'heure
1894,PD282,2025-07-19,PD,27,YOW,YUL,2025-07-19 15:50:00,2025-07-19 19:52:00,2025-07-19 16:40:00,2025-07-19 20:52:00,242,252,151,84,Retardé
1895,F8951,2025-07-19,F8,40,YYZ,YVR,2025-07-19 15:50:00,2025-07-19 16:13:00,2025-07-19 20:29:00,2025-07-19 20:57:00,23,28,3346,137,Retardé
1896,AC1258,2025-07-19,AC,14,LHR,YYZ,2025-07-19 16:10:00,2025-07-19 16:12:00,2025-07-19 23:49:00,2025-07-19 23:56:00,2,7,5707,247,À l'heure
1897,PD1778,2025-07-19,PD,27,YUL,YYZ,2025-07-19 16:40:00,2025-07-19 16:44:00,2025-07-19 17:41:00,2025-07-19 17:51:00,4,10,507,121,À l'heure
1898,PD1115,2025-07-19,PD,30,YOW,YYZ,2025-07-19 20:30:00,2025-07-19 20:35:00,2025-07-19 21:23:00,2025-07-19 21:16:00,5,-7,363,64,À l'heure
1899,WS1107,2025-07-20,WS,19,YVR,YYC,2025-07-20 06:25:00,2025-07-20 06:30:00,2025-07-20 07:47:00,2025-07-20 07:45:00,5,-2,687,153,À l'heure
1900,F8905,2025-07-20,F8,40,YWG,YYC,2025-07-20 07:35:00,2025-07-20 07:31:00,2025-07-20 09:37:00,2025-07-20 09:34:00,-4,-3,1191,167,À l'heure
1901,AC965,2025-07-20,AC,2,YVR,YEG,2025-07-20 07:45:00,2025-07-20 07:43:00,2025-07-20 09:13:00,2025-07-20 08:59:00,-2,-14,809,93,À l'heure
1902,WS1970,2025-07-20,WS,19,YYC,YWG,2025-07-20 09:15:00,2025-07-20 09:09:00,2025-07-20 11:22:00,2025-07-20 11:20:00,-6,-2,1191,157,À l'heure
1903,F8461,2025-07-20,F8,42,YYZ,YYC,2025-07-20 09:25:00,2025-07-20 09:23:00,2025-07-20 13:27:00,2025-07-20 13:27:00,-2,0,2689,121,À l'heure
1904,F8527,2025-07-20,F8,42,YYC,YVR,2025-07-20 12:30:00,2025-07-20 12:28:00,2025-07-20 13:58:00,2025-07-20 14:00:00,-2,2,687,148,À l'heure
1905,F81952,2025-07-20,F8,39,YUL,YVR,2025-07-20 13:00:00,2025-07-20 13:00:00,2025-07-20 18:01:00,2025-07-20 18:05:00,0,4,3682,132,À l'heure
1906,WS1074,2025-07-20,WS,19,YYZ,YWG,2025-07-20 13:45:00,2025-07-20 14:59:00,2025-07-20 16:05:00,2025-07-20 17:22:00,74,77,1504,154,Retardé
1907,WS208,2025-07-20,WS,19,YYC,YYZ,2025-07-20 16:10:00,2025-07-20 17:46:00,2025-07-20 20:12:00,2025-07-20 21:43:00,96,91,2689,160,Retardé
1908,PD1024,2025-07-20,PD,31,YUL,YYZ,2025-07-20 21:50:00,2025-07-20 21:58:00,2025-07-20 22:51:00,2025-07-20 23:02:00,8,11,507,53,À l'heure
1909,DL1861,2025-07-21,DL,52,JFK,YUL,2025-07-21 06:50:00,2025-07-21 06:50:00,2025-07-21 07:52:00,2025-07-21 07:45:00,0,-7,537,186,À l'heure
1910,AC155,2025-07-21,AC,2,YUL,YHZ,2025-07-21 08:20:00,2025-07-21 08:19:00,2025-07-21 09:51:00,2025-07-21 09:47:00,-1,-4,804,125,À l'heure
1911,AC708,2025-07-21,AC,6,ORD,YUL,2025-07-21 08:20:00,,2025-07-21 10:22:00,,,,1201,,Annulé
1912,PD822,2025-07-21,PD,28,YYZ,YHZ,2025-07-21 12:35:00,2025-07-21 12:39:00,2025-07-21 14:40:00,2025-07-21 14:45:00,4,5,1288,107,À l'heure
1913,AC1432,2025-07-21,AC,10,YVR,YYZ,2025-07-21 13:00:00,2025-07-21 13:07:00,2025-07-21 17:54:00,2025-07-21 17:47:00,7,-7,3346,112,À l'heure
1914,WS981,2025-07-21,WS,20,YYC,YVR,2025-07-21 15:00:00,2025-07-21 15:14:00,2025-07-21 16:22:00,2025-07-21 16:35:00,14,13,687,130,À l'heure
1915,AC1460,2025-07-21,AC,8,YUL,YQB,2025-07-21 15:10:00,2025-07-21 15:20:00,2025-07-21 15:58:00,2025-07-21 16:01:00,10,3,233,161,À l'heure
1916,WS563,2025-07-21,WS,20,YHZ,YYZ,2025-07-21 15:55:00,2025-07-21 16:05:00,2025-07-21 17:58:00,2025-07-21 18:12:00,10,14,1288,120,À l'heure
1917,AC1194,2025-07-21,AC,15,YUL,CDG,2025-07-21 19:40:00,2025-07-21 20:08:00,2025-07-22 03:07:00,2025-07-22 03:39:00,28,32,5523,255,Retardé
1918,DL307,2025-07-21,DL,50,JFK,YUL,2025-07-21 21:45:00,2025-07-21 21:52:00,2025-07-21 22:55:00,2025-07-21 22:49:00,7,-6,537,126,À l'heure
1919,AC1091,2025-07-22,AC,1,YUL,YYC,2025-07-22 06:40:00,2025-07-22 09:14:00,2025-07-22 11:01:00,2025-07-22 13:40:00,154,159,3005,127,Retardé
1920,AC1070,2025-07-22,AC,8,YYZ,YVR,2025-07-22 10:45:00,2025-07-22 11:00:00,2025-07-22 15:29:00,2025-07-22 15:43:00,15,14,3346,140,À l'heure
1921,PD468,2025-07-22,PD,25,YQB,YUL,2025-07-22 13:55:00,2025-07-22 14:00:00,2025-07-22 14:34:00,2025-07-22 14:46:00,5,12,233,120,À l'heure
1922,AC1791,2025-07-22,AC,12,YUL,LHR,2025-07-22 17:30:00,2025-07-22 18:03:00,2025-07-23 00:30:00,2025-07-23 01:09:00,33,39,5215,214,Retardé
1923,AC1769,2025-07-22,AC,2,LAX,YUL,2025-07-22 19:10:00,2025-07-22 19:15:00,2025-07-23 00:35:00,2025-07-23 00:32:00,5,-3,3973,127,À l'heure
1924,UA1456,2025-07-22,UA,43,YUL,ORD,2025-07-22 21:35:00,2025-07-22 22:43:00,2025-07-22 23:33:00,2025-07-23 00:46:00,68,73,1201,163,Retardé
1925,WS941,2025-07-23,WS,19,YUL,YYZ,2025-07-23 07:15:00,2025-07-23 07:15:00,2025-07-23 08:19:00,2025-07-23 08:21:00,0,2,507,162,À l'heure
1926,AC522,2025-07-23,AC,5,YUL,YVR,2025-07-23 10:35:00,2025-07-23 10:31:00,2025-07-23 15:38:00,2025-07-23 15:38:00,-4,0,3682,186,À l'heure
1927,AC170,2025-07-23,AC,7,YYZ,YUL,2025-07-23 11:35:00,2025-07-23 11:37:00,2025-07-23 12:38:00,2025-07-23 12:32:00,2,-6,507,128,À l'heure
1928,F81738,2025-07-23,F8,40,YVR,YYZ,2025-07-23 12:30:00,2025-07-23 12:43:00,2025-07-23 17:12:00,2025-07-23 17:20:00,13,8,3346,114,À l'heure
1929,F8423,2025-07-23,F8,42,YVR,YYZ,2025-07-23 13:45:00,2025-07-23 14:18:00,2025-07-23 18:33:00,2025-07-23 19:07:00,33,34,3346,167,Retardé
1930,AF126,2025-07-23,AF,60,CDG,YUL,2025-07-23 15:40:00,2025-07-23 15:53:00,2025-07-23 23:10:00,2025-07-23 23:20:00,13,10,5523,193,À l'heure
1931,AC1679,2025-07-23,AC,3,YYC,YYZ,2025-07-23 17:40:00,2025-07-23 17:45:00,2025-07-23 21:44:00,2025-07-23 21:37:00,5,-7,2689,168,À l'heure
1932,AC1160,2025-07-23,AC,8,YVR,YUL,2025-07-23 17:50:00,2025-07-23 18:06:00,2025-07-23 22:54:00,2025-07-23 23:10:00,16,16,3682,157,Retardé
1933,AC1093,2025-07-23,AC,10,YYZ,YUL,2025-07-23 18:30:00,2025-07-23 18:40:00,2025-07-23 19:36:00,2025-07-23 19:46:00,10,10,507,154,À l'heure
1934,AC1385,2025-07-23,AC,15,YYZ,LHR,2025-07-23 20:25:00,2025-07-23 20:22:00,2025-07-24 04:04:00,2025-07-24 03:58:00,-3,-6,5707,206,À l'heure
1935,WS1127,2025-07-24,WS,19,YVR,YYC,2025-07-24 06:35:00,2025-07-24 06:35:00,2025-07-24 08:05:00,2025-07-24 07:58:00,0,-7,687,146,À l'heure
1936,AC1442,2025-07-24,AC,6,YYZ,YYC,2025-07-24 06:40:00,2025-07-24 06:39:00,2025-07-24 10:37:00,2025-07-24 10:34:00,-1,-3,2689,145,À l'heure
1937,AC1053,2025-07-24,AC,8,YUL,LAX,2025-07-24 06:45:00,2025-07-24 06:39:00,2025-07-24 12:08:00,2025-07-24 11:53:00,-6,-15,3973,157,À l'heure
1938,AC138,2025-07-24,AC,8,YVR,YUL,2025-07-24 07:00:00,2025-07-24 06:57:00,2025-07-24 12:13:00,2025-07-24 12:02:00,-3,-11,3682,118,À l'heure
1939,AC1174,2025-07-24,AC,3,YUL,ORD,2025-07-24 09:40:00,2025-07-24 09:50:00,2025-07-24 11:41:00,2025-07-24 11:58:00,10,17,1201,175,Retardé
1940,PD850,2025-07-24,PD,30,YOW,YUL,2025-07-24 12:05:00,2025-07-24 12:39:00,2025-07-24 12:43:00,2025-07-24 13:08:00,34,25,151,68,Retardé
1941,WS320,2025-07-24,WS,17,YYC,YEG,2025-07-24 12:15:00,2025-07-24 12:18:00,2025-07-24 13:10:00,2025-07-24 13:01:00,3,-9,244,123,À l'heure
1942,WS1735,2025-07-24,WS,19,YYZ,YVR,2025-07-24 16:35:00,2025-07-24 16:59:00,2025-07-24 21:11:00,2025-07-24 21:43:00,24,32,3346,152,Retardé
1943,WS1631,2025-07-25,WS,18,YYZ,YVR,2025-07-25 06:15:00,2025-07-25 06:16:00,2025-07-25 10:55:00,2025-07-25 10:56:00,1,1,3346,146,À l'heure
1944,AC798,2025-07-25,AC,6,YVR,LAX,2025-07-25 13:00:00,2025-07-25 13:29:00,2025-07-25 15:39:00,2025-07-25 16:06:00,29,27,1741,136,Retardé
1945,AC1407,2025-07-25,AC,10,JFK,YUL,2025-07-25 14:25:00,2025-07-25 14:35:00,2025-07-25 15:45:00,2025-07-25 15:46:00,10,1,537,170,À l'heure
1946,F8337,2025-07-25,F8,41,YYZ,YYC,2025-07-25 14:25:00,2025-07-25 14:29:00,2025-07-25 18:12:00,2025-07-25 18:26:00,4,14,2689,112,À l'heure
1947,WS1254,2025-07-25,WS,19,YYC,YWG,2025-07-25 15:50:00,2025-07-25 17:10:00,2025-07-25 18:00:00,2025-07-25 19:16:00,80,76,1191,151,Retardé
1948,AC985,2025-07-25,AC,1,YYC,YYZ,2025-07-25 17:05:00,2025-07-25 18:02:00,2025-07-25 20:58:00,2025-07-25 21:59:00,57,61,2689,115,Retardé
1949,PD432,2025-07-25,PD,29,YUL,YOW,2025-07-25 17:15:00,2025-07-25 17:13:00,2025-07-25 17:49:00,2025-07-25 17:46:00,-2,-3,151,52,À l'heure
1950,AC996,2025-07-25,AC,2,YYC,YVR,2025-07-25 18:55:00,2025-07-25 19:40:00,2025-07-25 20:12:00,2025-07-25 21:00:00,45,48,687,117,Retardé
1951,WS680,2025-07-26,WS,17,YEG,YVR,2025-07-26 06:35:00,2025-07-26 06:42:00,2025-07-26 08:09:00,2025-07-26 08:05:00,7,-4,809,134,À l'heure
1952,AC258,2025-07-26,AC,9,YYC,YUL,2025-07-26 06:45:00,2025-07-26 07:13:00,2025-07-26 11:08:00,2025-07-26 11:42:00,28,34,3005,125,Retardé
1953,AC342,2025-07-26,AC,7,YOW,YYZ,2025-07-26 12:50:00,2025-07-26 13:02:00,2025-07-26 13:44:00,2025-07-26 13:42:00,12,-2,363,132,À l'heure
1954,WS930,2025-07-26,WS,18,YYZ,YUL,2025-07-26 13:15:00,2025-07-26 13:28:00,2025-07-26 14:26:00,2025-07-26 14:26:00,13,0,507,121,À l'heure
1955,AC959,2025-07-26,AC,8,YOW,YYZ,2025-07-26 13:35:00,2025-07-26 13:33:00,2025-07-26 14:35:00,2025-07-26 14:35:00,-2,0,363,142,À l'heure
1956,PD1028,2025-07-26,PD,31,YUL,YYZ,2025-07-26 13:50:00,2025-07-26 13:51:00,2025-07-26 15:00:00,2025-07-26 15:08:00,1,8,507,75,À l'heure
1957,WS859,2025-07-26,WS,18,YEG,YYC,2025-07-26 15:50:00,2025-07-26 16:14:00,2025-07-26 16:41:00,2025-07-26 17:10:00,24,29,244,137,Retardé
1958,AC628,2025-07-26,AC,2,YUL,YYC,2025-07-26 18:30:00,2025-07-26 18:42:00,2025-07-26 22:54:00,2025-07-26 22:55:00,12,1,3005,94,À l'heure
1959,AC216,2025-07-26,AC,13,YUL,CDG,2025-07-26 19:10:00,2025-07-26 19:26:00,2025-07-27 02:47:00,2025-07-27 02:53:00,16,6,5523,203,À l'heure
1960,UA1506,2025-07-26,UA,47,ORD,YUL,2025-07-26 19:55:00,2025-07-26 20:41:00,2025-07-26 21:52:00,2025-07-26 22:26:00,46,34,1201,125,Retardé
1961,AC1246,2025-07-26,AC,13,YUL,LHR,2025-07-26 21:30:00,2025-07-26 22:16:00,2025-07-27 04:44:00,2025-07-27 05:32:00,46,48,5215,230,Retardé
1962,PD1050,2025-07-26,PD,27,YQB,YUL,2025-07-26 21:35:00,2025-07-26 21:35:00,2025-07-26 22:28:00,2025-07-26 22:27:00,0,-1,233,90,À l'heure
1963,AC1509,2025-07-26,AC,1,YWG,YYZ,2025-07-26 21:45:00,2025-07-26 21:49:00,2025-07-27 00:06:00,2025-07-27 00:10:00,4,4,1504,92,À l'heure
1964,TS353,2025-07-27,TS,34,YUL,CUN,2025-07-27 06:00:00,2025-07-27 06:05:00,2025-07-27 10:17:00,2025-07-27 10:13:00,5,-4,2970,154,À l'heure
1965,PD236,2025-07-27,PD,26,YYZ,YHZ,2025-07-27 06:50:00,2025-07-27 06:54:00,2025-07-27 09:06:00,2025-07-27 09:01:00,4,-5,1288,115,À l'heure
1966,UA1800,2025-07-27,UA,43,ORD,YYZ,2025-07-27 08:00:00,2025-07-27 07:57:00,2025-07-27 09:20:00,2025-07-27 09:07:00,-3,-13,701,109,À l'heure
1967,DL251,2025-07-27,DL,51,YUL,JFK,2025-07-27 08:05:00,2025-07-27 08:32:00,2025-07-27 09:20:00,2025-07-27 09:46:00,27,26,537,98,Retardé
1968,WS727,2025-07-27,WS,19,YYZ,YWG,2025-07-27 13:05:00,2025-07-27 13:07:00,2025-07-27 15:32:00,2025-07-27 15:33:00,2,1,1504,163,À l'heure
1969,AC415,2025-07-27,AC,9,YUL,YYZ,2025-07-27 14:05:00,2025-07-27 14:04:00,2025-07-27 15:22:00,2025-07-27 15:07:00,-1,-15,507,148,À l'heure
1970,TS1052,2025-07-27,TS,35,CUN,YUL,2025-07-27 14:20:00,2025-07-27 14:38:00,2025-07-27 18:27:00,2025-07-27 18:46:00,18,19,2970,171,Retardé
1971,WS850,2025-07-27,WS,17,YHZ,YYZ,2025-07-27 15:00:00,2025-07-27 15:16:00,2025-07-27 17:06:00,2025-07-27 17:25:00,16,19,1288,157,Retardé
1972,PD889,2025-07-27,PD,26,YYZ,YUL,2025-07-27 17:10:00,2025-07-27 17:22:00,2025-07-27 18:25:00,2025-07-27 18:47:00,12,22,507,82,Retardé
1973,AC1198,2025-07-28,AC,2,YYZ,YOW,2025-07-28 06:55:00,2025-07-28 09:21:00,2025-07-28 07:58:00,2025-07-28 10:14:00,146,136,363,93,Retardé
1974,AC820,2025-07-28,AC,13,LHR,YUL,2025-07-28 08:25:00,2025-07-28 08:40:00,2025-07-28 15:31:00,2025-07-28 15:56:00,15,25,5215,209,Retardé
1975,AC892,2025-07-28,AC,13,LHR,YYZ,2025-07-28 09:15:00,2025-07-28 09:35:00,2025-07-28 17:02:00,2025-07-28 17:28:00,20,26,5707,286,Retardé
1976,F81841,2025-07-28,F8,39,YVR,YYC,2025-07-28 13:40:00,2025-07-28 14:29:00,2025-07-28 14:58:00,2025-07-28 15:56:00,49,58,687,156,Retardé
1977,AC114,2025-07-28,AC,8,YUL,YQB,2025-07-28 14:45:00,2025-07-28 15:25:00,2025-07-28 15:38:00,2025-07-28 16:12:00,40,34,233,131,Retardé
1978,WS503,2025-07-28,WS,18,YVR,YEG,2025-07-28 15:35:00,2025-07-28 15:40:00,2025-07-28 17:13:00,2025-07-28 17:09:00,5,-4,809,118,À l'heure
1979,AC1941,2025-07-28,AC,3,YUL,YHZ,2025-07-28 18:05:00,2025-07-28 18:13:00,2025-07-28 19:44:00,2025-07-28 20:01:00,8,17,804,177,Retardé
1980,AC173,2025-07-28,AC,6,YUL,YYZ,2025-07-28 18:30:00,2025-07-28 18:28:00,2025-07-28 19:35:00,2025-07-28 19:37:00,-2,2,507,165,À l'heure
1981,UA1321,2025-07-29,UA,43,YYZ,ORD,2025-07-29 06:25:00,2025-07-29 08:36:00,2025-07-29 07:42:00,2025-07-29 09:47:00,131,125,701,115,Retardé
1982,WS376,2025-07-29,WS,20,YUL,YVR,2025-07-29 06:35:00,2025-07-29 06:47:00,2025-07-29 11:50:00,2025-07-29 12:01:00,12,11,3682,113,À l'heure
1983,TS505,2025-07-29,TS,35,YUL,CUN,2025-07-29 07:45:00,2025-07-29 07:45:00,2025-07-29 12:10:00,2025-07-29 12:14:00,0,4,2970,174,À l'heure
1984,AC1211,2025-07-29,AC,3,CUN,YUL,2025-07-29 10:40:00,2025-07-29 10:56:00,2025-07-29 14:54:00,2025-07-29 15:00:00,16,6,2970,180,À l'heure
1985,AC759,2025-07-29,AC,6,LAX,YUL,2025-07-29 13:50:00,2025-07-29 13:54:00,2025-07-29 19:17:00,2025-07-29 19:10:00,4,-7,3973,188,À l'heure
1986,F81756,2025-07-29,F8,42,YWG,YYC,2025-07-29 14:15:00,2025-07-29 14:13:00,2025-07-29 16:25:00,2025-07-29 16:30:00,-2,5,1191,161,À l'heure
1987,PD365,2025-07-29,PD,26,YHZ,YUL,2025-07-29 14:30:00,2025-07-29 14:52:00,2025-07-29 15:53:00,2025-07-29 16:05:00,22,12,804,106,À l'heure
1988,DL761,2025-07-29,DL,52,YUL,JFK,2025-07-29 14:55:00,2025-07-29 14:54:00,2025-07-29 16:09:00,2025-07-29 16:06:00,-1,-3,537,153,À l'heure
1989,DL1714,2025-07-29,DL,52,LAX,YVR,2025-07-29 17:15:00,2025-07-29 17:17:00,2025-07-29 20:04:00,2025-07-29 20:03:00,2,-1,1741,175,À l'heure
1990,AF745,2025-07-29,AF,59,CDG,YUL,2025-07-29 19:00:00,2025-07-29 19:22:00,2025-07-30 02:32:00,2025-07-30 02:43:00,22,11,5523,221,À l'heure
1991,WS1055,2025-07-29,WS,19,YYC,YVR,2025-07-29 19:15:00,2025-07-29 19:33:00,2025-07-29 20:39:00,2025-07-29 20:43:00,18,4,687,112,À l'heure
1992,AC1110,2025-07-29,AC,3,JFK,YUL,2025-07-29 21:15:00,2025-07-29 21:18:00,2025-07-29 22:27:00,2025-07-29 22:38:00,3,11,537,125,À l'heure
1993,AF1944,2025-07-29,AF,58,YUL,CDG,2025-07-29 21:45:00,2025-07-29 22:07:00,2025-07-30 05:07:00,2025-07-30 05:15:00,22,8,5523,240,À l'heure
1994,AC575,2025-07-30,AC,10,YUL,YYC,2025-07-30 06:40:00,2025-07-30 06:42:00,2025-07-30 10:56:00,2025-07-30 10:47:00,2,-9,3005,135,À l'heure
1995,F8837,2025-07-30,F8,41,YYC,YVR,2025-07-30 08:45:00,2025-07-30 08:49:00,2025-07-30 10:16:00,2025-07-30 10:07:00,4,-9,687,169,À l'heure
1996,AC1509,2025-07-30,AC,5,YYZ,YOW,2025-07-30 09:45:00,2025-07-30 09:43:00,2025-07-30 10:51:00,2025-07-30 10:44:00,-2,-7,363,136,À l'heure
1997,AC535,2025-07-30,AC,7,YYZ,YUL,2025-07-30 11:30:00,2025-07-30 11:29:00,2025-07-30 12:46:00,2025-07-30 12:51:00,-1,5,507,163,À l'heure
1998,F81220,2025-07-30,F8,41,YYZ,YYC,2025-07-30 13:50:00,2025-07-30 14:40:00,2025-07-30 17:47:00,2025-07-30 18:45:00,50,58,2689,118,Retardé
1999,AC886,2025-07-30,AC,3,YWG,YYZ,2025-07-30 15:15:00,2025-07-30 15:18:00,2025-07-30 17:36:00,2025-07-30 17:37:00,3,1,1504,143,À l'heure
2000,AC1119,2025-07-30,AC,9,YUL,YHZ,2025-07-30 16:15:00,2025-07-30 16:15:00,2025-07-30 17:53:00,2025-07-30 17:55:00,0,2,804,152,À l'heure
2001,WS1050,2025-07-30,WS,20,YEG,YVR,2025-07-30 17:30:00,2025-07-30 17:56:00,2025-07-30 18:56:00,2025-07-30 19:08:00,26,12,809,148,À l'heure
2002,AC1138,2025-07-30,AC,1,YUL,YYZ,2025-07-30 19:05:00,2025-07-30 19:07:00,2025-07-30 20:20:00,2025-07-30 20:24:00,2,4,507,87,À l'heure
2003,AC1066,2025-07-30,AC,14,LHR,YUL,2025-07-30 20:35:00,2025-07-30 20:59:00,2025-07-31 03:39:00,2025-07-31 03:54:00,24,15,5215,219,À l'heure
2004,DL532,2025-07-30,DL,51,JFK,YUL,2025-07-30 20:45:00,2025-07-30 21:09:00,2025-07-30 21:58:00,2025-07-30 22:25:00,24,27,537,129,Retardé
2005,WS1119,2025-07-30,WS,20,YHZ,YYZ,2025-07-30 20:45:00,2025-07-30 21:14:00,2025-07-30 22:49:00,2025-07-30 23:06:00,29,17,1288,109,Retardé
2006,PD928,2025-07-30,PD,31,YYZ,YUL,2025-07-30 21:35:00,2025-07-31 01:30:00,2025-07-30 22:35:00,2025-07-31 02:21:00,235,226,507,65,Retardé
2007,AC914,2025-07-31,AC,4,LAX,YUL,2025-07-31 06:15:00,2025-07-31 06:09:00,2025-07-31 11:43:00,2025-07-31 11:37:00,-6,-6,3973,145,À l'heure
2008,TS1289,2025-07-31,TS,32,CUN,YUL,2025-07-31 06:15:00,2025-07-31 08:20:00,2025-07-31 10:23:00,2025-07-31 12:38:00,125,135,2970,129,Retardé
2009,PD922,2025-07-31,PD,25,YUL,YQB,2025-07-31 07:10:00,2025-07-31 07:10:00,2025-07-31 07:56:00,2025-07-31 08:00:00,0,4,233,99,À l'heure
2010,AC1957,2025-07-31,AC,3,YVR,YYZ,2025-07-31 08:25:00,2025-07-31 08:29:00,2025-07-31 13:01:00,2025-07-31 12:53:00,4,-8,3346,179,À l'heure
2011,DL164,2025-07-31,DL,50,LAX,YVR,2025-07-31 08:30:00,2025-07-31 08:30:00,2025-07-31 11:10:00,2025-07-31 11:11:00,0,1,1741,115,À l'heure
2012,AC1981,2025-07-31,AC,1,YVR,YYZ,2025-07-31 09:20:00,2025-07-31 09:22:00,2025-07-31 13:56:00,2025-07-31 13:58:00,2,2,3346,102,À l'heure
2013,F8275,2025-07-31,F8,39,YUL,YVR,2025-07-31 09:45:00,2025-07-31 09:53:00,2025-07-31 14:55:00,2025-07-31 14:51:00,8,-4,3682,109,À l'heure
2014,AC1024,2025-07-31,AC,15,LHR,YYZ,2025-07-31 10:10:00,2025-07-31 10:09:00,2025-07-31 18:03:00,2025-07-31 18:12:00,-1,9,5707,218,À l'heure
2015,DL541,2025-07-31,DL,54,YVR,LAX,2025-07-31 12:55:00,2025-07-31 12:54:00,2025-07-31 15:36:00,2025-07-31 15:42:00,-1,6,1741,160,À l'heure
2016,AC1693,2025-07-31,AC,5,YUL,LAX,2025-07-31 13:25:00,2025-07-31 13:29:00,2025-07-31 18:49:00,2025-07-31 18:41:00,4,-8,3973,125,À l'heure
2017,AC1802,2025-07-31,AC,5,YYC,YYZ,2025-07-31 18:40:00,2025-07-31 19:59:00,2025-07-31 22:37:00,2025-07-31 23:48:00,79,71,2689,125,Retardé
2018,TS1835,2025-07-31,TS,37,YUL,CDG,2025-07-31 19:00:00,2025-07-31 18:55:00,2025-08-01 02:28:00,2025-08-01 02:13:00,-5,-15,5523,214,À l'heure
2019,WS1099,2025-07-31,WS,17,YYC,YEG,2025-07-31 19:20:00,2025-07-31 19:45:00,2025-07-31 20:12:00,2025-07-31 20:34:00,25,22,244,113,Retardé
2020,AC747,2025-08-01,AC,10,YUL,JFK,2025-08-01 10:30:00,2025-08-01 10:29:00,2025-08-01 11:50:00,2025-08-01 11:41:00,-1,-9,537,131,À l'heure
2021,WS632,2025-08-01,WS,17,YEG,YYC,2025-08-01 13:25:00,2025-08-01 13:28:00,2025-08-01 14:12:00,2025-08-01 14:05:00,3,-7,244,110,À l'heure
2022,AC956,2025-08-01,AC,16,YUL,LHR,2025-08-01 20:20:00,2025-08-01 20:25:00,2025-08-02 03:36:00,2025-08-02 03:37:00,5,1,5215,192,À l'heure
2023,WS1192,2025-08-01,WS,18,YVR,YUL,2025-08-01 21:10:00,2025-08-01 21:19:00,2025-08-02 02:15:00,2025-08-02 02:30:00,9,15,3682,147,À l'heure
2024,PD229,2025-08-01,PD,29,YUL,YOW,2025-08-01 21:25:00,2025-08-01 21:46:00,2025-08-01 22:15:00,2025-08-01 22:46:00,21,31,151,75,Retardé
2025,F81355,2025-08-01,F8,40,YVR,YYC,2025-08-01 21:25:00,2025-08-01 21:22:00,2025-08-01 22:53:00,2025-08-01 22:48:00,-3,-5,687,153,À l'heure
2026,F81653,2025-08-02,F8,42,YWG,YYC,2025-08-02 06:05:00,2025-08-02 06:00:00,2025-08-02 08:12:00,2025-08-02 08:13:00,-5,1,1191,149,À l'heure
2027,PD753,2025-08-02,PD,30,YOW,YUL,2025-08-02 07:55:00,2025-08-02 07:56:00,2025-08-02 08:33:00,2025-08-02 08:20:00,1,-13,151,58,À l'heure
2028,WS1447,2025-08-02,WS,18,YUL,YVR,2025-08-02 09:00:00,2025-08-02 11:07:00,2025-08-02 14:14:00,2025-08-02 16:14:00,127,120,3682,132,Retardé
2029,WS806,2025-08-02,WS,18,YYC,YVR,2025-08-02 11:35:00,2025-08-02 11:36:00,2025-08-02 13:00:00,2025-08-02 13:04:00,1,4,687,151,À l'heure
2030,AC1921,2025-08-02,AC,3,YHZ,YUL,2025-08-02 12:10:00,2025-08-02 12:17:00,2025-08-02 13:33:00,2025-08-02 13:27:00,7,-6,804,121,À l'heure
2031,AC1570,2025-08-02,AC,6,YYZ,YHZ,2025-08-02 12:40:00,2025-08-02 12:46:00,2025-08-02 14:52:00,2025-08-02 14:47:00,6,-5,1288,181,À l'heure
2032,AC1760,2025-08-02,AC,8,YYC,YUL,2025-08-02 13:00:00,2025-08-02 13:00:00,2025-08-02 17:18:00,2025-08-02 17:05:00,0,-13,3005,166,À l'heure
2033,F81011,2025-08-02,F8,40,YYZ,YYC,2025-08-02 13:00:00,2025-08-02 13:18:00,2025-08-02 17:00:00,2025-08-02 17:19:00,18,19,2689,125,Retardé
2034,AC970,2025-08-02,AC,13,YYZ,LHR,2025-08-02 19:50:00,2025-08-02 20:04:00,2025-08-03 03:40:00,2025-08-03 03:41:00,14,1,5707,215,À l'heure
2035,AC1065,2025-08-02,AC,8,YYZ,YUL,2025-08-02 20:50:00,2025-08-02 21:37:00,2025-08-02 21:52:00,2025-08-02 22:46:00,47,54,507,114,Retardé
2036,AC1701,2025-08-02,AC,8,YYZ,YOW,2025-08-02 21:15:00,2025-08-02 21:30:00,2025-08-02 22:06:00,2025-08-02 22:26:00,15,20,363,170,Retardé
2037,PD770,2025-08-02,PD,27,YUL,YYZ,2025-08-02 21:30:00,2025-08-02 22:08:00,2025-08-02 22:32:00,2025-08-02 23:07:00,38,35,507,91,Retardé
2038,PD468,2025-08-03,PD,26,YOW,YYZ,2025-08-03 08:15:00,2025-08-03 08:12:00,2025-08-03 09:10:00,2025-08-03 09:09:00,-3,-1,363,91,À l'heure
2039,F8505,2025-08-03,F8,39,YYC,YWG,2025-08-03 08:25:00,2025-08-03 08:56:00,2025-08-03 10:23:00,2025-08-03 10:47:00,31,24,1191,165,Retardé
2040,AC398,2025-08-03,AC,5,YUL,YYZ,2025-08-03 09:20:00,2025-08-03 09:19:00,2025-08-03 10:27:00,2025-08-03 10:24:00,-1,-3,507,133,À l'heure
2041,AC399,2025-08-03,AC,1,YUL,JFK,2025-08-03 16:45:00,2025-08-03 16:46:00,2025-08-03 18:01:00,2025-08-03 18:06:00,1,5,537,88,À l'heure
2042,UA1249,2025-08-03,UA,48,ORD,YYZ,2025-08-03 17:25:00,2025-08-03 17:26:00,2025-08-03 18:55:00,2025-08-03 19:00:00,1,5,701,158,À l'heure
2043,WS1964,2025-08-03,WS,20,YVR,YEG,2025-08-03 20:00:00,2025-08-03 21:28:00,2025-08-03 21:39:00,2025-08-03 23:14:00,88,95,809,120,Retardé
2044,UA1954,2025-08-04,UA,47,YUL,ORD,2025-08-04 09:25:00,2025-08-04 09:23:00,2025-08-04 11:35:00,2025-08-04 11:23:00,-2,-12,1201,111,À l'heure
2045,AC1070,2025-08-04,AC,3,YVR,YUL,2025-08-04 16:15:00,2025-08-04 16:44:00,2025-08-04 21:20:00,2025-08-04 21:42:00,29,22,3682,121,Retardé
2046,AC910,2025-08-04,AC,6,YQB,YUL,2025-08-04 16:20:00,2025-08-04 16:34:00,2025-08-04 17:02:00,2025-08-04 17:26:00,14,24,233,140,Retardé
2047,UA1387,2025-08-04,UA,47,YYZ,ORD,2025-08-04 17:05:00,2025-08-04 17:17:00,2025-08-04 18:24:00,2025-08-04 18:46:00,12,22,701,132,Retardé
2048,TS1713,2025-08-04,TS,34,YUL,CUN,2025-08-04 17:35:00,2025-08-04 17:38:00,2025-08-04 21:43:00,2025-08-04 21:45:00,3,2,2970,170,À l'heure
2049,PD344,2025-08-04,PD,29,YOW,YYZ,2025-08-04 17:35:00,2025-08-04 17:30:00,2025-08-04 18:37:00,2025-08-04 18:39:00,-5,2,363,52,À l'heure
2050,AF1485,2025-08-04,AF,58,CDG,YUL,2025-08-04 20:20:00,2025-08-04 20:24:00,2025-08-05 03:56:00,2025-08-05 04:06:00,4,10,5523,269,À l'heure
2051,AC1715,2025-08-04,AC,3,ORD,YUL,2025-08-04 20:40:00,2025-08-04 21:14:00,2025-08-04 22:48:00,2025-08-04 23:23:00,34,35,1201,191,Retardé
2052,AF1702,2025-08-05,AF,58,CDG,YUL,2025-08-05 07:15:00,2025-08-05 08:44:00,2025-08-05 14:45:00,2025-08-05 16:09:00,89,84,5523,290,Retardé
2053,WS1065,2025-08-05,WS,18,YYZ,YWG,2025-08-05 09:35:00,2025-08-05 09:50:00,2025-08-05 12:06:00,2025-08-05 12:18:00,15,12,1504,138,À l'heure
2054,F81903,2025-08-05,F8,40,YYZ,YVR,2025-08-05 10:40:00,2025-08-05 10:41:00,2025-08-05 15:20:00,2025-08-05 15:25:00,1,5,3346,108,À l'heure
2055,AC1383,2025-08-05,AC,3,YYZ,YVR,2025-08-05 15:50:00,,2025-08-05 20:40:00,,,,3346,,Annulé
2056,AC1635,2025-08-05,AC,2,JFK,YUL,2025-08-05 17:20:00,2025-08-05 17:17:00,2025-08-05 18:26:00,2025-08-05 18:21:00,-3,-5,537,86,À l'heure
2057,TS547,2025-08-05,TS,37,YUL,CDG,2025-08-05 21:10:00,2025-08-05 21:32:00,2025-08-06 04:35:00,2025-08-06 04:52:00,22,17,5523,244,Retardé
2058,AC1503,2025-08-05,AC,9,YYZ,YUL,2025-08-05 21:35:00,2025-08-05 21:49:00,2025-08-05 22:50:00,2025-08-05 23:05:00,14,15,507,158,À l'heure
2059,PD1011,2025-08-06,PD,27,YUL,YOW,2025-08-06 07:20:00,2025-08-06 07:24:00,2025-08-06 07:54:00,2025-08-06 07:51:00,4,-3,151,111,À l'heure
2060,PD1586,2025-08-06,PD,27,YYZ,YUL,2025-08-06 08:30:00,2025-08-06 08:47:00,2025-08-06 09:37:00,2025-08-06 10:02:00,17,25,507,102,Retardé
2061,WS510,2025-08-06,WS,20,YEG,YVR,2025-08-06 10:35:00,2025-08-06 10:30:00,2025-08-06 12:00:00,2025-08-06 11:49:00,-5,-11,809,149,À l'heure
2062,AC489,2025-08-06,AC,2,YUL,YVR,2025-08-06 12:30:00,2025-08-06 12:32:00,2025-08-06 17:33:00,2025-08-06 17:38:00,2,5,3682,90,À l'heure
2063,DL1051,2025-08-06,DL,53,JFK,YUL,2025-08-06 12:30:00,,2025-08-06 13:45:00,,,,537,,Annulé
2064,WS217,2025-08-06,WS,20,YWG,YYC,2025-08-06 15:45:00,2025-08-06 15:44:00,2025-08-06 17:49:00,2025-08-06 17:38:00,-1,-11,1191,115,À l'heure
2065,PD1845,2025-08-06,PD,26,YYZ,YUL,2025-08-06 17:05:00,2025-08-06 17:00:00,2025-08-06 18:14:00,2025-08-06 17:57:00,-5,-17,507,110,À l'heure
2066,WS666,2025-08-06,WS,18,YEG,YYC,2025-08-06 19:15:00,2025-08-06 21:18:00,2025-08-06 20:07:00,2025-08-06 22:10:00,123,123,244,151,Retardé
2067,WS1957,2025-08-06,WS,19,YYZ,YYC,2025-08-06 20:05:00,2025-08-06 20:13:00,2025-08-07 00:06:00,2025-08-07 00:02:00,8,-4,2689,166,À l'heure
2068,PD1606,2025-08-06,PD,30,YYZ,YOW,2025-08-06 20:30:00,2025-08-06 20:25:00,2025-08-06 21:30:00,2025-08-06 21:25:00,-5,-5,363,76,À l'heure
2069,WS1164,2025-08-07,WS,19,YUL,YVR,2025-08-07 06:25:00,2025-08-07 09:01:00,2025-08-07 11:34:00,2025-08-07 13:58:00,156,144,3682,167,Retardé
2070,AC353,2025-08-07,AC,4,YYZ,YUL,2025-08-07 08:30:00,2025-08-07 08:41:00,2025-08-07 09:36:00,2025-08-07 09:37:00,11,1,507,176,À l'heure
2071,WS612,2025-08-07,WS,20,YWG,YYZ,2025-08-07 08:35:00,2025-08-07 08:34:00,2025-08-07 11:05:00,2025-08-07 11:14:00,-1,9,1504,131,À l'heure
2072,F8311,2025-08-07,F8,40,YYC,YYZ,2025-08-07 10:40:00,2025-08-07 10:51:00,2025-08-07 14:40:00,2025-08-07 14:55:00,11,15,2689,111,À l'heure
2073,AC881,2025-08-07,AC,7,YUL,JFK,2025-08-07 11:55:00,2025-08-07 12:06:00,2025-08-07 13:00:00,2025-08-07 13:02:00,11,2,537,139,À l'heure
2074,DL177,2025-08-07,DL,54,JFK,YUL,2025-08-07 18:40:00,2025-08-07 18:46:00,2025-08-07 19:50:00,2025-08-07 19:45:00,6,-5,537,154,À l'heure
2075,F8591,2025-08-07,F8,40,YVR,YUL,2025-08-07 20:05:00,2025-08-07 20:33:00,2025-08-08 01:16:00,2025-08-08 01:48:00,28,32,3682,128,Retardé
2076,WS763,2025-08-07,WS,18,YYZ,YYC,2025-08-07 20:10:00,2025-08-07 20:08:00,2025-08-07 23:56:00,2025-08-07 23:44:00,-2,-12,2689,140,À l'heure
2077,AF1983,2025-08-08,AF,61,CDG,YUL,2025-08-08 11:35:00,2025-08-08 11:34:00,2025-08-08 19:08:00,2025-08-08 19:07:00,-1,-1,5523,260,À l'heure
2078,PD669,2025-08-08,PD,30,YQB,YUL,2025-08-08 11:50:00,2025-08-08 12:25:00,2025-08-08 12:38:00,2025-08-08 13:19:00,35,41,233,74,Retardé
2079,AC1736,2025-08-08,AC,10,ORD,YUL,2025-08-08 13:50:00,2025-08-08 14:02:00,2025-08-08 15:46:00,2025-08-08 16:07:00,12,21,1201,124,Retardé
2080,AC1044,2025-08-08,AC,8,YUL,ORD,2025-08-08 16:10:00,2025-08-08 16:28:00,2025-08-08 18:11:00,2025-08-08 18:15:00,18,4,1201,156,À l'heure
2081,AC346,2025-08-08,AC,12,YUL,LHR,2025-08-08 17:50:00,2025-08-08 19:02:00,2025-08-09 01:06:00,2025-08-09 02:20:00,72,74,5215,249,Retardé
2082,AC1046,2025-08-08,AC,2,YVR,YEG,2025-08-08 19:25:00,2025-08-08 20:19:00,2025-08-08 21:01:00,2025-08-08 22:01:00,54,60,809,114,Retardé
2083,AC1692,2025-08-08,AC,2,YUL,YYC,2025-08-08 20:35:00,2025-08-08 20:40:00,2025-08-09 01:03:00,2025-08-09 00:54:00,5,-9,3005,96,À l'heure
2084,PD1537,2025-08-08,PD,30,YYZ,YUL,2025-08-08 21:20:00,2025-08-08 21:18:00,2025-08-08 22:24:00,2025-08-08 22:16:00,-2,-8,507,56,À l'heure
2085,AC192,2025-08-09,AC,5,LAX,YUL,2025-08-09 06:10:00,2025-08-09 06:17:00,2025-08-09 11:36:00,2025-08-09 11:53:00,7,17,3973,182,Retardé
2086,AC1161,2025-08-09,AC,9,YUL,YYZ,2025-08-09 06:25:00,2025-08-09 06:27:00,2025-08-09 07:31:00,2025-08-09 07:34:00,2,3,507,153,À l'heure
2087,AC1793,2025-08-09,AC,6,YVR,YYC,2025-08-09 06:45:00,2025-08-09 06:51:00,2025-08-09 08:00:00,2025-08-09 08:15:00,6,15,687,174,À l'heure
2088,AC1027,2025-08-09,AC,10,YOW,YYZ,2025-08-09 10:30:00,2025-08-09 10:28:00,2025-08-09 11:34:00,2025-08-09 11:34:00,-2,0,363,134,À l'heure
2089,PD255,2025-08-09,PD,26,YHZ,YUL,2025-08-09 13:15:00,2025-08-09 13:22:00,2025-08-09 14:51:00,2025-08-09 14:46:00,7,-5,804,84,À l'heure
2090,F81355,2025-08-09,F8,39,YYZ,YVR,2025-08-09 13:35:00,2025-08-09 13:52:00,2025-08-09 18:29:00,2025-08-09 18:49:00,17,20,3346,155,Retardé
2091,AC1468,2025-08-09,AC,4,LAX,YVR,2025-08-09 15:05:00,2025-08-09 15:11:00,2025-08-09 17:49:00,2025-08-09 17:44:00,6,-5,1741,164,À l'heure
2092,UA1760,2025-08-09,UA,43,YYZ,ORD,2025-08-09 17:45:00,2025-08-09 18:53:00,2025-08-09 19:00:00,2025-08-09 20:18:00,68,78,701,167,Retardé
2093,WS1131,2025-08-09,WS,20,YUL,YYZ,2025-08-09 18:25:00,2025-08-09 18:22:00,2025-08-09 19:42:00,2025-08-09 19:44:00,-3,2,507,137,À l'heure
2094,WS1576,2025-08-09,WS,18,YYZ,YHZ,2025-08-09 19:15:00,2025-08-09 19:33:00,2025-08-09 21:15:00,2025-08-09 21:29:00,18,14,1288,126,À l'heure
2095,TS157,2025-08-09,TS,36,YUL,CDG,2025-08-09 20:35:00,2025-08-09 20:35:00,2025-08-10 04:04:00,2025-08-10 04:06:00,0,2,5523,256,À l'heure
2096,PD1057,2025-08-10,PD,31,YUL,YQB,2025-08-10 07:55:00,2025-08-10 07:58:00,2025-08-10 08:42:00,2025-08-10 08:43:00,3,1,233,71,À l'heure
2097,AC833,2025-08-10,AC,7,YUL,CUN,2025-08-10 08:10:00,2025-08-10 08:04:00,2025-08-10 12:29:00,2025-08-10 12:24:00,-6,-5,2970,151,À l'heure
2098,TS1373,2025-08-10,TS,36,CDG,YUL,2025-08-10 15:10:00,2025-08-10 15:34:00,2025-08-10 22:45:00,2025-08-10 22:58:00,24,13,5523,202,À l'heure
2099,AC1690,2025-08-10,AC,14,LHR,YYZ,2025-08-10 16:00:00,2025-08-10 16:16:00,2025-08-10 23:42:00,2025-08-10 23:48:00,16,6,5707,271,À l'heure
2100,AC1581,2025-08-10,AC,4,YUL,LAX,2025-08-10 17:20:00,2025-08-10 17:32:00,2025-08-10 22:56:00,2025-08-10 23:03:00,12,7,3973,166,À l'heure
2101,PD943,2025-08-10,PD,31,YOW,YYZ,2025-08-10 19:10:00,2025-08-10 19:09:00,2025-08-10 20:12:00,2025-08-10 19:58:00,-1,-14,363,74,À l'heure
2102,AC546,2025-08-11,AC,3,YUL,YYZ,2025-08-11 07:10:00,2025-08-11 07:26:00,2025-08-11 08:27:00,2025-08-11 08:42:00,16,15,507,124,À l'heure
2103,DL1909,2025-08-11,DL,50,YUL,JFK,2025-08-11 10:20:00,2025-08-11 10:45:00,2025-08-11 11:29:00,2025-08-11 11:40:00,25,11,537,128,À l'heure
2104,WS1915,2025-08-11,WS,17,YYC,YVR,2025-08-11 11:05:00,2025-08-11 11:08:00,2025-08-11 12:32:00,2025-08-11 12:38:00,3,6,687,137,À l'heure
2105,UA1089,2025-08-11,UA,44,ORD,YYZ,2025-08-11 12:05:00,2025-08-11 12:04:00,2025-08-11 13:27:00,2025-08-11 13:25:00,-1,-2,701,119,À l'heure
2106,WS973,2025-08-11,WS,18,YYC,YYZ,2025-08-11 12:40:00,2025-08-11 13:21:00,2025-08-11 16:28:00,2025-08-11 17:11:00,41,43,2689,127,Retardé
2107,PD832,2025-08-11,PD,26,YOW,YUL,2025-08-11 16:25:00,2025-08-11 16:24:00,2025-08-11 17:01:00,2025-08-11 16:59:00,-1,-2,151,95,À l'heure
2108,AC146,2025-08-11,AC,15,YYZ,LHR,2025-08-11 17:05:00,2025-08-11 17:12:00,2025-08-12 00:49:00,2025-08-12 00:59:00,7,10,5707,237,À l'heure
2109,WS1917,2025-08-11,WS,20,YYC,YWG,2025-08-11 17:55:00,2025-08-11 18:00:00,2025-08-11 20:03:00,2025-08-11 20:16:00,5,13,1191,110,À l'heure
2110,F81948,2025-08-11,F8,42,YVR,YYZ,2025-08-11 19:20:00,2025-08-11 19:26:00,2025-08-12 00:09:00,2025-08-12 00:19:00,6,10,3346,129,À l'heure
2111,AC106,2025-08-11,AC,11,YUL,CDG,2025-08-11 21:10:00,2025-08-11 21:14:00,2025-08-12 04:47:00,2025-08-12 04:59:00,4,12,5523,220,À l'heure
2112,PD805,2025-08-12,PD,28,YYZ,YOW,2025-08-12 07:25:00,2025-08-12 07:23:00,2025-08-12 08:26:00,2025-08-12 08:19:00,-2,-7,363,87,À l'heure
2113,AC869,2025-08-12,AC,9,YYC,YUL,2025-08-12 07:40:00,2025-08-12 07:42:00,2025-08-12 12:02:00,2025-08-12 12:08:00,2,6,3005,110,À l'heure
2114,TS1225,2025-08-12,TS,32,CUN,YUL,2025-08-12 07:50:00,2025-08-12 07:53:00,2025-08-12 12:12:00,2025-08-12 12:10:00,3,-2,2970,163,À l'heure
2115,AC1457,2025-08-12,AC,9,CUN,YUL,2025-08-12 08:20:00,2025-08-12 08:44:00,2025-08-12 12:42:00,2025-08-12 13:13:00,24,31,2970,108,Retardé
2116,PD625,2025-08-12,PD,29,YUL,YYZ,2025-08-12 09:00:00,2025-08-12 09:01:00,2025-08-12 10:09:00,2025-08-12 10:20:00,1,11,507,66,À l'heure
2117,AC827,2025-08-12,AC,3,YVR,YYZ,2025-08-12 09:15:00,2025-08-12 09:35:00,2025-08-12 14:00:00,2025-08-12 14:06:00,20,6,3346,155,À l'heure
2118,DL1644,2025-08-12,DL,54,YVR,LAX,2025-08-12 10:25:00,2025-08-12 10:22:00,2025-08-12 13:08:00,2025-08-12 12:54:00,-3,-14,1741,124,À l'heure
2119,PD562,2025-08-12,PD,25,YUL,YHZ,2025-08-12 10:30:00,2025-08-12 10:36:00,2025-08-12 11:54:00,2025-08-12 12:09:00,6,15,804,106,À l'heure
2120,WS621,2025-08-12,WS,17,YYC,YEG,2025-08-12 11:55:00,2025-08-12 12:08:00,2025-08-12 12:44:00,2025-08-12 12:44:00,13,0,244,142,À l'heure
2121,AC949,2025-08-12,AC,11,LHR,YUL,2025-08-12 17:35:00,2025-08-12 18:01:00,2025-08-13 00:45:00,2025-08-13 01:14:00,26,29,5215,250,Retardé
2122,AC1383,2025-08-12,AC,4,YVR,YUL,2025-08-12 19:15:00,2025-08-12 19:18:00,2025-08-13 00:33:00,2025-08-13 00:45:00,3,12,3682,169,À l'heure
2123,PD830,2025-08-12,PD,27,YHZ,YYZ,2025-08-12 20:00:00,2025-08-12 20:02:00,2025-08-12 22:01:00,2025-08-12 21:51:00,2,-10,1288,83,À l'heure
2124,AC700,2025-08-12,AC,9,YYZ,YVR,2025-08-12 20:35:00,2025-08-12 21:04:00,2025-08-13 01:14:00,2025-08-13 01:30:00,29,16,3346,152,Retardé
2125,AC1682,2025-08-12,AC,9,YYZ,YWG,2025-08-12 21:25:00,2025-08-12 21:38:00,2025-08-12 23:43:00,2025-08-12 23:57:00,13,14,1504,123,À l'heure
2126,DL1120,2025-08-13,DL,50,LAX,YVR,2025-08-13 07:15:00,2025-08-13 07:13:00,2025-08-13 10:07:00,2025-08-13 10:06:00,-2,-1,1741,97,À l'heure
2127,AC716,2025-08-13,AC,9,YHZ,YUL,2025-08-13 09:10:00,2025-08-13 09:22:00,2025-08-13 10:45:00,2025-08-13 10:45:00,12,0,804,111,À l'heure
2128,AC1020,2025-08-13,AC,9,YUL,YYZ,2025-08-13 12:35:00,2025-08-13 12:34:00,2025-08-13 13:49:00,2025-08-13 13:43:00,-1,-6,507,121,À l'heure
2129,AC1238,2025-08-13,AC,8,YYZ,YWG,2025-08-13 16:10:00,2025-08-13 16:18:00,2025-08-13 18:40:00,2025-08-13 18:44:00,8,4,1504,153,À l'heure
2130,WS1489,2025-08-14,WS,18,YYC,YEG,2025-08-14 06:20:00,2025-08-14 06:18:00,2025-08-14 07:02:00,2025-08-14 06:46:00,-2,-16,244,133,À l'heure
2131,AC643,2025-08-14,AC,7,YVR,YUL,2025-08-14 10:20:00,2025-08-14 10:30:00,2025-08-14 15:26:00,2025-08-14 15:31:00,10,5,3682,159,À l'heure
2132,AC619,2025-08-14,AC,14,CDG,YUL,2025-08-14 18:05:00,2025-08-14 18:28:00,2025-08-15 01:43:00,2025-08-15 02:03:00,23,20,5523,278,Retardé
2133,WS439,2025-08-14,WS,19,YEG,YYC,2025-08-14 20:40:00,2025-08-14 21:03:00,2025-08-14 21:20:00,2025-08-14 21:31:00,23,11,244,125,À l'heure
2134,F81808,2025-08-15,F8,39,YYC,YYZ,2025-08-15 06:50:00,2025-08-15 06:50:00,2025-08-15 10:54:00,2025-08-15 11:03:00,0,9,2689,148,À l'heure
2135,AC1959,2025-08-15,AC,9,YYZ,YHZ,2025-08-15 08:15:00,2025-08-15 08:16:00,2025-08-15 10:20:00,2025-08-15 10:31:00,1,11,1288,133,À l'heure
2136,PD571,2025-08-15,PD,31,YHZ,YYZ,2025-08-15 08:30:00,2025-08-15 08:26:00,2025-08-15 10:47:00,2025-08-15 10:50:00,-4,3,1288,60,À l'heure
2137,AC1301,2025-08-15,AC,10,YVR,YYZ,2025-08-15 09:30:00,2025-08-15 09:38:00,2025-08-15 14:11:00,2025-08-15 14:09:00,8,-2,3346,122,À l'heure
2138,DL1602,2025-08-15,DL,51,JFK,YUL,2025-08-15 10:40:00,2025-08-15 10:40:00,2025-08-15 11:54:00,2025-08-15 11:41:00,0,-13,537,88,À l'heure
2139,F81894,2025-08-15,F8,40,YUL,YVR,2025-08-15 10:45:00,2025-08-15 10:43:00,2025-08-15 16:02:00,2025-08-15 15:54:00,-2,-8,3682,124,À l'heure
2140,AC442,2025-08-15,AC,2,YUL,CUN,2025-08-15 10:45:00,2025-08-15 10:56:00,2025-08-15 15:07:00,2025-08-15 15:11:00,11,4,2970,106,À l'heure
2141,TS466,2025-08-15,TS,36,CDG,YUL,2025-08-15 13:30:00,2025-08-15 13:43:00,2025-08-15 21:06:00,2025-08-15 21:24:00,13,18,5523,280,Retardé
2142,PD784,2025-08-15,PD,29,YOW,YUL,2025-08-15 14:35:00,2025-08-15 14:40:00,2025-08-15 15:08:00,2025-08-15 15:04:00,5,-4,151,68,À l'heure
2143,AC1878,2025-08-15,AC,7,YUL,YYZ,2025-08-15 21:15:00,2025-08-15 22:04:00,2025-08-15 22:16:00,2025-08-15 22:51:00,49,35,507,114,Retardé
2144,UA1637,2025-08-16,UA,43,ORD,YYZ,2025-08-16 06:35:00,2025-08-16 06:47:00,2025-08-16 08:08:00,2025-08-16 08:29:00,12,21,701,144,Retardé
2145,UA1877,2025-08-16,UA,46,YYZ,ORD,2025-08-16 07:15:00,2025-08-16 07:10:00,2025-08-16 08:32:00,2025-08-16 08:23:00,-5,-9,701,161,À l'heure
2146,WS1693,2025-08-16,WS,18,YUL,YYC,2025-08-16 09:00:00,2025-08-16 08:59:00,2025-08-16 13:26:00,2025-08-16 13:28:00,-1,2,3005,168,À l'heure
2147,PD1013,2025-08-16,PD,28,YYZ,YOW,2025-08-16 12:00:00,2025-08-16 12:01:00,2025-08-16 12:50:00,2025-08-16 12:59:00,1,9,363,99,À l'heure
2148,AC343,2025-08-16,AC,8,YWG,YYZ,2025-08-16 12:20:00,2025-08-16 12:24:00,2025-08-16 14:40:00,2025-08-16 14:52:00,4,12,1504,131,À l'heure
2149,DL1265,2025-08-16,DL,53,YUL,JFK,2025-08-16 16:50:00,2025-08-16 17:01:00,2025-08-16 17:54:00,2025-08-16 17:56:00,11,2,537,152,À l'heure
2150,PD1546,2025-08-16,PD,28,YUL,YHZ,2025-08-16 20:45:00,2025-08-16 20:44:00,2025-08-16 22:08:00,2025-08-16 22:14:00,-1,6,804,107,À l'heure
2151,WS538,2025-08-16,WS,18,YWG,YYC,2025-08-16 21:25:00,2025-08-16 21:36:00,2025-08-16 23:31:00,2025-08-16 23:51:00,11,20,1191,152,Retardé
2152,PD1849,2025-08-17,PD,27,YOW,YYZ,2025-08-17 10:20:00,2025-08-17 10:32:00,2025-08-17 11:18:00,2025-08-17 11:26:00,12,8,363,128,À l'heure
2153,AC1271,2025-08-17,AC,7,YUL,LAX,2025-08-17 12:20:00,2025-08-17 12:20:00,2025-08-17 17:53:00,2025-08-17 17:44:00,0,-9,3973,133,À l'heure
2154,PD916,2025-08-17,PD,30,YYZ,YUL,2025-08-17 12:30:00,2025-08-17 15:35:00,2025-08-17 13:39:00,2025-08-17 16:46:00,185,187,507,49,Retardé
2155,F8609,2025-08-17,F8,40,YYZ,YYC,2025-08-17 13:45:00,2025-08-17 13:53:00,2025-08-17 17:46:00,2025-08-17 18:02:00,8,16,2689,135,Retardé
2156,AC605,2025-08-17,AC,7,YYZ,YVR,2025-08-17 14:15:00,2025-08-17 14:14:00,2025-08-17 18:58:00,2025-08-17 18:48:00,-1,-10,3346,139,À l'heure
2157,AC766,2025-08-17,AC,10,YYC,YUL,2025-08-17 16:15:00,2025-08-17 16:39:00,2025-08-17 20:43:00,2025-08-17 20:53:00,24,10,3005,131,À l'heure
2158,PD463,2025-08-17,PD,29,YOW,YYZ,2025-08-17 17:25:00,2025-08-17 17:57:00,2025-08-17 18:32:00,2025-08-17 19:10:00,32,38,363,74,Retardé
2159,AC1045,2025-08-17,AC,6,YUL,JFK,2025-08-17 18:00:00,2025-08-17 21:41:00,2025-08-17 19:19:00,2025-08-17 22:47:00,221,208,537,141,Retardé
2160,AC676,2025-08-17,AC,11,YYZ,LHR,2025-08-17 18:10:00,2025-08-17 18:14:00,2025-08-18 01:47:00,2025-08-18 01:51:00,4,4,5707,213,À l'heure
2161,WS380,2025-08-17,WS,20,YVR,YYC,2025-08-17 18:20:00,,2025-08-17 19:45:00,,,,687,,Annulé
2162,PD486,2025-08-17,PD,29,YQB,YUL,2025-08-17 19:50:00,2025-08-17 19:50:00,2025-08-17 20:35:00,2025-08-17 20:45:00,0,10,233,49,À l'heure
2163,WS503,2025-08-17,WS,20,YVR,YUL,2025-08-17 20:30:00,2025-08-17 20:57:00,2025-08-18 01:41:00,2025-08-18 02:12:00,27,31,3682,134,Retardé
2164,PD1369,2025-08-17,PD,31,YUL,YOW,2025-08-17 20:45:00,2025-08-17 20:48:00,2025-08-17 21:29:00,2025-08-17 21:28:00,3,-1,151,48,À l'heure
2165,TS921,2025-08-18,TS,35,YUL,CUN,2025-08-18 07:00:00,2025-08-18 06:56:00,2025-08-18 11:18:00,2025-08-18 11:13:00,-4,-5,2970,142,À l'heure
2166,AC1212,2025-08-18,AC,9,YYZ,YVR,2025-08-18 09:45:00,2025-08-18 09:45:00,2025-08-18 14:34:00,2025-08-18 14:32:00,0,-2,3346,127,À l'heure
2167,PD580,2025-08-18,PD,31,YYZ,YOW,2025-08-18 11:00:00,2025-08-18 11:06:00,2025-08-18 11:58:00,2025-08-18 11:50:00,6,-8,363,52,À l'heure
2168,AC359,2025-08-18,AC,8,YUL,YQB,2025-08-18 16:25:00,2025-08-18 16:31:00,2025-08-18 17:21:00,2025-08-18 17:27:00,6,6,233,167,À l'heure
2169,AC1506,2025-08-18,AC,2,LAX,YUL,2025-08-18 17:30:00,2025-08-18 18:03:00,2025-08-18 23:08:00,2025-08-18 23:31:00,33,23,3973,123,Retardé
2170,AC1013,2025-08-18,AC,3,ORD,YUL,2025-08-18 18:20:00,2025-08-18 18:18:00,2025-08-18 20:22:00,2025-08-18 20:29:00,-2,7,1201,141,À l'heure
2171,AC815,2025-08-18,AC,14,YUL,CDG,2025-08-18 18:35:00,2025-08-18 19:10:00,2025-08-19 02:07:00,2025-08-19 02:43:00,35,36,5523,285,Retardé
2172,AC1383,2025-08-18,AC,16,YUL,CDG,2025-08-18 19:05:00,2025-08-18 19:10:00,2025-08-19 02:33:00,2025-08-19 02:28:00,5,-5,5523,197,À l'heure
2173,AC1752,2025-08-18,AC,12,YUL,LHR,2025-08-18 19:30:00,2025-08-18 19:28:00,2025-08-19 02:36:00,2025-08-19 02:28:00,-2,-8,5215,285,À l'heure
2174,F81985,2025-08-18,F8,41,YYC,YVR,2025-08-18 19:40:00,2025-08-18 19:43:00,2025-08-18 21:02:00,2025-08-18 21:11:00,3,9,687,154,À l'heure
2175,WS132,2025-08-18,WS,18,YYC,YWG,2025-08-18 20:40:00,2025-08-18 20:45:00,2025-08-18 22:47:00,2025-08-18 22:53:00,5,6,1191,147,À l'heure
2176,WS1397,2025-08-19,WS,18,YEG,YVR,2025-08-19 08:20:00,2025-08-19 08:19:00,2025-08-19 09:56:00,2025-08-19 09:53:00,-1,-3,809,112,À l'heure
2177,AC121,2025-08-19,AC,5,YVR,YEG,2025-08-19 09:10:00,2025-08-19 09:20:00,2025-08-19 10:37:00,2025-08-19 10:48:00,10,11,809,169,À l'heure
2178,WS373,2025-08-19,WS,19,YYZ,YUL,2025-08-19 10:30:00,2025-08-19 10:35:00,2025-08-19 11:48:00,2025-08-19 12:02:00,5,14,507,154,À l'heure
2179,AC549,2025-08-19,AC,13,LHR,YYZ,2025-08-19 11:10:00,2025-08-19 11:09:00,2025-08-19 19:03:00,2025-08-19 19:02:00,-1,-1,5707,264,À l'heure
2180,AC888,2025-08-19,AC,9,YUL,ORD,2025-08-19 11:15:00,2025-08-19 11:14:00,2025-08-19 13:20:00,2025-08-19 13:22:00,-1,2,1201,159,À l'heure
2181,WS816,2025-08-19,WS,20,YUL,YVR,2025-08-19 13:25:00,2025-08-19 13:25:00,2025-08-19 18:38:00,2025-08-19 18:34:00,0,-4,3682,152,À l'heure
2182,WS319,2025-08-19,WS,18,YYC,YVR,2025-08-19 15:10:00,2025-08-19 15:19:00,2025-08-19 16:36:00,2025-08-19 16:50:00,9,14,687,142,À l'heure
2183,AC1849,2025-08-19,AC,3,YVR,YYZ,2025-08-19 16:35:00,2025-08-19 16:30:00,2025-08-19 21:12:00,2025-08-19 21:14:00,-5,2,3346,137,À l'heure
2184,WS201,2025-08-19,WS,17,CUN,YUL,2025-08-19 17:00:00,2025-08-19 17:04:00,2025-08-19 21:16:00,2025-08-19 21:06:00,4,-10,2970,145,À l'heure
2185,AC1241,2025-08-19,AC,13,LHR,YUL,2025-08-19 17:35:00,2025-08-19 17:30:00,2025-08-20 00:35:00,2025-08-20 00:39:00,-5,4,5215,205,À l'heure
2186,DL1283,2025-08-19,DL,54,YVR,LAX,2025-08-19 17:55:00,2025-08-19 17:56:00,2025-08-19 20:46:00,2025-08-19 20:55:00,1,9,1741,124,À l'heure
2187,AC1894,2025-08-19,AC,1,CUN,YUL,2025-08-19 19:00:00,2025-08-19 19:47:00,2025-08-19 23:08:00,2025-08-19 23:59:00,47,51,2970,107,Retardé
2188,WS1944,2025-08-19,WS,19,YYZ,YUL,2025-08-19 20:20:00,2025-08-19 21:02:00,2025-08-19 21:20:00,2025-08-19 21:56:00,42,36,507,108,Retardé
2189,WS149,2025-08-19,WS,19,YYZ,YUL,2025-08-19 20:55:00,2025-08-19 20:58:00,2025-08-19 22:07:00,2025-08-19 22:11:00,3,4,507,119,À l'heure
2190,PD581,2025-08-19,PD,29,YUL,YYZ,2025-08-19 21:55:00,2025-08-19 21:56:00,2025-08-19 23:09:00,2025-08-19 23:15:00,1,6,507,74,À l'heure
2191,AC1908,2025-08-20,AC,8,YVR,LAX,2025-08-20 06:45:00,2025-08-20 06:45:00,2025-08-20 09:25:00,2025-08-20 09:22:00,0,-3,1741,108,À l'heure
2192,AC1302,2025-08-20,AC,2,YHZ,YUL,2025-08-20 07:30:00,2025-08-20 07:26:00,2025-08-20 09:09:00,2025-08-20 09:14:00,-4,5,804,129,À l'heure
2193,PD1680,2025-08-20,PD,25,YOW,YYZ,2025-08-20 12:20:00,2025-08-20 12:18:00,2025-08-20 13:09:00,2025-08-20 12:55:00,-2,-14,363,99,À l'heure
2194,F8415,2025-08-20,F8,39,YYZ,YVR,2025-08-20 14:30:00,2025-08-20 14:48:00,2025-08-20 19:23:00,2025-08-20 19:33:00,18,10,3346,129,À l'heure
2195,AC1338,2025-08-20,AC,8,YYC,YVR,2025-08-20 17:30:00,2025-08-20 17:38:00,2025-08-20 18:56:00,2025-08-20 18:57:00,8,1,687,166,À l'heure
2196,TS597,2025-08-20,TS,38,CDG,YUL,2025-08-20 17:35:00,2025-08-20 17:50:00,2025-08-21 00:56:00,2025-08-21 01:06:00,15,10,5523,209,À l'heure
2197,WS1727,2025-08-20,WS,19,YYZ,YUL,2025-08-20 18:05:00,2025-08-20 18:18:00,2025-08-20 19:13:00,2025-08-20 19:24:00,13,11,507,146,À l'heure
2198,F8929,2025-08-20,F8,40,YWG,YYC,2025-08-20 20:25:00,2025-08-20 22:28:00,2025-08-20 22:33:00,2025-08-21 00:29:00,123,116,1191,119,Retardé
2199,PD1484,2025-08-21,PD,28,YYZ,YHZ,2025-08-21 10:20:00,2025-08-21 10:17:00,2025-08-21 12:26:00,2025-08-21 12:33:00,-3,7,1288,105,À l'heure
2200,AC877,2025-08-21,AC,10,YQB,YUL,2025-08-21 11:00:00,2025-08-21 11:10:00,2025-08-21 11:43:00,2025-08-21 11:40:00,10,-3,233,125,À l'heure
2201,PD135,2025-08-21,PD,28,YUL,YYZ,2025-08-21 11:20:00,2025-08-21 11:31:00,2025-08-21 12:21:00,2025-08-21 12:38:00,11,17,507,104,Retardé
2202,AC1232,2025-08-21,AC,9,YYZ,YOW,2025-08-21 12:50:00,2025-08-21 12:51:00,2025-08-21 13:39:00,2025-08-21 13:30:00,1,-9,363,110,À l'heure
2203,AC1809,2025-08-21,AC,2,YYC,YUL,2025-08-21 14:30:00,2025-08-21 14:30:00,2025-08-21 18:49:00,2025-08-21 18:35:00,0,-14,3005,121,À l'heure
2204,WS1875,2025-08-21,WS,19,YVR,YYC,2025-08-21 14:40:00,2025-08-21 14:50:00,2025-08-21 16:07:00,2025-08-21 16:26:00,10,19,687,132,Retardé
2205,F81831,2025-08-21,F8,40,YVR,YYZ,2025-08-21 16:00:00,2025-08-21 15:57:00,2025-08-21 20:37:00,2025-08-21 20:25:00,-3,-12,3346,123,À l'heure
2206,WS118,2025-08-21,WS,18,YYC,YWG,2025-08-21 16:10:00,2025-08-21 16:31:00,2025-08-21 18:14:00,2025-08-21 18:24:00,21,10,1191,154,À l'heure
2207,WS856,2025-08-21,WS,19,YEG,YVR,2025-08-21 18:10:00,2025-08-21 18:39:00,2025-08-21 19:33:00,2025-08-21 20:11:00,29,38,809,160,Retardé
2208,PD1837,2025-08-21,PD,29,YYZ,YUL,2025-08-21 21:35:00,2025-08-21 21:33:00,2025-08-21 22:52:00,2025-08-21 22:44:00,-2,-8,507,48,À l'heure
2209,AC174,2025-08-22,AC,3,LAX,YUL,2025-08-22 07:00:00,2025-08-22 06:58:00,2025-08-22 12:24:00,2025-08-22 12:11:00,-2,-13,3973,182,À l'heure
2210,AC465,2025-08-22,AC,5,YUL,YHZ,2025-08-22 08:00:00,2025-08-22 08:00:00,2025-08-22 09:29:00,2025-08-22 09:16:00,0,-13,804,177,À l'heure
2211,DL1446,2025-08-22,DL,53,LAX,YVR,2025-08-22 09:15:00,2025-08-22 09:21:00,2025-08-22 12:06:00,2025-08-22 12:14:00,6,8,1741,139,À l'heure
2212,AC987,2025-08-22,AC,4,YVR,YEG,2025-08-22 11:05:00,2025-08-22 11:19:00,2025-08-22 12:31:00,2025-08-22 12:44:00,14,13,809,186,À l'heure
2213,UA1292,2025-08-22,UA,49,ORD,YYZ,2025-08-22 17:35:00,2025-08-22 17:41:00,2025-08-22 18:51:00,2025-08-22 18:52:00,6,1,701,152,À l'heure
2214,WS1529,2025-08-22,WS,17,YYZ,YUL,2025-08-22 18:40:00,2025-08-22 18:48:00,2025-08-22 19:41:00,2025-08-22 19:50:00,8,9,507,146,À l'heure
2215,WS857,2025-08-22,WS,19,YYC,YYZ,2025-08-22 20:25:00,2025-08-22 20:26:00,2025-08-23 00:12:00,2025-08-23 00:01:00,1,-11,2689,109,À l'heure
2216,UA1478,2025-08-22,UA,45,YUL,ORD,2025-08-22 21:20:00,2025-08-22 21:17:00,2025-08-22 23:22:00,2025-08-22 23:24:00,-3,2,1201,167,À l'heure
2217,WS1515,2025-08-22,WS,18,YWG,YYZ,2025-08-22 21:40:00,2025-08-22 21:45:00,2025-08-23 00:11:00,2025-08-23 00:22:00,5,11,1504,126,À l'heure
2218,AC1150,2025-08-23,AC,6,CUN,YUL,2025-08-23 09:05:00,2025-08-23 09:01:00,2025-08-23 13:13:00,2025-08-23 13:03:00,-4,-10,2970,164,À l'heure
2219,WS1472,2025-08-23,WS,19,YUL,CUN,2025-08-23 11:35:00,2025-08-23 11:34:00,2025-08-23 15:47:00,2025-08-23 15:40:00,-1,-7,2970,166,À l'heure
2220,AC1835,2025-08-23,AC,16,LHR,YYZ,2025-08-23 12:50:00,2025-08-23 12:52:00,2025-08-23 20:37:00,2025-08-23 20:39:00,2,2,5707,251,À l'heure
2221,PD771,2025-08-23,PD,31,YYZ,YOW,2025-08-23 14:30:00,2025-08-23 15:17:00,2025-08-23 15:26:00,2025-08-23 15:59:00,47,33,363,52,Retardé
2222,WS1979,2025-08-23,WS,20,YYZ,YUL,2025-08-23 15:50:00,2025-08-23 16:25:00,2025-08-23 16:51:00,2025-08-23 17:24:00,35,33,507,110,Retardé
2223,AC160,2025-08-23,AC,5,YYZ,YWG,2025-08-23 17:20:00,2025-08-23 17:43:00,2025-08-23 19:36:00,2025-08-23 19:59:00,23,23,1504,144,Retardé
2224,AC567,2025-08-23,AC,1,YUL,YYZ,2025-08-23 18:55:00,2025-08-23 19:52:00,2025-08-23 20:00:00,2025-08-23 21:03:00,57,63,507,133,Retardé
2225,AC1094,2025-08-23,AC,16,YUL,LHR,2025-08-23 21:15:00,2025-08-23 22:03:00,2025-08-24 04:20:00,2025-08-24 05:18:00,48,58,5215,259,Retardé
2226,PD1257,2025-08-23,PD,28,YUL,YOW,2025-08-23 21:35:00,2025-08-23 21:34:00,2025-08-23 22:17:00,2025-08-23 22:06:00,-1,-11,151,114,À l'heure
2227,DL709,2025-08-23,DL,51,YUL,JFK,2025-08-23 21:55:00,2025-08-23 22:06:00,2025-08-23 23:07:00,2025-08-23 23:15:00,11,8,537,96,À l'heure
2228,TS1652,2025-08-24,TS,38,CDG,YUL,2025-08-24 06:55:00,2025-08-24 09:43:00,2025-08-24 14:19:00,2025-08-24 17:02:00,168,163,5523,195,Retardé
2229,PD1493,2025-08-24,PD,29,YUL,YYZ,2025-08-24 08:15:00,2025-08-24 08:15:00,2025-08-24 09:27:00,2025-08-24 09:20:00,0,-7,507,73,À l'heure
2230,AC480,2025-08-24,AC,13,LHR,YUL,2025-08-24 09:15:00,2025-08-24 09:18:00,2025-08-24 16:15:00,2025-08-24 16:16:00,3,1,5215,210,À l'heure
2231,AC1313,2025-08-24,AC,9,YUL,JFK,2025-08-24 11:50:00,2025-08-24 15:43:00,2025-08-24 13:03:00,2025-08-24 17:01:00,233,238,537,124,Retardé
2232,WS826,2025-08-24,WS,20,YEG,YYC,2025-08-24 12:30:00,2025-08-24 12:34:00,2025-08-24 13:19:00,2025-08-24 13:14:00,4,-5,244,165,À l'heure
2233,AC147,2025-08-24,AC,5,YUL,YYC,2025-08-24 13:15:00,2025-08-24 13:31:00,2025-08-24 17:27:00,2025-08-24 17:31:00,16,4,3005,177,À l'heure
2234,WS412,2025-08-24,WS,20,YUL,CUN,2025-08-24 15:25:00,2025-08-24 15:29:00,2025-08-24 19:43:00,2025-08-24 19:39:00,4,-4,2970,117,À l'heure
2235,AC153,2025-08-24,AC,7,YUL,LAX,2025-08-24 17:15:00,2025-08-24 17:34:00,2025-08-24 22:51:00,2025-08-24 23:11:00,19,20,3973,132,Retardé
2236,WS1993,2025-08-24,WS,18,YVR,YUL,2025-08-24 18:35:00,2025-08-24 19:04:00,2025-08-24 23:36:00,2025-08-24 23:53:00,29,17,3682,113,Retardé
2237,TS1285,2025-08-24,TS,38,YUL,CDG,2025-08-24 18:40:00,2025-08-24 18:43:00,2025-08-25 02:10:00,2025-08-25 02:11:00,3,1,5523,218,À l'heure
2238,AC1832,2025-08-24,AC,4,YHZ,YYZ,2025-08-24 18:55:00,2025-08-24 19:15:00,2025-08-24 21:10:00,2025-08-24 21:39:00,20,29,1288,156,Retardé
2239,UA1193,2025-08-24,UA,46,ORD,YUL,2025-08-24 19:10:00,2025-08-24 19:08:00,2025-08-24 21:08:00,2025-08-24 20:53:00,-2,-15,1201,158,À l'heure
2240,F8523,2025-08-24,F8,39,YUL,YVR,2025-08-24 19:20:00,2025-08-24 19:54:00,2025-08-25 00:26:00,2025-08-25 00:53:00,34,27,3682,112,Retardé
2241,AC1686,2025-08-24,AC,10,YUL,YVR,2025-08-24 20:05:00,2025-08-24 20:28:00,2025-08-25 01:15:00,2025-08-25 01:42:00,23,27,3682,129,Retardé
2242,DL1257,2025-08-25,DL,50,JFK,YUL,2025-08-25 06:00:00,2025-08-25 06:02:00,2025-08-25 07:06:00,2025-08-25 07:09:00,2,3,537,90,À l'heure
2243,F81976,2025-08-25,F8,42,YYC,YVR,2025-08-25 14:40:00,2025-08-25 14:38:00,2025-08-25 16:07:00,2025-08-25 16:09:00,-2,2,687,139,À l'heure
2244,UA244,2025-08-25,UA,44,YYZ,ORD,2025-08-25 15:05:00,2025-08-25 15:17:00,2025-08-25 16:23:00,2025-08-25 16:29:00,12,6,701,160,À l'heure
2245,WS159,2025-08-25,WS,17,CUN,YUL,2025-08-25 18:30:00,2025-08-25 18:30:00,2025-08-25 22:44:00,2025-08-25 22:50:00,0,6,2970,122,À l'heure
2246,F8260,2025-08-26,F8,42,YYZ,YYC,2025-08-26 06:00:00,2025-08-26 06:09:00,2025-08-26 10:01:00,2025-08-26 10:10:00,9,9,2689,116,À l'heure
2247,F81800,2025-08-26,F8,41,YYZ,YYC,2025-08-26 07:20:00,2025-08-26 07:21:00,2025-08-26 11:10:00,2025-08-26 11:15:00,1,5,2689,130,À l'heure
2248,PD1242,2025-08-26,PD,27,YOW,YUL,2025-08-26 07:40:00,2025-08-26 07:49:00,2025-08-26 08:18:00,2025-08-26 08:17:00,9,-1,151,104,À l'heure
2249,AC1930,2025-08-26,AC,3,YUL,YYZ,2025-08-26 10:50:00,2025-08-26 10:59:00,2025-08-26 11:52:00,2025-08-26 11:50:00,9,-2,507,177,À l'heure
2250,WS350,2025-08-26,WS,17,YYC,YEG,2025-08-26 11:05:00,2025-08-26 11:09:00,2025-08-26 12:03:00,2025-08-26 12:03:00,4,0,244,120,À l'heure
2251,WS371,2025-08-26,WS,19,YVR,YYZ,2025-08-26 12:40:00,2025-08-26 12:42:00,2025-08-26 17:25:00,2025-08-26 17:18:00,2,-7,3346,110,À l'heure
2252,AC752,2025-08-26,AC,8,YUL,YQB,2025-08-26 15:40:00,2025-08-26 15:43:00,2025-08-26 16:35:00,2025-08-26 16:32:00,3,-3,233,141,À l'heure
2253,WS809,2025-08-26,WS,18,YYC,YYZ,2025-08-26 15:50:00,2025-08-26 15:50:00,2025-08-26 19:46:00,2025-08-26 19:51:00,0,5,2689,165,À l'heure
2254,WS385,2025-08-26,WS,17,YYZ,YVR,2025-08-26 15:55:00,2025-08-26 16:20:00,2025-08-26 20:36:00,2025-08-26 21:06:00,25,30,3346,144,Retardé
2255,TS741,2025-08-26,TS,36,YUL,CDG,2025-08-26 18:10:00,2025-08-26 18:09:00,2025-08-27 01:34:00,2025-08-27 01:20:00,-1,-14,5523,234,À l'heure
2256,AC730,2025-08-26,AC,13,YYZ,LHR,2025-08-26 21:15:00,2025-08-26 21:22:00,2025-08-27 04:50:00,2025-08-27 04:59:00,7,9,5707,225,À l'heure
2257,AC1536,2025-08-26,AC,5,YOW,YYZ,2025-08-26 21:30:00,2025-08-26 21:26:00,2025-08-26 22:29:00,2025-08-26 22:26:00,-4,-3,363,142,À l'heure
2258,AC329,2025-08-27,AC,10,YVR,YUL,2025-08-27 06:35:00,2025-08-27 06:41:00,2025-08-27 11:42:00,2025-08-27 11:55:00,6,13,3682,143,À l'heure
2259,AC1089,2025-08-27,AC,15,CDG,YUL,2025-08-27 08:05:00,2025-08-27 08:01:00,2025-08-27 15:31:00,2025-08-27 15:21:00,-4,-10,5523,220,À l'heure
2260,WS1353,2025-08-27,WS,18,YWG,YYZ,2025-08-27 08:50:00,2025-08-27 08:58:00,2025-08-27 11:18:00,2025-08-27 11:26:00,8,8,1504,164,À l'heure
2261,AC299,2025-08-27,AC,15,LHR,YUL,2025-08-27 12:25:00,2025-08-27 12:30:00,2025-08-27 19:36:00,2025-08-27 19:39:00,5,3,5215,262,À l'heure
2262,PD344,2025-08-27,PD,29,YHZ,YYZ,2025-08-27 12:40:00,2025-08-27 13:19:00,2025-08-27 14:39:00,2025-08-27 15:13:00,39,34,1288,71,Retardé
2263,DL1904,2025-08-27,DL,54,JFK,YUL,2025-08-27 12:45:00,2025-08-27 12:46:00,2025-08-27 13:48:00,2025-08-27 13:46:00,1,-2,537,151,À l'heure
2264,AC494,2025-08-27,AC,3,YUL,YYC,2025-08-27 14:15:00,2025-08-27 14:20:00,2025-08-27 18:38:00,2025-08-27 18:39:00,5,1,3005,187,À l'heure
2265,AC1871,2025-08-27,AC,10,YYZ,YVR,2025-08-27 17:35:00,2025-08-27 17:52:00,2025-08-27 22:26:00,2025-08-27 22:48:00,17,22,3346,160,Retardé
2266,WS852,2025-08-27,WS,18,YYC,YEG,2025-08-27 19:30:00,2025-08-27 19:33:00,2025-08-27 20:23:00,2025-08-27 20:35:00,3,12,244,163,À l'heure
2267,WS679,2025-08-27,WS,19,YWG,YYC,2025-08-27 20:00:00,2025-08-27 20:12:00,2025-08-27 22:01:00,2025-08-27 22:18:00,12,17,1191,130,Retardé
2268,WS1738,2025-08-28,WS,19,YYZ,YHZ,2025-08-28 10:00:00,2025-08-28 10:05:00,2025-08-28 12:04:00,2025-08-28 12:13:00,5,9,1288,125,À l'heure
2269,AC390,2025-08-28,AC,8,YUL,ORD,2025-08-28 10:55:00,2025-08-28 10:56:00,2025-08-28 12:56:00,2025-08-28 12:49:00,1,-7,1201,143,À l'heure
2270,AC176,2025-08-28,AC,2,LAX,YVR,2025-08-28 12:10:00,2025-08-28 12:35:00,2025-08-28 14:58:00,2025-08-28 15:15:00,25,17,1741,127,Retardé
2271,PD1846,2025-08-28,PD,27,YYZ,YUL,2025-08-28 15:55:00,2025-08-28 15:56:00,2025-08-28 17:02:00,2025-08-28 17:09:00,1,7,507,127,À l'heure
2272,AC246,2025-08-28,AC,2,YYZ,YUL,2025-08-28 19:00:00,2025-08-28 19:09:00,2025-08-28 20:18:00,2025-08-28 20:32:00,9,14,507,88,À l'heure
2273,AC807,2025-08-28,AC,14,YUL,LHR,2025-08-28 19:10:00,2025-08-28 19:35:00,2025-08-29 02:13:00,2025-08-29 02:33:00,25,20,5215,204,Retardé
2274,WS1146,2025-08-28,WS,17,YUL,CUN,2025-08-28 19:40:00,2025-08-28 20:18:00,2025-08-28 23:55:00,2025-08-29 00:43:00,38,48,2970,131,Retardé
2275,PD242,2025-08-28,PD,30,YOW,YUL,2025-08-28 21:25:00,2025-08-28 21:45:00,2025-08-28 22:00:00,2025-08-28 22:20:00,20,20,151,57,Retardé
2276,AF1973,2025-08-28,AF,56,YUL,CDG,2025-08-28 21:55:00,2025-08-28 21:59:00,2025-08-29 05:21:00,2025-08-29 05:25:00,4,4,5523,192,À l'heure
2277,AC492,2025-08-29,AC,10,JFK,YUL,2025-08-29 06:20:00,2025-08-29 06:22:00,2025-08-29 07:40:00,2025-08-29 07:38:00,2,-2,537,141,À l'heure
2278,F8897,2025-08-29,F8,42,YYC,YYZ,2025-08-29 12:45:00,2025-08-29 12:51:00,2025-08-29 16:35:00,2025-08-29 16:35:00,6,0,2689,108,À l'heure
2279,F8972,2025-08-29,F8,39,YYC,YYZ,2025-08-29 12:55:00,2025-08-29 13:00:00,2025-08-29 16:59:00,2025-08-29 17:01:00,5,2,2689,117,À l'heure
2280,AC774,2025-08-29,AC,12,LHR,YYZ,2025-08-29 13:05:00,2025-08-29 13:07:00,2025-08-29 20:43:00,2025-08-29 20:36:00,2,-7,5707,291,À l'heure
2281,WS694,2025-08-29,WS,20,YVR,YYC,2025-08-29 14:00:00,2025-08-29 14:02:00,2025-08-29 15:30:00,2025-08-29 15:31:00,2,1,687,165,À l'heure
2282,AC1858,2025-08-29,AC,2,YEG,YVR,2025-08-29 17:30:00,2025-08-29 17:31:00,2025-08-29 18:56:00,2025-08-29 19:04:00,1,8,809,91,À l'heure
2283,AC502,2025-08-30,AC,9,LAX,YUL,2025-08-30 06:20:00,2025-08-30 06:14:00,2025-08-30 12:00:00,2025-08-30 12:04:00,-6,4,3973,139,À l'heure
2284,PD164,2025-08-30,PD,27,YHZ,YUL,2025-08-30 10:45:00,2025-08-30 10:46:00,2025-08-30 12:24:00,2025-08-30 12:30:00,1,6,804,117,À l'heure
2285,WS190,2025-08-30,WS,17,YUL,YYZ,2025-08-30 11:20:00,2025-08-30 11:26:00,2025-08-30 12:35:00,2025-08-30 12:36:00,6,1,507,166,À l'heure
2286,F8493,2025-08-30,F8,40,YUL,YVR,2025-08-30 14:10:00,2025-08-30 14:20:00,2025-08-30 19:22:00,2025-08-30 19:21:00,10,-1,3682,163,À l'heure
2287,PD452,2025-08-30,PD,26,YUL,YYZ,2025-08-30 15:25:00,2025-08-30 15:34:00,2025-08-30 16:34:00,2025-08-30 16:31:00,9,-3,507,116,À l'heure
2288,TS898,2025-08-30,TS,34,YUL,CUN,2025-08-30 17:35:00,2025-08-30 21:36:00,2025-08-30 21:52:00,2025-08-31 01:46:00,241,234,2970,153,Retardé
2289,PD231,2025-08-31,PD,25,YUL,YOW,2025-08-31 06:40:00,2025-08-31 06:43:00,2025-08-31 07:19:00,2025-08-31 07:31:00,3,12,151,119,À l'heure
2290,AC184,2025-08-31,AC,2,YOW,YYZ,2025-08-31 08:10:00,2025-08-31 08:07:00,2025-08-31 09:14:00,2025-08-31 09:19:00,-3,5,363,96,À l'heure
2291,AC572,2025-08-31,AC,10,YVR,YEG,2025-08-31 09:30:00,2025-08-31 13:28:00,2025-08-31 11:00:00,2025-08-31 14:49:00,238,229,809,159,Retardé
2292,AC1510,2025-08-31,AC,2,YVR,LAX,2025-08-31 13:15:00,2025-08-31 13:12:00,2025-08-31 15:51:00,2025-08-31 15:37:00,-3,-14,1741,132,À l'heure
2293,AC1254,2025-08-31,AC,2,YYZ,YOW,2025-08-31 14:05:00,2025-08-31 14:20:00,2025-08-31 15:06:00,2025-08-31 15:22:00,15,16,363,95,Retardé
2294,WS767,2025-08-31,WS,19,YYZ,YUL,2025-08-31 15:15:00,2025-08-31 15:50:00,2025-08-31 16:27:00,2025-08-31 17:11:00,35,44,507,147,Retardé
2295,DL497,2025-08-31,DL,50,YUL,JFK,2025-08-31 15:30:00,2025-08-31 15:42:00,2025-08-31 16:40:00,2025-08-31 16:45:00,12,5,537,92,À l'heure
2296,AC365,2025-08-31,AC,2,YUL,YYZ,2025-08-31 17:35:00,2025-08-31 17:54:00,2025-08-31 18:46:00,2025-08-31 18:54:00,19,8,507,124,À l'heure
2297,AC555,2025-08-31,AC,7,YYC,YUL,2025-08-31 18:10:00,2025-08-31 18:08:00,2025-08-31 22:36:00,2025-08-31 22:31:00,-2,-5,3005,117,À l'heure
2298,AC602,2025-08-31,AC,10,YUL,LAX,2025-08-31 20:00:00,2025-08-31 20:15:00,2025-09-01 01:32:00,2025-09-01 01:38:00,15,6,3973,122,À l'heure
2299,WS130,2025-09-01,WS,20,YVR,YYZ,2025-09-01 06:50:00,2025-09-01 06:50:00,2025-09-01 11:34:00,2025-09-01 11:42:00,0,8,3346,147,À l'heure
2300,WS1731,2025-09-01,WS,18,YYC,YVR,2025-09-01 07:55:00,2025-09-01 07:51:00,2025-09-01 09:10:00,2025-09-01 09:08:00,-4,-2,687,107,À l'heure
2301,PD380,2025-09-01,PD,31,YQB,YUL,2025-09-01 08:45:00,2025-09-01 11:51:00,2025-09-01 09:36:00,2025-09-01 12:52:00,186,196,233,63,Retardé
2302,DL1381,2025-09-01,DL,51,YUL,JFK,2025-09-01 10:35:00,2025-09-01 10:36:00,2025-09-01 11:45:00,2025-09-01 11:51:00,1,6,537,113,À l'heure
2303,TS1270,2025-09-01,TS,37,CDG,YUL,2025-09-01 13:15:00,2025-09-01 14:26:00,2025-09-01 20:37:00,2025-09-01 21:35:00,71,58,5523,205,Retardé
2304,AC782,2025-09-01,AC,10,YUL,YYZ,2025-09-01 14:50:00,2025-09-01 14:52:00,2025-09-01 15:59:00,2025-09-01 16:11:00,2,12,507,124,À l'heure
2305,WS1135,2025-09-01,WS,19,YYZ,YVR,2025-09-01 17:10:00,2025-09-01 17:30:00,2025-09-01 21:52:00,2025-09-01 22:09:00,20,17,3346,126,Retardé
2306,WS603,2025-09-01,WS,20,YYC,YWG,2025-09-01 17:30:00,2025-09-01 17:40:00,2025-09-01 19:30:00,2025-09-01 19:36:00,10,6,1191,148,À l'heure
2307,AC564,2025-09-01,AC,7,YYZ,YWG,2025-09-01 18:45:00,2025-09-01 18:49:00,2025-09-01 21:16:00,2025-09-01 21:20:00,4,4,1504,164,À l'heure
2308,AC1385,2025-09-01,AC,12,YUL,CDG,2025-09-01 19:45:00,2025-09-01 19:53:00,2025-09-02 03:10:00,2025-09-02 03:25:00,8,15,5523,216,À l'heure
2309,AC567,2025-09-01,AC,3,YVR,YYC,2025-09-01 20:10:00,2025-09-01 20:15:00,2025-09-01 21:25:00,2025-09-01 21:19:00,5,-6,687,183,À l'heure
2310,PD330,2025-09-02,PD,25,YUL,YQB,2025-09-02 06:00:00,2025-09-02 06:00:00,2025-09-02 06:53:00,2025-09-02 06:41:00,0,-12,233,107,À l'heure
2311,AC951,2025-09-02,AC,8,YYZ,YYC,2025-09-02 07:20:00,2025-09-02 07:19:00,2025-09-02 11:17:00,2025-09-02 11:06:00,-1,-11,2689,150,À l'heure
2312,UA729,2025-09-02,UA,44,ORD,YYZ,2025-09-02 09:40:00,2025-09-02 12:20:00,2025-09-02 11:06:00,2025-09-02 13:44:00,160,158,701,154,Retardé
2313,AC200,2025-09-02,AC,4,ORD,YUL,2025-09-02 11:15:00,2025-09-02 11:11:00,2025-09-02 13:26:00,2025-09-02 13:16:00,-4,-10,1201,132,À l'heure
2314,F81861,2025-09-02,F8,39,YVR,YYZ,2025-09-02 11:20:00,2025-09-02 12:56:00,2025-09-02 16:05:00,2025-09-02 17:45:00,96,100,3346,132,Retardé
2315,AC418,2025-09-02,AC,7,YYZ,YYC,2025-09-02 12:30:00,2025-09-02 15:09:00,2025-09-02 16:30:00,2025-09-02 18:55:00,159,145,2689,108,Retardé
2316,PD1229,2025-09-02,PD,26,YYZ,YUL,2025-09-02 15:15:00,2025-09-02 15:19:00,2025-09-02 16:20:00,2025-09-02 16:10:00,4,-10,507,106,À l'heure
2317,TS1146,2025-09-02,TS,35,CUN,YUL,2025-09-02 15:20:00,2025-09-02 15:17:00,2025-09-02 19:40:00,2025-09-02 19:42:00,-3,2,2970,138,À l'heure
2318,UA1352,2025-09-02,UA,44,YYZ,ORD,2025-09-02 16:05:00,2025-09-02 16:11:00,2025-09-02 17:23:00,2025-09-02 17:26:00,6,3,701,163,À l'heure
2319,PD1993,2025-09-02,PD,27,YUL,YHZ,2025-09-02 20:05:00,2025-09-02 20:05:00,2025-09-02 21:32:00,2025-09-02 21:25:00,0,-7,804,125,À l'heure
2320,PD555,2025-09-02,PD,30,YYZ,YOW,2025-09-02 20:35:00,2025-09-02 20:29:00,2025-09-02 21:29:00,2025-09-02 21:10:00,-6,-19,363,65,À l'heure
2321,AC1246,2025-09-02,AC,6,YYC,YVR,2025-09-02 21:15:00,2025-09-02 21:21:00,2025-09-02 22:30:00,2025-09-02 22:34:00,6,4,687,182,À l'heure
2322,WS824,2025-09-02,WS,19,YEG,YYC,2025-09-02 21:35:00,2025-09-02 21:50:00,2025-09-02 22:31:00,2025-09-02 22:39:00,15,8,244,115,À l'heure
2323,AC787,2025-09-02,AC,16,YYZ,LHR,2025-09-02 21:45:00,2025-09-02 21:48:00,2025-09-03 05:37:00,2025-09-03 05:27:00,3,-10,5707,218,À l'heure
2324,WS1609,2025-09-03,WS,17,YVR,YYC,2025-09-03 06:35:00,2025-09-03 06:47:00,2025-09-03 08:04:00,2025-09-03 08:11:00,12,7,687,167,À l'heure
2325,AC760,2025-09-03,AC,11,LHR,YUL,2025-09-03 09:15:00,2025-09-03 09:20:00,2025-09-03 16:27:00,2025-09-03 16:26:00,5,-1,5215,218,À l'heure
2326,WS1900,2025-09-03,WS,18,YUL,YYC,2025-09-03 13:25:00,2025-09-03 13:24:00,2025-09-03 17:53:00,2025-09-03 17:55:00,-1,2,3005,161,À l'heure
2327,PD1112,2025-09-03,PD,29,YOW,YYZ,2025-09-03 15:00:00,2025-09-03 15:09:00,2025-09-03 15:51:00,2025-09-03 15:47:00,9,-4,363,56,À l'heure
2328,PD754,2025-09-03,PD,30,YUL,YYZ,2025-09-03 15:15:00,2025-09-03 15:13:00,2025-09-03 16:25:00,2025-09-03 16:24:00,-2,-1,507,62,À l'heure
2329,AC1879,2025-09-03,AC,7,YVR,YYZ,2025-09-03 19:10:00,2025-09-03 19:04:00,2025-09-03 23:57:00,2025-09-03 23:41:00,-6,-16,3346,148,À l'heure
2330,F81072,2025-09-03,F8,41,YYZ,YYC,2025-09-03 19:10:00,2025-09-03 19:24:00,2025-09-03 23:14:00,2025-09-03 23:15:00,14,1,2689,150,À l'heure
2331,F81294,2025-09-03,F8,42,YVR,YYC,2025-09-03 19:20:00,2025-09-03 19:45:00,2025-09-03 20:40:00,2025-09-03 21:09:00,25,29,687,164,Retardé
2332,AC1060,2025-09-03,AC,15,YUL,LHR,2025-09-03 19:55:00,2025-09-03 19:55:00,2025-09-04 03:06:00,2025-09-04 02:59:00,0,-7,5215,225,À l'heure
2333,AC1297,2025-09-03,AC,13,YYZ,LHR,2025-09-03 21:25:00,2025-09-04 00:30:00,2025-09-04 05:08:00,2025-09-04 08:08:00,185,180,5707,193,Retardé
2334,WS344,2025-09-03,WS,20,YUL,YVR,2025-09-03 21:45:00,2025-09-03 21:58:00,2025-09-04 02:51:00,2025-09-04 03:07:00,13,16,3682,136,Retardé
2335,TS1702,2025-09-04,TS,32,YUL,CUN,2025-09-04 06:05:00,2025-09-04 06:04:00,2025-09-04 10:24:00,2025-09-04 10:21:00,-1,-3,2970,176,À l'heure
2336,PD153,2025-09-04,PD,25,YUL,YQB,2025-09-04 11:45:00,2025-09-04 11:47:00,2025-09-04 12:30:00,2025-09-04 12:40:00,2,10,233,110,À l'heure
2337,WS1750,2025-09-04,WS,19,YYC,YUL,2025-09-04 12:10:00,2025-09-04 12:11:00,2025-09-04 16:26:00,2025-09-04 16:32:00,1,6,3005,163,À l'heure
2338,DL1521,2025-09-04,DL,52,YUL,JFK,2025-09-04 16:00:00,2025-09-04 16:02:00,2025-09-04 17:06:00,2025-09-04 17:05:00,2,-1,537,138,À l'heure
2339,AC1989,2025-09-05,AC,5,YYZ,YOW,2025-09-05 10:00:00,2025-09-05 12:46:00,2025-09-05 11:06:00,2025-09-05 14:02:00,166,176,363,171,Retardé
2340,WS987,2025-09-05,WS,17,YWG,YYZ,2025-09-05 11:25:00,2025-09-05 11:38:00,2025-09-05 13:59:00,2025-09-05 14:06:00,13,7,1504,155,À l'heure
2341,UA1481,2025-09-05,UA,45,ORD,YYZ,2025-09-05 11:50:00,2025-09-05 11:46:00,2025-09-05 13:11:00,2025-09-05 13:12:00,-4,1,701,148,À l'heure
2342,PD675,2025-09-05,PD,29,YYZ,YUL,2025-09-05 12:25:00,2025-09-05 12:29:00,2025-09-05 13:39:00,2025-09-05 13:33:00,4,-6,507,54,À l'heure
2343,WS758,2025-09-05,WS,18,YWG,YYC,2025-09-05 19:50:00,2025-09-05 20:00:00,2025-09-05 21:42:00,2025-09-05 21:50:00,10,8,1191,140,À l'heure
2344,AC1590,2025-09-05,AC,3,YUL,LAX,2025-09-05 20:05:00,2025-09-05 20:04:00,2025-09-06 01:43:00,2025-09-06 01:46:00,-1,3,3973,168,À l'heure
2345,WS1131,2025-09-05,WS,20,YEG,YVR,2025-09-05 21:15:00,2025-09-05 21:40:00,2025-09-05 22:50:00,2025-09-05 23:06:00,25,16,809,138,Retardé
2346,PD477,2025-09-06,PD,25,YUL,YYZ,2025-09-06 09:00:00,2025-09-06 09:01:00,2025-09-06 10:11:00,2025-09-06 10:01:00,1,-10,507,113,À l'heure
2347,AC1082,2025-09-06,AC,8,CUN,YUL,2025-09-06 09:55:00,2025-09-06 09:51:00,2025-09-06 14:03:00,2025-09-06 13:51:00,-4,-12,2970,168,À l'heure
2348,WS1794,2025-09-06,WS,18,YEG,YYC,2025-09-06 10:45:00,2025-09-06 10:46:00,2025-09-06 11:37:00,2025-09-06 11:42:00,1,5,244,116,À l'heure
2349,WS143,2025-09-06,WS,17,YYZ,YVR,2025-09-06 16:30:00,2025-09-06 16:30:00,2025-09-06 21:06:00,2025-09-06 21:03:00,0,-3,3346,111,À l'heure
2350,AC723,2025-09-06,AC,11,CDG,YUL,2025-09-06 18:20:00,2025-09-06 18:18:00,2025-09-07 01:47:00,2025-09-07 01:51:00,-2,4,5523,236,À l'heure
2351,AC1301,2025-09-06,AC,10,YUL,YYZ,2025-09-06 19:10:00,2025-09-06 19:06:00,2025-09-06 20:21:00,2025-09-06 20:12:00,-4,-9,507,153,À l'heure
2352,DL1723,2025-09-06,DL,51,LAX,YVR,2025-09-06 19:30:00,2025-09-06 19:25:00,2025-09-06 22:13:00,2025-09-06 22:05:00,-5,-8,1741,103,À l'heure
2353,PD1914,2025-09-06,PD,26,YOW,YYZ,2025-09-06 20:10:00,2025-09-06 20:12:00,2025-09-06 21:14:00,2025-09-06 21:25:00,2,11,363,97,À l'heure
2354,AC365,2025-09-06,AC,6,YUL,JFK,2025-09-06 20:30:00,2025-09-06 20:38:00,2025-09-06 21:47:00,2025-09-06 21:48:00,8,1,537,137,À l'heure
2355,AC1501,2025-09-06,AC,9,YYZ,YUL,2025-09-06 20:35:00,2025-09-06 20:38:00,2025-09-06 21:52:00,2025-09-06 22:00:00,3,8,507,152,À l'heure
2356,AC1164,2025-09-06,AC,10,YUL,ORD,2025-09-06 21:20:00,2025-09-06 21:35:00,2025-09-06 23:21:00,2025-09-06 23:45:00,15,24,1201,122,Retardé
2357,PD1888,2025-09-06,PD,31,YUL,YHZ,2025-09-06 21:45:00,2025-09-06 21:53:00,2025-09-06 23:22:00,2025-09-06 23:23:00,8,1,804,66,À l'heure
2358,WS1433,2025-09-07,WS,17,YVR,YUL,2025-09-07 10:25:00,2025-09-07 10:28:00,2025-09-07 15:38:00,2025-09-07 15:39:00,3,1,3682,151,À l'heure
2359,AC1742,2025-09-07,AC,10,YYC,YVR,2025-09-07 10:55:00,2025-09-07 10:57:00,2025-09-07 12:21:00,2025-09-07 12:13:00,2,-8,687,115,À l'heure
2360,PD683,2025-09-07,PD,25,YUL,YOW,2025-09-07 11:05:00,2025-09-07 11:06:00,2025-09-07 11:56:00,2025-09-07 12:01:00,1,5,151,97,À l'heure
2361,TS762,2025-09-07,TS,32,CUN,YUL,2025-09-07 11:15:00,2025-09-07 11:20:00,2025-09-07 15:25:00,2025-09-07 15:35:00,5,10,2970,153,À l'heure
2362,PD647,2025-09-07,PD,30,YYZ,YHZ,2025-09-07 12:25:00,2025-09-07 12:36:00,2025-09-07 14:41:00,2025-09-07 14:59:00,11,18,1288,64,Retardé
2363,AC174,2025-09-07,AC,9,YYC,YYZ,2025-09-07 12:50:00,2025-09-07 13:15:00,2025-09-07 16:45:00,2025-09-07 17:08:00,25,23,2689,167,Retardé
2364,AC240,2025-09-07,AC,4,YHZ,YYZ,2025-09-07 14:40:00,2025-09-07 15:02:00,2025-09-07 16:44:00,2025-09-07 17:01:00,22,17,1288,125,Retardé
2365,AC1905,2025-09-07,AC,6,LAX,YUL,2025-09-07 17:10:00,2025-09-07 17:06:00,2025-09-07 22:41:00,2025-09-07 22:26:00,-4,-15,3973,131,À l'heure
2366,DL318,2025-09-07,DL,52,JFK,YUL,2025-09-07 17:50:00,2025-09-07 18:06:00,2025-09-07 18:54:00,2025-09-07 19:19:00,16,25,537,174,Retardé
2367,AC1192,2025-09-07,AC,10,YYC,YVR,2025-09-07 18:00:00,2025-09-07 17:57:00,2025-09-07 19:14:00,2025-09-07 19:21:00,-3,7,687,139,À l'heure
2368,UA459,2025-09-07,UA,44,YYZ,ORD,2025-09-07 19:25:00,2025-09-07 19:30:00,2025-09-07 20:57:00,2025-09-07 20:56:00,5,-1,701,163,À l'heure
2369,AC288,2025-09-07,AC,8,YVR,YYZ,2025-09-07 20:00:00,2025-09-07 20:09:00,2025-09-08 00:52:00,2025-09-08 01:08:00,9,16,3346,124,Retardé
2370,AC1194,2025-09-08,AC,8,YYZ,YUL,2025-09-08 07:25:00,2025-09-08 07:30:00,2025-09-08 08:36:00,2025-09-08 08:44:00,5,8,507,140,À l'heure
2371,AC249,2025-09-08,AC,2,YYZ,YYC,2025-09-08 08:15:00,2025-09-08 08:21:00,2025-09-08 12:05:00,2025-09-08 12:01:00,6,-4,2689,111,À l'heure
2372,AC989,2025-09-08,AC,6,ORD,YUL,2025-09-08 12:00:00,2025-09-08 12:09:00,2025-09-08 14:06:00,2025-09-08 14:05:00,9,-1,1201,172,À l'heure
2373,PD849,2025-09-08,PD,26,YQB,YUL,2025-09-08 17:45:00,2025-09-08 17:53:00,2025-09-08 18:34:00,2025-09-08 18:34:00,8,0,233,100,À l'heure
2374,WS903,2025-09-08,WS,17,YUL,YYZ,2025-09-08 18:15:00,2025-09-08 18:11:00,2025-09-08 19:21:00,2025-09-08 19:22:00,-4,1,507,125,À l'heure
2375,TS508,2025-09-08,TS,34,YUL,CUN,2025-09-08 18:55:00,2025-09-08 22:04:00,2025-09-08 23:11:00,2025-09-09 02:22:00,189,191,2970,184,Retardé
2376,WS1341,2025-09-08,WS,17,YYZ,YUL,2025-09-08 20:40:00,2025-09-08 20:51:00,2025-09-08 21:50:00,2025-09-08 21:59:00,11,9,507,169,À l'heure
2377,TS1065,2025-09-08,TS,38,YUL,CDG,2025-09-08 20:45:00,2025-09-08 20:44:00,2025-09-09 04:21:00,2025-09-09 04:25:00,-1,4,5523,252,À l'heure
2378,AC1575,2025-09-08,AC,3,YHZ,YUL,2025-09-08 21:05:00,2025-09-08 21:02:00,2025-09-08 22:34:00,2025-09-08 22:34:00,-3,0,804,186,À l'heure
2379,AC182,2025-09-09,AC,2,YYZ,YVR,2025-09-09 10:50:00,2025-09-09 11:15:00,2025-09-09 15:44:00,2025-09-09 16:06:00,25,22,3346,115,Retardé
2380,WS456,2025-09-09,WS,19,YUL,YVR,2025-09-09 10:55:00,2025-09-09 10:51:00,2025-09-09 16:07:00,2025-09-09 16:02:00,-4,-5,3682,150,À l'heure
2381,WS863,2025-09-09,WS,19,YYC,YEG,2025-09-09 11:25:00,2025-09-09 11:27:00,2025-09-09 12:11:00,2025-09-09 12:12:00,2,1,244,160,À l'heure
2382,AC1271,2025-09-09,AC,15,CDG,YUL,2025-09-09 11:30:00,2025-09-09 11:37:00,2025-09-09 18:58:00,2025-09-09 18:56:00,7,-2,5523,263,À l'heure
2383,DL1879,2025-09-09,DL,53,YVR,LAX,2025-09-09 12:15:00,2025-09-09 12:10:00,2025-09-09 15:07:00,2025-09-09 15:04:00,-5,-3,1741,186,À l'heure
2384,WS1260,2025-09-09,WS,19,YVR,YEG,2025-09-09 13:45:00,2025-09-09 13:46:00,2025-09-09 15:09:00,2025-09-09 15:06:00,1,-3,809,151,À l'heure
2385,F81191,2025-09-09,F8,40,YYC,YWG,2025-09-09 15:25:00,2025-09-09 15:38:00,2025-09-09 17:27:00,2025-09-09 17:26:00,13,-1,1191,127,À l'heure
2386,AC1742,2025-09-09,AC,5,YYZ,YWG,2025-09-09 15:30:00,2025-09-09 15:31:00,2025-09-09 18:00:00,2025-09-09 18:09:00,1,9,1504,161,À l'heure
2387,AC1418,2025-09-09,AC,4,YYC,YYZ,2025-09-09 16:00:00,2025-09-09 17:51:00,2025-09-09 20:00:00,2025-09-09 21:57:00,111,117,2689,143,Retardé
2388,AC564,2025-09-09,AC,16,YUL,CDG,2025-09-09 17:30:00,2025-09-09 17:53:00,2025-09-10 00:57:00,2025-09-10 01:13:00,23,16,5523,268,Retardé
2389,WS723,2025-09-09,WS,17,YVR,YUL,2025-09-09 18:35:00,2025-09-09 18:54:00,2025-09-09 23:43:00,2025-09-09 23:51:00,19,8,3682,168,À l'heure
2390,PD1151,2025-09-09,PD,30,YOW,YUL,2025-09-09 19:25:00,2025-09-09 22:27:00,2025-09-09 20:11:00,2025-09-09 23:08:00,182,177,151,67,Retardé
2391,AC969,2025-09-09,AC,15,LHR,YYZ,2025-09-09 19:25:00,2025-09-09 19:27:00,2025-09-10 03:09:00,2025-09-10 03:14:00,2,5,5707,235,À l'heure
2392,PD407,2025-09-09,PD,30,YYZ,YOW,2025-09-09 20:55:00,2025-09-09 21:12:00,2025-09-09 21:50:00,2025-09-09 21:53:00,17,3,363,73,À l'heure
2393,WS1712,2025-09-10,WS,20,YYZ,YUL,2025-09-10 10:15:00,2025-09-10 10:25:00,2025-09-10 11:31:00,2025-09-10 11:47:00,10,16,507,165,Retardé
2394,PD1075,2025-09-10,PD,26,YHZ,YYZ,2025-09-10 13:15:00,2025-09-10 13:11:00,2025-09-10 15:28:00,2025-09-10 15:19:00,-4,-9,1288,126,À l'heure
2395,PD464,2025-09-10,PD,31,YUL,YQB,2025-09-10 15:05:00,2025-09-10 15:10:00,2025-09-10 15:49:00,2025-09-10 15:57:00,5,8,233,75,À l'heure
2396,AC494,2025-09-10,AC,5,YUL,YYC,2025-09-10 15:40:00,2025-09-10 15:34:00,2025-09-10 20:01:00,2025-09-10 19:56:00,-6,-5,3005,190,À l'heure
2397,UA1145,2025-09-10,UA,47,YYZ,ORD,2025-09-10 16:30:00,2025-09-10 16:46:00,2025-09-10 17:58:00,2025-09-10 18:14:00,16,16,701,134,Retardé
2398,AC1253,2025-09-10,AC,8,JFK,YUL,2025-09-10 17:35:00,2025-09-10 17:35:00,2025-09-10 18:37:00,2025-09-10 18:28:00,0,-9,537,134,À l'heure
2399,WS326,2025-09-10,WS,17,YYZ,YHZ,2025-09-10 18:30:00,2025-09-10 18:34:00,2025-09-10 20:47:00,2025-09-10 20:43:00,4,-4,1288,155,À l'heure
2400,PD1975,2025-09-10,PD,26,YYZ,YUL,2025-09-10 21:35:00,2025-09-10 21:42:00,2025-09-10 22:44:00,2025-09-10 22:56:00,7,12,507,99,À l'heure
2401,AC624,2025-09-11,AC,2,YVR,LAX,2025-09-11 06:30:00,2025-09-11 06:33:00,2025-09-11 09:12:00,2025-09-11 09:10:00,3,-2,1741,109,À l'heure
2402,WS769,2025-09-11,WS,20,CUN,YUL,2025-09-11 07:35:00,2025-09-11 07:44:00,2025-09-11 11:46:00,2025-09-11 11:42:00,9,-4,2970,118,À l'heure
2403,PD1098,2025-09-11,PD,25,YUL,YHZ,2025-09-11 09:55:00,2025-09-11 09:54:00,2025-09-11 11:18:00,2025-09-11 11:10:00,-1,-8,804,124,À l'heure
2404,PD1115,2025-09-11,PD,31,YYZ,YOW,2025-09-11 11:15:00,2025-09-11 11:16:00,2025-09-11 12:20:00,2025-09-11 12:23:00,1,3,363,74,À l'heure
2405,WS1809,2025-09-11,WS,17,YYC,YVR,2025-09-11 12:20:00,2025-09-11 12:15:00,2025-09-11 13:50:00,2025-09-11 13:39:00,-5,-11,687,137,À l'heure
2406,AC1457,2025-09-11,AC,8,YVR,YUL,2025-09-11 13:15:00,2025-09-11 15:35:00,2025-09-11 18:26:00,2025-09-11 20:34:00,140,128,3682,157,Retardé
2407,AC1265,2025-09-11,AC,5,YUL,YVR,2025-09-11 13:40:00,2025-09-11 13:52:00,2025-09-11 18:45:00,2025-09-11 18:48:00,12,3,3682,137,À l'heure
2408,AC1919,2025-09-11,AC,2,YYZ,YWG,2025-09-11 15:40:00,2025-09-11 15:35:00,2025-09-11 18:06:00,2025-09-11 18:04:00,-5,-2,1504,124,À l'heure
2409,PD1713,2025-09-11,PD,27,YUL,YOW,2025-09-11 17:05:00,2025-09-11 17:02:00,2025-09-11 17:41:00,2025-09-11 17:40:00,-3,-1,151,95,À l'heure
2410,WS303,2025-09-11,WS,17,YVR,YYZ,2025-09-11 17:35:00,2025-09-11 17:35:00,2025-09-11 22:18:00,2025-09-11 22:27:00,0,9,3346,160,À l'heure
2411,AC185,2025-09-11,AC,5,YYC,YVR,2025-09-11 18:35:00,,2025-09-11 20:03:00,,,,687,,Annulé
2412,AC523,2025-09-11,AC,16,YUL,CDG,2025-09-11 21:40:00,2025-09-11 21:56:00,2025-09-12 05:03:00,2025-09-12 05:25:00,16,22,5523,221,Retardé
2413,WS468,2025-09-12,WS,20,YUL,YYZ,2025-09-12 08:25:00,2025-09-12 08:27:00,2025-09-12 09:42:00,2025-09-12 09:32:00,2,-10,507,142,À l'heure
2414,PD576,2025-09-12,PD,31,YOW,YYZ,2025-09-12 08:35:00,2025-09-12 08:32:00,2025-09-12 09:35:00,2025-09-12 09:18:00,-3,-17,363,54,À l'heure
2415,AC1982,2025-09-12,AC,8,LAX,YUL,2025-09-12 17:55:00,2025-09-12 17:52:00,2025-09-12 23:34:00,2025-09-12 23:32:00,-3,-2,3973,165,À l'heure
2416,AC1840,2025-09-12,AC,1,YQB,YUL,2025-09-12 18:55:00,2025-09-12 19:17:00,2025-09-12 19:52:00,2025-09-12 20:15:00,22,23,233,124,Retardé
2417,WS879,2025-09-12,WS,19,YEG,YVR,2025-09-12 19:30:00,2025-09-12 19:43:00,2025-09-12 21:06:00,2025-09-12 21:15:00,13,9,809,137,À l'heure
2418,AC804,2025-09-12,AC,12,CDG,YUL,2025-09-12 21:35:00,2025-09-12 21:38:00,2025-09-13 05:08:00,2025-09-13 05:19:00,3,11,5523,239,À l'heure
2419,PD1663,2025-09-13,PD,27,YOW,YUL,2025-09-13 09:50:00,2025-09-13 09:50:00,2025-09-13 10:41:00,2025-09-13 10:35:00,0,-6,151,106,À l'heure
2420,WS1065,2025-09-13,WS,20,YVR,YYC,2025-09-13 09:55:00,2025-09-13 09:53:00,2025-09-13 11:18:00,2025-09-13 11:13:00,-2,-5,687,142,À l'heure
2421,AC266,2025-09-13,AC,7,YUL,LAX,2025-09-13 15:25:00,2025-09-13 15:36:00,2025-09-13 20:48:00,2025-09-13 20:45:00,11,-3,3973,123,À l'heure
2422,F8382,2025-09-13,F8,42,YYZ,YYC,2025-09-13 16:45:00,2025-09-13 16:48:00,2025-09-13 20:31:00,2025-09-13 20:41:00,3,10,2689,146,À l'heure
2423,AC184,2025-09-13,AC,11,LHR,YUL,2025-09-13 17:15:00,2025-09-13 17:17:00,2025-09-14 00:18:00,2025-09-14 00:16:00,2,-2,5215,207,À l'heure
2424,WS1346,2025-09-14,WS,17,YYZ,YVR,2025-09-14 08:30:00,2025-09-14 08:34:00,2025-09-14 13:20:00,2025-09-14 13:17:00,4,-3,3346,119,À l'heure
2425,WS458,2025-09-14,WS,18,YYC,YEG,2025-09-14 11:15:00,2025-09-14 11:13:00,2025-09-14 12:07:00,2025-09-14 11:56:00,-2,-11,244,170,À l'heure
2426,WS1409,2025-09-14,WS,19,YYC,YWG,2025-09-14 12:25:00,2025-09-14 12:29:00,2025-09-14 14:19:00,2025-09-14 14:29:00,4,10,1191,115,À l'heure
2427,AC1705,2025-09-14,AC,10,YUL,YYZ,2025-09-14 13:40:00,2025-09-14 13:59:00,2025-09-14 14:42:00,2025-09-14 14:58:00,19,16,507,117,Retardé
2428,WS519,2025-09-14,WS,17,YEG,YYC,2025-09-14 14:05:00,2025-09-14 14:03:00,2025-09-14 14:57:00,2025-09-14 14:59:00,-2,2,244,108,À l'heure
2429,AC392,2025-09-14,AC,6,ORD,YUL,2025-09-14 15:35:00,2025-09-14 16:19:00,2025-09-14 17:38:00,2025-09-14 18:09:00,44,31,1201,147,Retardé
2430,WS745,2025-09-14,WS,18,YUL,CUN,2025-09-14 16:40:00,2025-09-14 16:39:00,2025-09-14 20:51:00,2025-09-14 20:58:00,-1,7,2970,169,À l'heure
2431,AC1040,2025-09-14,AC,15,YYZ,LHR,2025-09-14 17:50:00,2025-09-14 18:25:00,2025-09-15 01:32:00,2025-09-15 02:10:00,35,38,5707,262,Retardé
2432,WS1392,2025-09-15,WS,19,YYZ,YUL,2025-09-15 07:00:00,2025-09-15 07:00:00,2025-09-15 08:07:00,2025-09-15 08:06:00,0,-1,507,111,À l'heure
2433,TS1695,2025-09-15,TS,38,CDG,YUL,2025-09-15 07:40:00,2025-09-15 07:36:00,2025-09-15 15:14:00,2025-09-15 15:14:00,-4,0,5523,261,À l'heure
2434,WS665,2025-09-15,WS,19,YVR,YEG,2025-09-15 08:15:00,2025-09-15 08:16:00,2025-09-15 09:47:00,2025-09-15 09:56:00,1,9,809,114,À l'heure
2435,AC1688,2025-09-15,AC,3,JFK,YUL,2025-09-15 09:50:00,2025-09-15 12:25:00,2025-09-15 11:00:00,2025-09-15 13:33:00,155,153,537,136,Retardé
2436,UA1318,2025-09-15,UA,47,ORD,YYZ,2025-09-15 09:50:00,2025-09-15 09:45:00,2025-09-15 11:22:00,2025-09-15 11:09:00,-5,-13,701,154,À l'heure
2437,AC863,2025-09-15,AC,5,YYC,YYZ,2025-09-15 10:20:00,2025-09-15 10:27:00,2025-09-15 14:17:00,2025-09-15 14:30:00,7,13,2689,178,À l'heure
2438,WS1699,2025-09-15,WS,19,YYZ,YUL,2025-09-15 11:05:00,2025-09-15 12:41:00,2025-09-15 12:12:00,2025-09-15 13:40:00,96,88,507,130,Retardé
2439,WS1198,2025-09-15,WS,19,YWG,YYC,2025-09-15 12:10:00,2025-09-15 12:10:00,2025-09-15 14:15:00,2025-09-15 14:05:00,0,-10,1191,132,À l'heure
2440,AC501,2025-09-15,AC,5,YUL,YVR,2025-09-15 13:15:00,2025-09-15 13:13:00,2025-09-15 18:28:00,2025-09-15 18:25:00,-2,-3,3682,126,À l'heure
2441,PD692,2025-09-15,PD,29,YHZ,YUL,2025-09-15 17:15:00,2025-09-15 17:40:00,2025-09-15 18:56:00,2025-09-15 19:15:00,25,19,804,54,Retardé
2442,AC280,2025-09-15,AC,11,YUL,LHR,2025-09-15 18:55:00,2025-09-15 18:50:00,2025-09-16 01:57:00,2025-09-16 01:55:00,-5,-2,5215,241,À l'heure
2443,AC1641,2025-09-15,AC,5,YYC,YUL,2025-09-15 19:30:00,2025-09-15 19:49:00,2025-09-15 23:57:00,2025-09-16 00:18:00,19,21,3005,167,Retardé
2444,AC622,2025-09-15,AC,6,YUL,ORD,2025-09-15 19:40:00,2025-09-15 20:09:00,2025-09-15 21:51:00,2025-09-15 22:19:00,29,28,1201,153,Retardé
2445,AC776,2025-09-15,AC,14,LHR,YYZ,2025-09-15 20:05:00,2025-09-15 20:01:00,2025-09-16 03:58:00,2025-09-16 04:03:00,-4,5,5707,202,À l'heure
2446,WS1870,2025-09-15,WS,17,YYC,YYZ,2025-09-15 20:30:00,2025-09-15 20:30:00,2025-09-16 00:27:00,2025-09-16 00:34:00,0,7,2689,156,À l'heure
2447,WS503,2025-09-15,WS,18,YVR,YYC,2025-09-15 20:40:00,2025-09-15 20:43:00,2025-09-15 21:57:00,2025-09-15 22:04:00,3,7,687,111,À l'heure
2448,WS916,2025-09-16,WS,17,YUL,YYZ,2025-09-16 09:35:00,2025-09-16 09:37:00,2025-09-16 10:51:00,2025-09-16 10:57:00,2,6,507,110,À l'heure
2449,AC1108,2025-09-16,AC,2,YYZ,YVR,2025-09-16 10:55:00,2025-09-16 10:54:00,2025-09-16 15:43:00,2025-09-16 15:52:00,-1,9,3346,133,À l'heure
2450,F8722,2025-09-16,F8,40,YVR,YYZ,2025-09-16 11:05:00,2025-09-16 11:06:00,2025-09-16 15:56:00,2025-09-16 15:48:00,1,-8,3346,138,À l'heure
2451,WS1285,2025-09-16,WS,20,YWG,YYZ,2025-09-16 14:30:00,2025-09-16 14:32:00,2025-09-16 16:57:00,2025-09-16 16:57:00,2,0,1504,133,À l'heure
2452,DL802,2025-09-16,DL,53,LAX,YVR,2025-09-16 15:25:00,2025-09-16 15:23:00,2025-09-16 18:11:00,2025-09-16 17:55:00,-2,-16,1741,145,À l'heure
2453,WS1209,2025-09-16,WS,17,YYZ,YYC,2025-09-16 17:40:00,2025-09-16 17:45:00,2025-09-16 21:39:00,2025-09-16 21:47:00,5,8,2689,152,À l'heure
2454,PD565,2025-09-16,PD,28,YYZ,YOW,2025-09-16 18:10:00,2025-09-16 18:09:00,2025-09-16 19:16:00,2025-09-16 19:24:00,-1,8,363,126,À l'heure
2455,AC1672,2025-09-16,AC,15,YUL,CDG,2025-09-16 20:20:00,2025-09-16 20:18:00,2025-09-17 03:52:00,2025-09-17 03:37:00,-2,-15,5523,268,À l'heure
2456,DL325,2025-09-16,DL,54,YUL,JFK,2025-09-16 21:35:00,2025-09-16 21:44:00,2025-09-16 22:55:00,2025-09-16 23:01:00,9,6,537,127,À l'heure
2457,PD279,2025-09-17,PD,31,YQB,YUL,2025-09-17 06:45:00,2025-09-17 06:47:00,2025-09-17 07:27:00,2025-09-17 07:26:00,2,-1,233,70,À l'heure
2458,AC596,2025-09-17,AC,7,YYZ,YUL,2025-09-17 09:15:00,2025-09-17 09:14:00,2025-09-17 10:27:00,2025-09-17 10:13:00,-1,-14,507,135,À l'heure
2459,WS372,2025-09-17,WS,17,YUL,YYC,2025-09-17 09:25:00,2025-09-17 09:39:00,2025-09-17 13:48:00,2025-09-17 13:48:00,14,0,3005,151,À l'heure
2460,AC1406,2025-09-17,AC,3,YVR,LAX,2025-09-17 10:05:00,2025-09-17 10:05:00,2025-09-17 12:41:00,2025-09-17 12:41:00,0,0,1741,148,À l'heure
2461,F8112,2025-09-17,F8,41,YYC,YYZ,2025-09-17 10:55:00,2025-09-17 10:54:00,2025-09-17 14:48:00,2025-09-17 14:36:00,-1,-12,2689,147,À l'heure
2462,PD1587,2025-09-17,PD,25,YYZ,YOW,2025-09-17 11:15:00,2025-09-17 11:21:00,2025-09-17 12:17:00,2025-09-17 12:09:00,6,-8,363,89,À l'heure
2463,WS425,2025-09-17,WS,20,YYZ,YUL,2025-09-17 12:45:00,2025-09-17 12:47:00,2025-09-17 14:03:00,2025-09-17 13:52:00,2,-11,507,137,À l'heure
2464,UA323,2025-09-17,UA,43,ORD,YYZ,2025-09-17 16:25:00,2025-09-17 16:23:00,2025-09-17 17:51:00,2025-09-17 17:37:00,-2,-14,701,159,À l'heure
2465,DL1091,2025-09-17,DL,52,YUL,JFK,2025-09-17 16:30:00,2025-09-17 17:01:00,2025-09-17 17:41:00,2025-09-17 18:12:00,31,31,537,165,Retardé
2466,AC887,2025-09-17,AC,6,LAX,YUL,2025-09-17 19:05:00,2025-09-17 19:05:00,2025-09-18 00:42:00,2025-09-18 00:50:00,0,8,3973,157,À l'heure
2467,WS1980,2025-09-17,WS,18,YYZ,YWG,2025-09-17 20:00:00,2025-09-17 20:02:00,2025-09-17 22:20:00,2025-09-17 22:14:00,2,-6,1504,160,À l'heure
2468,WS1864,2025-09-17,WS,19,YEG,YYC,2025-09-17 21:20:00,2025-09-17 21:39:00,2025-09-17 22:10:00,2025-09-17 22:28:00,19,18,244,118,Retardé
2469,AC1625,2025-09-18,AC,9,YUL,YHZ,2025-09-18 07:30:00,,2025-09-18 08:56:00,,,,804,,Annulé
2470,PD513,2025-09-18,PD,30,YUL,YOW,2025-09-18 08:15:00,2025-09-18 08:29:00,2025-09-18 08:51:00,2025-09-18 09:07:00,14,16,151,48,Retardé
2471,WS455,2025-09-18,WS,20,YWG,YYZ,2025-09-18 09:40:00,2025-09-18 09:49:00,2025-09-18 12:07:00,2025-09-18 12:25:00,9,18,1504,110,Retardé
2472,F81867,2025-09-18,F8,40,YUL,YVR,2025-09-18 11:25:00,2025-09-18 11:30:00,2025-09-18 16:40:00,2025-09-18 16:52:00,5,12,3682,165,À l'heure
2473,PD819,2025-09-18,PD,30,YUL,YYZ,2025-09-18 12:10:00,2025-09-18 12:16:00,2025-09-18 13:28:00,2025-09-18 13:31:00,6,3,507,76,À l'heure
2474,WS1453,2025-09-18,WS,17,YVR,YUL,2025-09-18 13:55:00,2025-09-18 13:57:00,2025-09-18 19:02:00,2025-09-18 19:00:00,2,-2,3682,135,À l'heure
2475,WS474,2025-09-18,WS,18,YYC,YUL,2025-09-18 14:00:00,2025-09-18 13:56:00,2025-09-18 18:26:00,2025-09-18 18:24:00,-4,-2,3005,123,À l'heure
2476,UA233,2025-09-18,UA,48,YYZ,ORD,2025-09-18 14:20:00,2025-09-18 14:43:00,2025-09-18 15:48:00,2025-09-18 16:04:00,23,16,701,139,Retardé
2477,AF553,2025-09-18,AF,56,YUL,CDG,2025-09-18 18:00:00,2025-09-18 18:05:00,2025-09-19 01:22:00,2025-09-19 01:31:00,5,9,5523,249,À l'heure
2478,PD1290,2025-09-18,PD,27,YUL,YQB,2025-09-18 20:30:00,2025-09-18 20:34:00,2025-09-18 21:17:00,2025-09-18 21:29:00,4,12,233,94,À l'heure
2479,UA1644,2025-09-18,UA,45,ORD,YUL,2025-09-18 21:30:00,2025-09-18 21:27:00,2025-09-18 23:31:00,2025-09-18 23:18:00,-3,-13,1201,135,À l'heure
2480,AC1425,2025-09-18,AC,8,YYZ,YYC,2025-09-18 21:30:00,2025-09-18 21:38:00,2025-09-19 01:33:00,2025-09-19 01:40:00,8,7,2689,111,À l'heure
2481,AC483,2025-09-19,AC,8,YYZ,YUL,2025-09-19 06:40:00,2025-09-19 06:37:00,2025-09-19 07:56:00,2025-09-19 07:46:00,-3,-10,507,124,À l'heure
2482,F8208,2025-09-19,F8,39,YWG,YYC,2025-09-19 14:25:00,2025-09-19 14:42:00,2025-09-19 16:33:00,2025-09-19 16:53:00,17,20,1191,147,Retardé
2483,AC634,2025-09-19,AC,4,YYC,YVR,2025-09-19 15:30:00,2025-09-19 15:30:00,2025-09-19 16:50:00,2025-09-19 16:57:00,0,7,687,179,À l'heure
2484,F8534,2025-09-19,F8,39,YYC,YVR,2025-09-19 17:55:00,2025-09-19 17:51:00,2025-09-19 19:19:00,2025-09-19 19:09:00,-4,-10,687,160,À l'heure
2485,AC1651,2025-09-19,AC,12,YUL,LHR,2025-09-19 18:00:00,2025-09-19 18:03:00,2025-09-20 01:09:00,2025-09-20 01:08:00,3,-1,5215,208,À l'heure
2486,AC1275,2025-09-19,AC,9,CUN,YUL,2025-09-19 18:20:00,2025-09-19 18:19:00,2025-09-19 22:32:00,2025-09-19 22:26:00,-1,-6,2970,111,À l'heure
2487,PD1131,2025-09-19,PD,26,YOW,YYZ,2025-09-19 20:20:00,2025-09-19 20:18:00,2025-09-19 21:26:00,2025-09-19 21:24:00,-2,-2,363,114,À l'heure
2488,TS951,2025-09-20,TS,32,YUL,CUN,2025-09-20 13:15:00,2025-09-20 15:54:00,2025-09-20 17:23:00,2025-09-20 19:53:00,159,150,2970,189,Retardé
2489,WS830,2025-09-20,WS,20,YUL,YYZ,2025-09-20 13:55:00,2025-09-20 13:50:00,2025-09-20 15:13:00,2025-09-20 15:13:00,-5,0,507,132,À l'heure
2490,UA121,2025-09-20,UA,47,YUL,ORD,2025-09-20 15:00:00,2025-09-20 15:03:00,2025-09-20 17:06:00,2025-09-20 17:06:00,3,0,1201,163,À l'heure
2491,TS1834,2025-09-20,TS,38,CDG,YUL,2025-09-20 17:25:00,2025-09-20 17:42:00,2025-09-21 00:58:00,2025-09-21 01:21:00,17,23,5523,221,Retardé
2492,AC1263,2025-09-20,AC,15,LHR,YYZ,2025-09-20 20:35:00,2025-09-20 20:34:00,2025-09-21 04:14:00,2025-09-21 04:05:00,-1,-9,5707,200,À l'heure
2493,F8684,2025-09-20,F8,42,YYZ,YVR,2025-09-20 20:45:00,2025-09-20 20:51:00,2025-09-21 01:34:00,2025-09-21 01:50:00,6,16,3346,161,Retardé
2494,PD1317,2025-09-20,PD,28,YHZ,YUL,2025-09-20 20:55:00,2025-09-20 21:14:00,2025-09-20 22:26:00,2025-09-20 22:37:00,19,11,804,114,À l'heure
2495,AC708,2025-09-21,AC,3,YVR,YEG,2025-09-21 09:10:00,2025-09-21 09:12:00,2025-09-21 10:44:00,2025-09-21 10:55:00,2,11,809,148,À l'heure
2496,F8211,2025-09-21,F8,40,YYZ,YVR,2025-09-21 18:55:00,2025-09-21 18:59:00,2025-09-21 23:35:00,2025-09-21 23:46:00,4,11,3346,139,À l'heure
2497,PD965,2025-09-21,PD,31,YOW,YUL,2025-09-21 19:25:00,2025-09-21 19:20:00,2025-09-21 20:04:00,2025-09-21 20:08:00,-5,4,151,62,À l'heure
2498,TS1928,2025-09-21,TS,34,CUN,YUL,2025-09-21 21:00:00,2025-09-21 21:38:00,2025-09-22 01:07:00,2025-09-22 01:37:00,38,30,2970,166,Retardé
2499,WS532,2025-09-22,WS,19,YYZ,YHZ,2025-09-22 07:30:00,2025-09-22 07:40:00,2025-09-22 09:39:00,2025-09-22 09:38:00,10,-1,1288,125,À l'heure
2500,WS1886,2025-09-22,WS,18,YHZ,YYZ,2025-09-22 08:50:00,2025-09-22 08:50:00,2025-09-22 10:53:00,2025-09-22 10:46:00,0,-7,1288,167,À l'heure
2501,PD1435,2025-09-22,PD,29,YYZ,YUL,2025-09-22 10:50:00,2025-09-22 11:04:00,2025-09-22 11:59:00,2025-09-22 12:23:00,14,24,507,52,Retardé
2502,F81314,2025-09-22,F8,42,YYZ,YYC,2025-09-22 12:15:00,2025-09-22 14:30:00,2025-09-22 16:06:00,2025-09-22 18:25:00,135,139,2689,144,Retardé
2503,AC551,2025-09-22,AC,8,YUL,LAX,2025-09-22 12:55:00,2025-09-22 12:53:00,2025-09-22 18:20:00,2025-09-22 18:05:00,-2,-15,3973,136,À l'heure
2504,WS469,2025-09-22,WS,18,YYC,YEG,2025-09-22 14:05:00,2025-09-22 14:04:00,2025-09-22 15:03:00,2025-09-22 14:53:00,-1,-10,244,142,À l'heure
2505,AF1179,2025-09-22,AF,60,CDG,YUL,2025-09-22 14:45:00,2025-09-22 14:54:00,2025-09-22 22:08:00,2025-09-22 22:07:00,9,-1,5523,222,À l'heure
2506,WS947,2025-09-22,WS,18,YUL,YYZ,2025-09-22 16:15:00,2025-09-22 16:15:00,2025-09-22 17:27:00,2025-09-22 17:33:00,0,6,507,170,À l'heure
2507,AC870,2025-09-22,AC,1,YVR,YUL,2025-09-22 16:55:00,2025-09-22 17:05:00,2025-09-22 22:01:00,2025-09-22 22:14:00,10,13,3682,87,À l'heure
2508,F81583,2025-09-22,F8,39,YVR,YYC,2025-09-22 20:45:00,2025-09-22 20:42:00,2025-09-22 22:13:00,2025-09-22 22:07:00,-3,-6,687,107,À l'heure
2509,AC1351,2025-09-23,AC,7,YVR,YYC,2025-09-23 06:35:00,2025-09-23 06:35:00,2025-09-23 08:07:00,2025-09-23 08:12:00,0,5,687,135,À l'heure
2510,AC1733,2025-09-23,AC,4,YEG,YVR,2025-09-23 07:40:00,2025-09-23 07:44:00,2025-09-23 09:13:00,2025-09-23 09:18:00,4,5,809,173,À l'heure
2511,DL440,2025-09-23,DL,52,JFK,YUL,2025-09-23 07:45:00,2025-09-23 07:45:00,2025-09-23 08:56:00,2025-09-23 08:52:00,0,-4,537,167,À l'heure
2512,AC1139,2025-09-23,AC,2,YUL,YVR,2025-09-23 08:55:00,2025-09-23 08:53:00,2025-09-23 13:56:00,2025-09-23 13:50:00,-2,-6,3682,97,À l'heure
2513,WS1863,2025-09-23,WS,20,YVR,YYZ,2025-09-23 11:30:00,2025-09-23 11:40:00,2025-09-23 16:16:00,2025-09-23 16:27:00,10,11,3346,112,À l'heure
2514,AC137,2025-09-23,AC,9,YVR,YYZ,2025-09-23 12:45:00,2025-09-23 12:44:00,2025-09-23 17:28:00,2025-09-23 17:29:00,-1,1,3346,134,À l'heure
2515,AC1025,2025-09-23,AC,3,YYZ,YOW,2025-09-23 13:50:00,2025-09-23 13:57:00,2025-09-23 14:42:00,2025-09-23 14:56:00,7,14,363,154,À l'heure
2516,AC339,2025-09-23,AC,4,YOW,YYZ,2025-09-23 16:10:00,,2025-09-23 17:03:00,,,,363,,Annulé
2517,WS1434,2025-09-23,WS,17,YYC,YWG,2025-09-23 17:40:00,2025-09-23 17:39:00,2025-09-23 19:41:00,2025-09-23 19:43:00,-1,2,1191,159,À l'heure
2518,AF1638,2025-09-23,AF,58,YUL,CDG,2025-09-23 19:20:00,2025-09-23 22:52:00,2025-09-24 02:42:00,2025-09-24 06:16:00,212,214,5523,198,Retardé
2519,DL945,2025-09-23,DL,52,LAX,YVR,2025-09-23 19:30:00,2025-09-23 19:37:00,2025-09-23 22:10:00,2025-09-23 22:03:00,7,-7,1741,124,À l'heure
2520,AC1638,2025-09-23,AC,12,YYZ,LHR,2025-09-23 21:00:00,2025-09-23 21:33:00,2025-09-24 04:49:00,2025-09-24 05:09:00,33,20,5707,239,Retardé
2521,AC1653,2025-09-23,AC,14,LHR,YUL,2025-09-23 21:05:00,2025-09-23 21:19:00,2025-09-24 04:13:00,2025-09-24 04:16:00,14,3,5215,209,À l'heure
2522,F8208,2025-09-23,F8,39,YYC,YYZ,2025-09-23 21:15:00,2025-09-23 21:20:00,2025-09-24 01:18:00,2025-09-24 01:20:00,5,2,2689,162,À l'heure
2523,AC1726,2025-09-24,AC,15,LHR,YYZ,2025-09-24 06:40:00,2025-09-24 06:41:00,2025-09-24 14:27:00,2025-09-24 14:30:00,1,3,5707,290,À l'heure
2524,WS303,2025-09-24,WS,17,YEG,YVR,2025-09-24 10:05:00,2025-09-24 10:05:00,2025-09-24 11:34:00,2025-09-24 11:34:00,0,0,809,107,À l'heure
2525,AC691,2025-09-24,AC,8,YYC,YYZ,2025-09-24 10:45:00,2025-09-24 10:46:00,2025-09-24 14:35:00,2025-09-24 14:34:00,1,-1,2689,126,À l'heure
2526,UA1337,2025-09-24,UA,48,ORD,YYZ,2025-09-24 13:05:00,2025-09-24 13:06:00,2025-09-24 14:31:00,2025-09-24 14:28:00,1,-3,701,155,À l'heure
2527,PD539,2025-09-24,PD,26,YYZ,YUL,2025-09-24 14:30:00,2025-09-24 14:34:00,2025-09-24 15:37:00,2025-09-24 15:33:00,4,-4,507,125,À l'heure
2528,WS201,2025-09-24,WS,17,YEG,YYC,2025-09-24 14:30:00,2025-09-24 14:45:00,2025-09-24 15:25:00,2025-09-24 15:29:00,15,4,244,132,À l'heure
2529,DL870,2025-09-24,DL,51,JFK,YUL,2025-09-24 16:40:00,2025-09-24 17:57:00,2025-09-24 17:47:00,2025-09-24 19:14:00,77,87,537,105,Retardé
2530,PD259,2025-09-24,PD,29,YUL,YHZ,2025-09-24 18:25:00,2025-09-24 18:23:00,2025-09-24 19:56:00,2025-09-24 20:04:00,-2,8,804,61,À l'heure
2531,DL403,2025-09-24,DL,53,JFK,YUL,2025-09-24 19:45:00,2025-09-24 19:50:00,2025-09-24 20:52:00,2025-09-24 21:03:00,5,11,537,188,À l'heure
2532,F8593,2025-09-24,F8,40,YYZ,YYC,2025-09-24 19:45:00,2025-09-24 20:07:00,2025-09-24 23:40:00,2025-09-25 00:12:00,22,32,2689,108,Retardé
2533,WS471,2025-09-25,WS,19,YVR,YEG,2025-09-25 06:10:00,2025-09-25 06:09:00,2025-09-25 07:49:00,2025-09-25 07:47:00,-1,-2,809,152,À l'heure
2534,AC296,2025-09-25,AC,9,LAX,YUL,2025-09-25 07:45:00,2025-09-25 07:41:00,2025-09-25 13:15:00,2025-09-25 12:59:00,-4,-16,3973,136,À l'heure
2535,WS1303,2025-09-25,WS,20,YYZ,YVR,2025-09-25 09:15:00,2025-09-25 09:23:00,2025-09-25 13:51:00,2025-09-25 14:02:00,8,11,3346,139,À l'heure
2536,F8414,2025-09-25,F8,42,YYC,YYZ,2025-09-25 09:35:00,2025-09-25 09:58:00,2025-09-25 13:28:00,2025-09-25 13:56:00,23,28,2689,149,Retardé
2537,UA1358,2025-09-25,UA,48,YYZ,ORD,2025-09-25 10:20:00,2025-09-25 10:24:00,2025-09-25 11:50:00,2025-09-25 11:42:00,4,-8,701,116,À l'heure
2538,AC1055,2025-09-25,AC,7,YUL,CUN,2025-09-25 16:05:00,2025-09-25 16:11:00,2025-09-25 20:22:00,2025-09-25 20:18:00,6,-4,2970,113,À l'heure
2539,AC245,2025-09-25,AC,11,CDG,YUL,2025-09-25 17:10:00,2025-09-25 17:07:00,2025-09-26 00:37:00,2025-09-26 00:34:00,-3,-3,5523,227,À l'heure
2540,AC193,2025-09-25,AC,1,YVR,YYZ,2025-09-25 17:45:00,2025-09-25 17:56:00,2025-09-25 22:38:00,2025-09-25 22:48:00,11,10,3346,100,À l'heure
2541,DL851,2025-09-25,DL,50,YUL,JFK,2025-09-25 21:25:00,2025-09-25 21:22:00,2025-09-25 22:39:00,2025-09-25 22:31:00,-3,-8,537,121,À l'heure
2542,WS298,2025-09-26,WS,17,YHZ,YYZ,2025-09-26 08:15:00,2025-09-26 08:32:00,2025-09-26 10:27:00,2025-09-26 10:30:00,17,3,1288,153,À l'heure
2543,F81380,2025-09-26,F8,41,YYC,YVR,2025-09-26 09:00:00,2025-09-26 09:02:00,2025-09-26 10:24:00,2025-09-26 10:14:00,2,-10,687,140,À l'heure
2544,F81602,2025-09-26,F8,39,YVR,YUL,2025-09-26 11:45:00,2025-09-26 11:45:00,2025-09-26 16:55:00,2025-09-26 16:49:00,0,-6,3682,130,À l'heure
2545,AC1734,2025-09-26,AC,6,YYZ,YHZ,2025-09-26 12:40:00,2025-09-26 12:45:00,2025-09-26 14:55:00,2025-09-26 15:09:00,5,14,1288,150,À l'heure
2546,WS734,2025-09-26,WS,19,YYC,YUL,2025-09-26 12:50:00,2025-09-26 12:53:00,2025-09-26 17:02:00,2025-09-26 17:00:00,3,-2,3005,142,À l'heure
2547,AC557,2025-09-26,AC,1,YYZ,YOW,2025-09-26 14:00:00,2025-09-26 13:59:00,2025-09-26 14:58:00,2025-09-26 14:53:00,-1,-5,363,110,À l'heure
2548,AC1097,2025-09-26,AC,2,YUL,LAX,2025-09-26 16:30:00,2025-09-26 16:32:00,2025-09-26 22:02:00,2025-09-26 21:52:00,2,-10,3973,106,À l'heure
2549,PD185,2025-09-26,PD,27,YUL,YQB,2025-09-26 16:40:00,2025-09-26 16:42:00,2025-09-26 17:23:00,2025-09-26 17:21:00,2,-2,233,93,À l'heure
2550,AC1627,2025-09-26,AC,14,LHR,YUL,2025-09-26 17:40:00,2025-09-26 17:41:00,2025-09-27 00:56:00,2025-09-27 00:56:00,1,0,5215,247,À l'heure
2551,AC346,2025-09-26,AC,9,YYZ,YUL,2025-09-26 18:20:00,2025-09-26 18:46:00,2025-09-26 19:22:00,2025-09-26 19:44:00,26,22,507,108,Retardé
2552,AC426,2025-09-26,AC,11,YUL,CDG,2025-09-26 18:20:00,2025-09-26 20:34:00,2025-09-27 01:43:00,2025-09-27 04:04:00,134,141,5523,193,Retardé
2553,WS1688,2025-09-26,WS,19,CUN,YUL,2025-09-26 19:55:00,2025-09-26 20:10:00,2025-09-27 00:03:00,2025-09-27 00:19:00,15,16,2970,144,Retardé
2554,WS1322,2025-09-27,WS,18,YYZ,YUL,2025-09-27 06:20:00,2025-09-27 06:15:00,2025-09-27 07:33:00,2025-09-27 07:27:00,-5,-6,507,136,À l'heure
2555,WS1070,2025-09-27,WS,17,YVR,YYZ,2025-09-27 06:40:00,2025-09-27 06:52:00,2025-09-27 11:32:00,2025-09-27 11:33:00,12,1,3346,153,À l'heure
2556,PD401,2025-09-27,PD,29,YOW,YUL,2025-09-27 09:35:00,2025-09-27 09:33:00,2025-09-27 10:19:00,2025-09-27 10:26:00,-2,7,151,60,À l'heure
2557,AC1512,2025-09-27,AC,10,YYZ,YVR,2025-09-27 13:20:00,2025-09-27 13:18:00,2025-09-27 17:59:00,2025-09-27 18:01:00,-2,2,3346,152,À l'heure
2558,AC1618,2025-09-27,AC,3,YUL,YVR,2025-09-27 13:25:00,2025-09-27 13:20:00,2025-09-27 18:38:00,2025-09-27 18:26:00,-5,-12,3682,140,À l'heure
2559,AC753,2025-09-27,AC,10,YVR,LAX,2025-09-27 13:45:00,2025-09-27 13:51:00,2025-09-27 16:35:00,2025-09-27 16:47:00,6,12,1741,119,À l'heure
2560,WS245,2025-09-27,WS,18,YYZ,YUL,2025-09-27 14:10:00,2025-09-27 14:08:00,2025-09-27 15:25:00,2025-09-27 15:29:00,-2,4,507,144,À l'heure
2561,DL1191,2025-09-27,DL,52,YUL,JFK,2025-09-27 15:00:00,2025-09-27 15:06:00,2025-09-27 16:05:00,2025-09-27 16:18:00,6,13,537,162,À l'heure
2562,UA1995,2025-09-27,UA,47,ORD,YUL,2025-09-27 15:35:00,2025-09-27 15:32:00,2025-09-27 17:39:00,2025-09-27 17:31:00,-3,-8,1201,161,À l'heure
2563,AC1618,2025-09-27,AC,2,YUL,YYZ,2025-09-27 16:25:00,2025-09-27 16:53:00,2025-09-27 17:36:00,2025-09-27 18:11:00,28,35,507,92,Retardé
2564,WS1294,2025-09-27,WS,17,YVR,YUL,2025-09-27 17:05:00,2025-09-27 17:05:00,2025-09-27 22:18:00,2025-09-27 22:15:00,0,-3,3682,132,À l'heure
2565,AC1001,2025-09-27,AC,13,YYZ,LHR,2025-09-27 17:55:00,2025-09-27 17:52:00,2025-09-28 01:30:00,2025-09-28 01:27:00,-3,-3,5707,246,À l'heure
2566,PD1950,2025-09-27,PD,26,YUL,YOW,2025-09-27 19:55:00,,2025-09-27 20:33:00,,,,151,,Annulé
2567,F8370,2025-09-27,F8,41,YYC,YWG,2025-09-27 20:55:00,2025-09-27 21:02:00,2025-09-27 23:01:00,2025-09-27 22:58:00,7,-3,1191,122,À l'heure
2568,AC1264,2025-09-27,AC,12,YUL,LHR,2025-09-27 21:15:00,2025-09-27 21:20:00,2025-09-28 04:17:00,2025-09-28 04:08:00,5,-9,5215,246,À l'heure
2569,AC1821,2025-09-28,AC,4,YYZ,YWG,2025-09-28 12:30:00,2025-09-28 12:43:00,2025-09-28 15:02:00,2025-09-28 15:09:00,13,7,1504,177,À l'heure
2570,F8822,2025-09-28,F8,42,YVR,YYC,2025-09-28 14:25:00,2025-09-28 16:08:00,2025-09-28 15:52:00,2025-09-28 17:26:00,103,94,687,114,Retardé
2571,F81963,2025-09-28,F8,40,YYZ,YYC,2025-09-28 14:55:00,2025-09-28 15:18:00,2025-09-28 18:57:00,2025-09-28 19:20:00,23,23,2689,169,Retardé
2572,AC1369,2025-09-28,AC,5,YUL,YYZ,2025-09-28 15:50:00,2025-09-28 16:06:00,2025-09-28 17:00:00,2025-09-28 17:17:00,16,17,507,181,Retardé
2573,WS1322,2025-09-28,WS,19,YUL,YYZ,2025-09-28 17:25:00,2025-09-28 17:54:00,2025-09-28 18:41:00,2025-09-28 19:00:00,29,19,507,146,Retardé
2574,AC891,2025-09-28,AC,10,YYC,YVR,2025-09-28 19:10:00,2025-09-28 19:10:00,2025-09-28 20:38:00,2025-09-28 20:36:00,0,-2,687,159,À l'heure
2575,AC541,2025-09-29,AC,9,YWG,YYZ,2025-09-29 08:45:00,2025-09-29 08:54:00,2025-09-29 11:08:00,2025-09-29 11:15:00,9,7,1504,160,À l'heure
2576,F81016,2025-09-29,F8,42,YWG,YYC,2025-09-29 10:20:00,2025-09-29 10:20:00,2025-09-29 12:24:00,2025-09-29 12:28:00,0,4,1191,163,À l'heure
2577,AC1467,2025-09-29,AC,1,YUL,YYC,2025-09-29 12:15:00,2025-09-29 12:10:00,2025-09-29 16:42:00,2025-09-29 16:32:00,-5,-10,3005,133,À l'heure
2578,AC1433,2025-09-29,AC,8,YHZ,YUL,2025-09-29 13:20:00,2025-09-29 13:51:00,2025-09-29 14:49:00,2025-09-29 15:15:00,31,26,804,156,Retardé
2579,WS1939,2025-09-29,WS,17,YVR,YYC,2025-09-29 15:35:00,2025-09-29 15:37:00,2025-09-29 16:55:00,2025-09-29 16:44:00,2,-11,687,129,À l'heure
2580,UA851,2025-09-29,UA,44,YUL,ORD,2025-09-29 16:05:00,2025-09-29 16:11:00,2025-09-29 18:16:00,2025-09-29 18:26:00,6,10,1201,110,À l'heure
2581,WS784,2025-09-29,WS,19,YYC,YEG,2025-09-29 16:30:00,2025-09-29 16:40:00,2025-09-29 17:22:00,2025-09-29 17:36:00,10,14,244,146,À l'heure
2582,PD1773,2025-09-29,PD,28,YOW,YYZ,2025-09-29 18:50:00,2025-09-29 18:57:00,2025-09-29 19:55:00,2025-09-29 19:58:00,7,3,363,126,À l'heure
2583,TS501,2025-09-29,TS,37,CDG,YUL,2025-09-29 20:45:00,2025-09-29 21:33:00,2025-09-30 04:14:00,2025-09-30 05:07:00,48,53,5523,205,Retardé
2584,PD1710,2025-09-30,PD,25,YYZ,YOW,2025-09-30 07:55:00,2025-09-30 07:53:00,2025-09-30 08:59:00,2025-09-30 08:52:00,-2,-7,363,104,À l'heure
2585,TS1992,2025-09-30,TS,33,YUL,CUN,2025-09-30 09:20:00,2025-09-30 11:12:00,2025-09-30 13:31:00,2025-09-30 15:15:00,112,104,2970,189,Retardé
2586,TS803,2025-09-30,TS,32,CUN,YUL,2025-09-30 13:45:00,2025-09-30 13:45:00,2025-09-30 18:04:00,2025-09-30 18:11:00,0,7,2970,151,À l'heure
2587,AC1828,2025-09-30,AC,5,LAX,YVR,2025-09-30 15:45:00,2025-09-30 15:48:00,2025-09-30 18:36:00,2025-09-30 18:31:00,3,-5,1741,190,À l'heure
2588,WS1318,2025-09-30,WS,20,YUL,YYZ,2025-09-30 19:00:00,2025-09-30 19:26:00,2025-09-30 20:03:00,2025-09-30 20:34:00,26,31,507,137,Retardé
2589,PD647,2025-09-30,PD,26,YQB,YUL,2025-09-30 19:50:00,2025-09-30 21:05:00,2025-09-30 20:42:00,2025-09-30 21:44:00,75,62,233,90,Retardé
2590,TS647,2025-09-30,TS,38,YUL,CDG,2025-09-30 21:50:00,2025-09-30 22:07:00,2025-10-01 05:18:00,2025-10-01 05:40:00,17,22,5523,252,Retardé
2591,AC637,2025-10-01,AC,10,YUL,LAX,2025-10-01 06:25:00,2025-10-01 06:26:00,2025-10-01 12:03:00,2025-10-01 11:55:00,1,-8,3973,123,À l'heure
2592,AC1550,2025-10-01,AC,1,YUL,CUN,2025-10-01 06:50:00,2025-10-01 06:53:00,2025-10-01 10:58:00,2025-10-01 11:07:00,3,9,2970,109,À l'heure
2593,WS340,2025-10-01,WS,20,YYZ,YVR,2025-10-01 10:30:00,2025-10-01 10:47:00,2025-10-01 15:14:00,2025-10-01 15:35:00,17,21,3346,163,Retardé
2594,WS699,2025-10-01,WS,17,YVR,YYC,2025-10-01 11:30:00,2025-10-01 11:31:00,2025-10-01 12:45:00,2025-10-01 12:41:00,1,-4,687,132,À l'heure
2595,PD833,2025-10-01,PD,28,YHZ,YUL,2025-10-01 13:35:00,,2025-10-01 15:08:00,,,,804,,Annulé
2596,AC1263,2025-10-01,AC,3,YYC,YYZ,2025-10-01 13:45:00,2025-10-01 13:53:00,2025-10-01 17:38:00,2025-10-01 17:40:00,8,2,2689,137,À l'heure
2597,WS1915,2025-10-01,WS,20,YYC,YEG,2025-10-01 15:15:00,2025-10-01 15:31:00,2025-10-01 15:59:00,2025-10-01 16:01:00,16,2,244,151,À l'heure
2598,AC1513,2025-10-01,AC,5,JFK,YUL,2025-10-01 18:40:00,2025-10-01 18:47:00,2025-10-01 19:43:00,2025-10-01 19:49:00,7,6,537,121,À l'heure
2599,AC1648,2025-10-01,AC,10,LAX,YUL,2025-10-01 18:45:00,2025-10-01 18:55:00,2025-10-02 00:21:00,2025-10-02 00:32:00,10,11,3973,133,À l'heure
2600,WS1146,2025-10-01,WS,19,CUN,YUL,2025-10-01 21:00:00,2025-10-01 21:00:00,2025-10-02 01:25:00,2025-10-02 01:11:00,0,-14,2970,146,À l'heure
2601,WS206,2025-10-02,WS,17,YUL,YYZ,2025-10-02 09:05:00,2025-10-02 09:06:00,2025-10-02 10:21:00,2025-10-02 10:21:00,1,0,507,135,À l'heure
2602,PD1488,2025-10-02,PD,28,YUL,YQB,2025-10-02 09:05:00,2025-10-02 09:03:00,2025-10-02 09:49:00,2025-10-02 09:43:00,-2,-6,233,113,À l'heure
2603,PD296,2025-10-02,PD,26,YOW,YUL,2025-10-02 13:25:00,2025-10-02 13:25:00,2025-10-02 14:09:00,2025-10-02 13:55:00,0,-14,151,128,À l'heure
2604,F8238,2025-10-02,F8,39,YUL,YVR,2025-10-02 16:15:00,2025-10-02 16:22:00,2025-10-02 21:25:00,2025-10-02 21:29:00,7,4,3682,146,À l'heure
2605,PD125,2025-10-02,PD,25,YYZ,YOW,2025-10-02 16:15:00,2025-10-02 16:37:00,2025-10-02 17:22:00,2025-10-02 17:51:00,22,29,363,117,Retardé
2606,AC1056,2025-10-02,AC,16,YUL,LHR,2025-10-02 19:00:00,2025-10-02 18:59:00,2025-10-03 02:09:00,2025-10-03 01:55:00,-1,-14,5215,209,À l'heure
2607,WS1602,2025-10-02,WS,17,YWG,YYZ,2025-10-02 19:30:00,2025-10-02 19:28:00,2025-10-02 21:57:00,2025-10-02 21:43:00,-2,-14,1504,149,À l'heure
2608,AC1268,2025-10-02,AC,11,YUL,CDG,2025-10-02 20:25:00,2025-10-02 20:42:00,2025-10-03 03:58:00,2025-10-03 04:12:00,17,14,5523,197,À l'heure
2609,AC217,2025-10-02,AC,3,YUL,JFK,2025-10-02 20:35:00,2025-10-02 20:39:00,2025-10-02 21:37:00,2025-10-02 21:49:00,4,12,537,139,À l'heure
2610,UA967,2025-10-03,UA,44,ORD,YYZ,2025-10-03 09:00:00,2025-10-03 09:00:00,2025-10-03 10:15:00,2025-10-03 10:13:00,0,-2,701,121,À l'heure
2611,AC406,2025-10-03,AC,10,YUL,ORD,2025-10-03 09:15:00,2025-10-03 09:21:00,2025-10-03 11:17:00,2025-10-03 11:19:00,6,2,1201,135,À l'heure
2612,PD1512,2025-10-03,PD,25,YQB,YUL,2025-10-03 09:35:00,2025-10-03 09:37:00,2025-10-03 10:27:00,2025-10-03 10:38:00,2,11,233,89,À l'heure
2613,AC815,2025-10-03,AC,3,YUL,YYZ,2025-10-03 10:20:00,2025-10-03 10:54:00,2025-10-03 11:33:00,2025-10-03 12:11:00,34,38,507,135,Retardé
2614,UA837,2025-10-03,UA,47,ORD,YUL,2025-10-03 10:20:00,2025-10-03 10:29:00,2025-10-03 12:31:00,2025-10-03 12:43:00,9,12,1201,152,À l'heure
2615,PD1664,2025-10-03,PD,27,YUL,YOW,2025-10-03 11:50:00,2025-10-03 11:51:00,2025-10-03 12:24:00,2025-10-03 12:32:00,1,8,151,128,À l'heure
2616,F81748,2025-10-03,F8,39,YVR,YYC,2025-10-03 14:20:00,2025-10-03 14:23:00,2025-10-03 15:42:00,2025-10-03 15:42:00,3,0,687,137,À l'heure
2617,AC1876,2025-10-03,AC,6,YUL,JFK,2025-10-03 15:50:00,2025-10-03 16:09:00,2025-10-03 17:07:00,2025-10-03 17:19:00,19,12,537,136,À l'heure
2618,AC580,2025-10-03,AC,14,CDG,YUL,2025-10-03 15:55:00,2025-10-03 15:53:00,2025-10-03 23:26:00,2025-10-03 23:22:00,-2,-4,5523,242,À l'heure
2619,F8661,2025-10-03,F8,42,YYZ,YYC,2025-10-03 18:45:00,2025-10-03 18:55:00,2025-10-03 22:34:00,2025-10-03 22:43:00,10,9,2689,140,À l'heure
2620,PD1136,2025-10-03,PD,31,YUL,YHZ,2025-10-03 19:10:00,2025-10-03 19:33:00,2025-10-03 20:33:00,2025-10-03 21:03:00,23,30,804,72,Retardé
2621,F8102,2025-10-03,F8,42,YYC,YVR,2025-10-03 19:30:00,2025-10-03 20:11:00,2025-10-03 20:44:00,2025-10-03 21:14:00,41,30,687,115,Retardé
2622,AC1716,2025-10-03,AC,15,LHR,YUL,2025-10-03 20:55:00,2025-10-03 21:14:00,2025-10-04 04:05:00,2025-10-04 04:15:00,19,10,5215,222,À l'heure
2623,WS364,2025-10-04,WS,19,YYZ,YWG,2025-10-04 06:00:00,2025-10-04 05:59:00,2025-10-04 08:20:00,2025-10-04 08:24:00,-1,4,1504,134,À l'heure
2624,AC1815,2025-10-04,AC,5,LAX,YVR,2025-10-04 06:35:00,2025-10-04 06:42:00,2025-10-04 09:24:00,2025-10-04 09:40:00,7,16,1741,166,Retardé
2625,WS1614,2025-10-04,WS,20,YVR,YUL,2025-10-04 07:55:00,2025-10-04 07:56:00,2025-10-04 13:12:00,2025-10-04 13:13:00,1,1,3682,127,À l'heure
2626,AC1545,2025-10-04,AC,1,YYZ,YOW,2025-10-04 08:40:00,2025-10-04 08:38:00,2025-10-04 09:42:00,2025-10-04 09:35:00,-2,-7,363,103,À l'heure
2627,WS700,2025-10-04,WS,20,YYZ,YUL,2025-10-04 10:30:00,2025-10-04 10:35:00,2025-10-04 11:47:00,2025-10-04 11:46:00,5,-1,507,125,À l'heure
2628,AC1000,2025-10-04,AC,3,YUL,YYZ,2025-10-04 11:00:00,2025-10-04 10:59:00,2025-10-04 12:07:00,2025-10-04 12:14:00,-1,7,507,123,À l'heure
2629,F81406,2025-10-04,F8,41,YVR,YYZ,2025-10-04 12:30:00,2025-10-04 12:37:00,2025-10-04 17:08:00,2025-10-04 17:02:00,7,-6,3346,163,À l'heure
2630,WS1269,2025-10-04,WS,18,YEG,YYC,2025-10-04 14:15:00,2025-10-04 17:25:00,2025-10-04 15:11:00,2025-10-04 18:19:00,190,188,244,130,Retardé
2631,AC1835,2025-10-04,AC,11,YYZ,LHR,2025-10-04 17:25:00,2025-10-04 17:22:00,2025-10-05 01:10:00,2025-10-05 01:11:00,-3,1,5707,280,À l'heure
2632,WS1516,2025-10-04,WS,19,YUL,YYZ,2025-10-04 17:30:00,2025-10-04 17:32:00,2025-10-04 18:33:00,2025-10-04 18:37:00,2,4,507,142,À l'heure
2633,WS1541,2025-10-04,WS,17,YUL,YYC,2025-10-04 17:35:00,2025-10-04 17:35:00,2025-10-04 21:53:00,2025-10-04 22:02:00,0,9,3005,156,À l'heure
2634,PD764,2025-10-04,PD,28,YYZ,YUL,2025-10-04 19:40:00,2025-10-04 19:39:00,2025-10-04 20:50:00,2025-10-04 20:49:00,-1,-1,507,106,À l'heure
2635,AC653,2025-10-05,AC,1,JFK,YUL,2025-10-05 07:00:00,2025-10-05 06:58:00,2025-10-05 08:14:00,2025-10-05 08:16:00,-2,2,537,126,À l'heure
2636,PD1878,2025-10-05,PD,29,YHZ,YYZ,2025-10-05 09:40:00,2025-10-05 09:35:00,2025-10-05 11:56:00,2025-10-05 11:51:00,-5,-5,1288,49,À l'heure
2637,AC549,2025-10-05,AC,8,YOW,YYZ,2025-10-05 10:10:00,2025-10-05 10:18:00,2025-10-05 10:59:00,2025-10-05 11:06:00,8,7,363,108,À l'heure
2638,AC1944,2025-10-05,AC,3,YYZ,YHZ,2025-10-05 12:40:00,2025-10-05 15:12:00,2025-10-05 14:51:00,2025-10-05 17:31:00,152,160,1288,169,Retardé
2639,AF1157,2025-10-05,AF,55,CDG,YUL,2025-10-05 13:25:00,2025-10-05 13:20:00,2025-10-05 20:46:00,2025-10-05 20:48:00,-5,2,5523,207,À l'heure
2640,TS1980,2025-10-05,TS,32,CUN,YUL,2025-10-05 14:15:00,2025-10-05 14:14:00,2025-10-05 18:29:00,2025-10-05 18:14:00,-1,-15,2970,166,À l'heure
2641,AC1779,2025-10-05,AC,14,YUL,CDG,2025-10-05 19:35:00,2025-10-05 19:43:00,2025-10-06 03:06:00,2025-10-06 03:17:00,8,11,5523,251,À l'heure
2642,AC1324,2025-10-06,AC,14,LHR,YYZ,2025-10-06 09:20:00,2025-10-06 09:21:00,2025-10-06 16:58:00,2025-10-06 17:03:00,1,5,5707,228,À l'heure
2643,AC1878,2025-10-06,AC,10,YVR,LAX,2025-10-06 11:50:00,2025-10-06 14:39:00,2025-10-06 14:30:00,2025-10-06 17:10:00,169,160,1741,168,Retardé
2644,AC853,2025-10-06,AC,7,YEG,YVR,2025-10-06 12:30:00,2025-10-06 12:28:00,2025-10-06 13:53:00,2025-10-06 13:44:00,-2,-9,809,108,À l'heure
2645,AC250,2025-10-06,AC,2,YOW,YYZ,2025-10-06 13:00:00,2025-10-06 13:01:00,2025-10-06 13:59:00,2025-10-06 13:57:00,1,-2,363,89,À l'heure
2646,AC1949,2025-10-06,AC,6,YYZ,YUL,2025-10-06 16:55:00,,2025-10-06 18:04:00,,,,507,,Annulé
2647,F81039,2025-10-06,F8,39,YYC,YWG,2025-10-06 20:35:00,2025-10-06 21:00:00,2025-10-06 22:41:00,2025-10-06 23:09:00,25,28,1191,152,Retardé
2648,AC1358,2025-10-07,AC,3,YYC,YUL,2025-10-07 06:20:00,2025-10-07 06:18:00,2025-10-07 10:33:00,2025-10-07 10:25:00,-2,-8,3005,150,À l'heure
2649,TS1111,2025-10-07,TS,34,YUL,CUN,2025-10-07 08:25:00,2025-10-07 08:33:00,2025-10-07 12:38:00,2025-10-07 12:37:00,8,-1,2970,188,À l'heure
2650,AC1083,2025-10-07,AC,10,YVR,YEG,2025-10-07 09:50:00,2025-10-07 09:58:00,2025-10-07 11:22:00,2025-10-07 11:30:00,8,8,809,116,À l'heure
2651,UA1738,2025-10-07,UA,45,YYZ,ORD,2025-10-07 10:25:00,2025-10-07 10:23:00,2025-10-07 11:40:00,2025-10-07 11:29:00,-2,-11,701,159,À l'heure
2652,WS614,2025-10-07,WS,18,YYC,YYZ,2025-10-07 11:15:00,2025-10-07 11:16:00,2025-10-07 15:05:00,2025-10-07 14:52:00,1,-13,2689,115,À l'heure
2653,WS731,2025-10-07,WS,17,YVR,YYZ,2025-10-07 13:15:00,2025-10-07 13:16:00,2025-10-07 17:56:00,2025-10-07 17:48:00,1,-8,3346,140,À l'heure
2654,F8278,2025-10-07,F8,39,YWG,YYC,2025-10-07 13:15:00,2025-10-07 15:30:00,2025-10-07 15:13:00,2025-10-07 17:19:00,135,126,1191,167,Retardé
2655,F81810,2025-10-07,F8,40,YUL,YVR,2025-10-07 14:35:00,2025-10-07 14:34:00,2025-10-07 19:42:00,2025-10-07 19:34:00,-1,-8,3682,146,À l'heure
2656,F81839,2025-10-07,F8,40,YYZ,YVR,2025-10-07 20:10:00,2025-10-07 20:29:00,2025-10-08 00:47:00,2025-10-08 00:55:00,19,8,3346,149,À l'heure
2657,PD664,2025-10-08,PD,28,YQB,YUL,2025-10-08 09:05:00,2025-10-08 09:02:00,2025-10-08 09:51:00,2025-10-08 09:36:00,-3,-15,233,95,À l'heure
2658,AC1248,2025-10-08,AC,11,LHR,YUL,2025-10-08 09:40:00,2025-10-08 09:38:00,2025-10-08 16:55:00,2025-10-08 16:55:00,-2,0,5215,188,À l'heure
2659,PD1856,2025-10-08,PD,31,YOW,YUL,2025-10-08 13:05:00,2025-10-08 13:06:00,2025-10-08 13:42:00,2025-10-08 13:43:00,1,1,151,49,À l'heure
2660,F81566,2025-10-08,F8,39,YVR,YYZ,2025-10-08 13:05:00,2025-10-08 13:53:00,2025-10-08 17:42:00,2025-10-08 18:20:00,48,38,3346,165,Retardé
2661,AC588,2025-10-08,AC,8,YYZ,YOW,2025-10-08 15:45:00,2025-10-08 15:44:00,2025-10-08 16:42:00,2025-10-08 16:36:00,-1,-6,363,132,À l'heure
2662,WS255,2025-10-08,WS,17,YUL,YYC,2025-10-08 16:00:00,2025-10-08 15:58:00,2025-10-08 20:20:00,2025-10-08 20:08:00,-2,-12,3005,163,À l'heure
2663,AC1008,2025-10-08,AC,7,YUL,YYZ,2025-10-08 17:15:00,2025-10-08 17:10:00,2025-10-08 18:17:00,2025-10-08 18:21:00,-5,4,507,112,À l'heure
2664,AC1177,2025-10-08,AC,4,YVR,YEG,2025-10-08 19:35:00,2025-10-08 19:48:00,2025-10-08 21:09:00,2025-10-08 21:29:00,13,20,809,137,Retardé
2665,AC1517,2025-10-09,AC,7,YUL,YYZ,2025-10-09 09:50:00,2025-10-09 09:45:00,2025-10-09 10:51:00,2025-10-09 10:32:00,-5,-19,507,119,À l'heure
2666,AF1617,2025-10-09,AF,60,CDG,YUL,2025-10-09 10:20:00,2025-10-09 10:20:00,2025-10-09 17:58:00,2025-10-09 18:00:00,0,2,5523,208,À l'heure
2667,AC1944,2025-10-09,AC,10,YVR,YUL,2025-10-09 17:45:00,2025-10-09 17:46:00,2025-10-09 22:52:00,2025-10-09 22:46:00,1,-6,3682,135,À l'heure
2668,AC1925,2025-10-09,AC,12,YUL,LHR,2025-10-09 20:25:00,2025-10-09 21:02:00,2025-10-10 03:26:00,2025-10-10 04:10:00,37,44,5215,260,Retardé
2669,PD1996,2025-10-09,PD,28,YYZ,YUL,2025-10-09 21:30:00,2025-10-09 21:36:00,2025-10-09 22:30:00,2025-10-09 22:43:00,6,13,507,103,À l'heure
2670,WS1271,2025-10-10,WS,19,YYZ,YVR,2025-10-10 06:20:00,2025-10-10 06:26:00,2025-10-10 11:06:00,2025-10-10 11:06:00,6,0,3346,137,À l'heure
2671,WS629,2025-10-10,WS,19,YYZ,YWG,2025-10-10 06:20:00,2025-10-10 06:29:00,2025-10-10 08:36:00,2025-10-10 08:41:00,9,5,1504,170,À l'heure
2672,AC1973,2025-10-10,AC,2,YYZ,YYC,2025-10-10 06:35:00,2025-10-10 06:35:00,2025-10-10 10:23:00,2025-10-10 10:26:00,0,3,2689,131,À l'heure
2673,WS317,2025-10-10,WS,20,YUL,CUN,2025-10-10 07:50:00,2025-10-10 07:47:00,2025-10-10 12:00:00,2025-10-10 12:05:00,-3,5,2970,110,À l'heure
2674,DL1012,2025-10-10,DL,54,JFK,YUL,2025-10-10 08:20:00,2025-10-10 08:22:00,2025-10-10 09:31:00,2025-10-10 09:31:00,2,0,537,156,À l'heure
2675,PD148,2025-10-10,PD,29,YUL,YOW,2025-10-10 12:25:00,2025-10-10 12:24:00,2025-10-10 13:02:00,2025-10-10 13:06:00,-1,4,151,58,À l'heure
2676,WS855,2025-10-10,WS,19,YYC,YYZ,2025-10-10 13:35:00,2025-10-10 13:40:00,2025-10-10 17:26:00,2025-10-10 17:36:00,5,10,2689,112,À l'heure
2677,F8299,2025-10-10,F8,42,YWG,YYC,2025-10-10 13:35:00,2025-10-10 13:38:00,2025-10-10 15:31:00,2025-10-10 15:28:00,3,-3,1191,168,À l'heure
2678,PD361,2025-10-10,PD,30,YUL,YYZ,2025-10-10 15:05:00,2025-10-10 15:25:00,2025-10-10 16:05:00,2025-10-10 16:26:00,20,21,507,60,Retardé
2679,UA1164,2025-10-10,UA,47,YUL,ORD,2025-10-10 19:25:00,2025-10-10 19:27:00,2025-10-10 21:26:00,2025-10-10 21:33:00,2,7,1201,152,À l'heure
2680,WS382,2025-10-10,WS,17,YYC,YEG,2025-10-10 20:00:00,2025-10-10 20:09:00,2025-10-10 20:49:00,2025-10-10 20:50:00,9,1,244,147,À l'heure
2681,AC1828,2025-10-10,AC,14,LHR,YYZ,2025-10-10 21:10:00,2025-10-10 21:50:00,2025-10-11 04:49:00,2025-10-11 05:26:00,40,37,5707,233,Retardé
2682,WS811,2025-10-10,WS,20,YYZ,YYC,2025-10-10 21:15:00,2025-10-10 21:10:00,2025-10-11 01:18:00,2025-10-11 01:02:00,-5,-16,2689,123,À l'heure
2683,WS1530,2025-10-10,WS,18,CUN,YUL,2025-10-10 21:25:00,2025-10-10 21:24:00,2025-10-11 01:37:00,2025-10-11 01:22:00,-1,-15,2970,158,À l'heure
2684,PD801,2025-10-10,PD,30,YYZ,YUL,2025-10-10 21:30:00,2025-10-10 21:38:00,2025-10-10 22:44:00,2025-10-10 22:58:00,8,14,507,70,À l'heure
2685,UA533,2025-10-11,UA,49,YYZ,ORD,2025-10-11 06:10:00,2025-10-11 06:04:00,2025-10-11 07:42:00,2025-10-11 07:41:00,-6,-1,701,165,À l'heure
2686,F81209,2025-10-11,F8,39,YVR,YUL,2025-10-11 09:10:00,2025-10-11 09:06:00,2025-10-11 14:13:00,2025-10-11 13:55:00,-4,-18,3682,135,À l'heure
2687,AC1150,2025-10-11,AC,6,LAX,YVR,2025-10-11 09:25:00,2025-10-11 09:20:00,2025-10-11 12:05:00,2025-10-11 11:51:00,-5,-14,1741,157,À l'heure
2688,PD257,2025-10-11,PD,28,YOW,YYZ,2025-10-11 11:00:00,2025-10-11 11:05:00,2025-10-11 12:03:00,2025-10-11 12:07:00,5,4,363,102,À l'heure
2689,AC1277,2025-10-11,AC,8,YWG,YYZ,2025-10-11 11:55:00,2025-10-11 11:50:00,2025-10-11 14:27:00,2025-10-11 14:25:00,-5,-2,1504,143,À l'heure
2690,F81640,2025-10-11,F8,41,YVR,YYZ,2025-10-11 17:40:00,2025-10-11 17:44:00,2025-10-11 22:16:00,2025-10-11 22:11:00,4,-5,3346,109,À l'heure
2691,AC692,2025-10-11,AC,12,YUL,CDG,2025-10-11 18:25:00,2025-10-11 18:34:00,2025-10-12 01:52:00,2025-10-12 01:55:00,9,3,5523,216,À l'heure
2692,AC1006,2025-10-11,AC,9,YVR,LAX,2025-10-11 19:20:00,2025-10-11 19:20:00,2025-10-11 22:08:00,2025-10-11 22:10:00,0,2,1741,138,À l'heure
2693,WS1063,2025-10-11,WS,17,YYC,YUL,2025-10-11 19:25:00,2025-10-11 19:56:00,2025-10-11 23:37:00,2025-10-12 00:18:00,31,41,3005,114,Retardé
2694,AC1853,2025-10-11,AC,16,YYZ,LHR,2025-10-11 21:15:00,2025-10-11 21:28:00,2025-10-12 05:02:00,2025-10-12 05:12:00,13,10,5707,214,À l'heure
2695,UA312,2025-10-12,UA,45,ORD,YUL,2025-10-12 08:40:00,2025-10-12 08:38:00,2025-10-12 10:50:00,2025-10-12 10:36:00,-2,-14,1201,159,À l'heure
2696,AC1270,2025-10-12,AC,10,YUL,LAX,2025-10-12 09:20:00,2025-10-12 09:22:00,2025-10-12 14:57:00,2025-10-12 14:46:00,2,-11,3973,169,À l'heure
2697,PD1527,2025-10-12,PD,31,YYZ,YUL,2025-10-12 11:30:00,2025-10-12 11:27:00,2025-10-12 12:45:00,2025-10-12 12:51:00,-3,6,507,67,À l'heure
2698,PD1206,2025-10-12,PD,30,YHZ,YYZ,2025-10-12 12:10:00,2025-10-12 12:11:00,2025-10-12 14:27:00,2025-10-12 14:38:00,1,11,1288,51,À l'heure
2699,DL1953,2025-10-12,DL,52,JFK,YUL,2025-10-12 12:40:00,2025-10-12 12:43:00,2025-10-12 13:57:00,2025-10-12 14:09:00,3,12,537,172,À l'heure
2700,F81622,2025-10-12,F8,41,YVR,YYC,2025-10-12 13:50:00,2025-10-12 14:03:00,2025-10-12 15:10:00,2025-10-12 15:26:00,13,16,687,165,Retardé
2701,F81729,2025-10-12,F8,40,YVR,YYC,2025-10-12 17:05:00,2025-10-12 17:20:00,2025-10-12 18:21:00,2025-10-12 18:33:00,15,12,687,152,À l'heure
2702,AC1067,2025-10-12,AC,1,YUL,JFK,2025-10-12 18:00:00,2025-10-12 18:02:00,2025-10-12 19:15:00,2025-10-12 19:12:00,2,-3,537,121,À l'heure
2703,AC608,2025-10-12,AC,6,YYZ,YOW,2025-10-12 20:05:00,2025-10-12 20:07:00,2025-10-12 21:06:00,2025-10-12 21:05:00,2,-1,363,157,À l'heure
2704,AC504,2025-10-12,AC,12,YUL,CDG,2025-10-12 21:45:00,2025-10-12 22:03:00,2025-10-13 05:13:00,2025-10-13 05:24:00,18,11,5523,242,À l'heure
2705,AC1616,2025-10-13,AC,4,YUL,YVR,2025-10-13 06:30:00,2025-10-13 06:26:00,2025-10-13 11:41:00,2025-10-13 11:25:00,-4,-16,3682,184,À l'heure
2706,WS392,2025-10-13,WS,18,YYZ,YHZ,2025-10-13 10:15:00,2025-10-13 11:38:00,2025-10-13 12:18:00,2025-10-13 13:51:00,83,93,1288,123,Retardé
2707,PD1620,2025-10-13,PD,27,YUL,YHZ,2025-10-13 12:20:00,2025-10-13 12:23:00,2025-10-13 13:56:00,2025-10-13 13:52:00,3,-4,804,119,À l'heure
2708,WS748,2025-10-13,WS,18,YYC,YVR,2025-10-13 14:20:00,2025-10-13 14:42:00,2025-10-13 15:36:00,2025-10-13 16:06:00,22,30,687,118,Retardé
2709,WS1962,2025-10-13,WS,20,YEG,YYC,2025-10-13 16:40:00,2025-10-13 16:39:00,2025-10-13 17:34:00,2025-10-13 17:26:00,-1,-8,244,153,À l'heure
2710,F8194,2025-10-13,F8,41,YYZ,YVR,2025-10-13 17:15:00,2025-10-13 17:16:00,2025-10-13 21:59:00,2025-10-13 22:09:00,1,10,3346,163,À l'heure
2711,AC1206,2025-10-13,AC,7,YUL,YQB,2025-10-13 19:25:00,2025-10-13 19:24:00,2025-10-13 20:10:00,2025-10-13 20:15:00,-1,5,233,146,À l'heure
2712,AC1746,2025-10-13,AC,9,LAX,YUL,2025-10-13 20:15:00,2025-10-13 20:17:00,2025-10-14 01:50:00,2025-10-14 01:39:00,2,-11,3973,165,À l'heure
2713,TS757,2025-10-14,TS,38,CDG,YUL,2025-10-14 06:20:00,2025-10-14 06:24:00,2025-10-14 13:59:00,2025-10-14 14:07:00,4,8,5523,212,À l'heure
2714,UA879,2025-10-14,UA,43,ORD,YYZ,2025-10-14 09:10:00,2025-10-14 09:05:00,2025-10-14 10:29:00,2025-10-14 10:19:00,-5,-10,701,155,À l'heure
2715,PD414,2025-10-14,PD,29,YOW,YYZ,2025-10-14 09:40:00,2025-10-14 09:36:00,2025-10-14 10:29:00,2025-10-14 10:26:00,-4,-3,363,65,À l'heure
2716,F81823,2025-10-14,F8,42,YYC,YWG,2025-10-14 11:15:00,2025-10-14 11:09:00,2025-10-14 13:17:00,2025-10-14 13:04:00,-6,-13,1191,134,À l'heure
2717,DL971,2025-10-14,DL,53,YUL,JFK,2025-10-14 17:35:00,2025-10-14 17:44:00,2025-10-14 18:40:00,2025-10-14 18:45:00,9,5,537,137,À l'heure
2718,AC1056,2025-10-14,AC,9,YEG,YVR,2025-10-14 19:40:00,2025-10-14 19:44:00,2025-10-14 21:10:00,2025-10-14 21:05:00,4,-5,809,153,À l'heure
2719,AC655,2025-10-14,AC,3,YHZ,YUL,2025-10-14 20:20:00,2025-10-14 20:15:00,2025-10-14 22:00:00,2025-10-14 21:52:00,-5,-8,804,168,À l'heure
2720,WS691,2025-10-14,WS,17,YYC,YVR,2025-10-14 21:00:00,2025-10-14 21:33:00,2025-10-14 22:26:00,2025-10-14 22:53:00,33,27,687,163,Retardé
2721,AC776,2025-10-15,AC,9,LAX,YVR,2025-10-15 06:00:00,2025-10-15 06:02:00,2025-10-15 08:44:00,2025-10-15 08:33:00,2,-11,1741,110,À l'heure
2722,PD932,2025-10-15,PD,28,YUL,YYZ,2025-10-15 07:20:00,2025-10-15 07:21:00,2025-10-15 08:30:00,2025-10-15 08:36:00,1,6,507,113,À l'heure
2723,PD1329,2025-10-15,PD,30,YYZ,YOW,2025-10-15 07:20:00,2025-10-15 07:16:00,2025-10-15 08:09:00,2025-10-15 08:04:00,-4,-5,363,71,À l'heure
2724,WS1184,2025-10-15,WS,18,YVR,YYZ,2025-10-15 08:15:00,2025-10-15 08:14:00,2025-10-15 12:54:00,2025-10-15 12:57:00,-1,3,3346,147,À l'heure
2725,WS1029,2025-10-15,WS,19,YYZ,YHZ,2025-10-15 09:35:00,2025-10-15 09:38:00,2025-10-15 11:39:00,2025-10-15 11:36:00,3,-3,1288,139,À l'heure
2726,F81721,2025-10-15,F8,42,YVR,YYC,2025-10-15 10:30:00,2025-10-15 10:37:00,2025-10-15 11:44:00,2025-10-15 11:46:00,7,2,687,146,À l'heure
2727,AC1842,2025-10-15,AC,5,YUL,LAX,2025-10-15 11:20:00,2025-10-15 11:20:00,2025-10-15 16:52:00,2025-10-15 16:54:00,0,2,3973,189,À l'heure
2728,WS693,2025-10-15,WS,19,YUL,YVR,2025-10-15 16:10:00,2025-10-15 16:14:00,2025-10-15 21:28:00,2025-10-15 21:35:00,4,7,3682,109,À l'heure
2729,TS922,2025-10-15,TS,38,YUL,CDG,2025-10-15 17:20:00,2025-10-15 17:18:00,2025-10-16 00:53:00,2025-10-16 00:45:00,-2,-8,5523,263,À l'heure
2730,WS758,2025-10-15,WS,18,YYZ,YYC,2025-10-15 18:15:00,2025-10-15 18:15:00,2025-10-15 22:08:00,2025-10-15 22:18:00,0,10,2689,109,À l'heure
2731,AC1686,2025-10-15,AC,16,YUL,LHR,2025-10-15 20:05:00,2025-10-15 20:00:00,2025-10-16 03:05:00,2025-10-16 02:51:00,-5,-14,5215,213,À l'heure
2732,WS464,2025-10-15,WS,17,YYC,YEG,2025-10-15 21:50:00,2025-10-15 22:03:00,2025-10-15 22:42:00,2025-10-15 22:46:00,13,4,244,141,À l'heure
2733,AC1210,2025-10-16,AC,2,YEG,YVR,2025-10-16 07:30:00,2025-10-16 07:34:00,2025-10-16 09:05:00,2025-10-16 09:08:00,4,3,809,110,À l'heure
2734,TS1749,2025-10-16,TS,34,YUL,CUN,2025-10-16 07:40:00,2025-10-16 07:43:00,2025-10-16 11:55:00,2025-10-16 11:44:00,3,-11,2970,150,À l'heure
2735,PD1080,2025-10-16,PD,31,YOW,YUL,2025-10-16 09:20:00,2025-10-16 09:25:00,2025-10-16 10:09:00,2025-10-16 10:07:00,5,-2,151,62,À l'heure
2736,WS1713,2025-10-16,WS,19,YUL,YYZ,2025-10-16 13:30:00,2025-10-16 13:26:00,2025-10-16 14:48:00,2025-10-16 14:54:00,-4,6,507,132,À l'heure
2737,WS774,2025-10-16,WS,18,YUL,YYC,2025-10-16 14:10:00,2025-10-16 14:30:00,2025-10-16 18:32:00,2025-10-16 18:49:00,20,17,3005,168,Retardé
2738,WS755,2025-10-16,WS,18,YYC,YWG,2025-10-16 14:25:00,2025-10-16 14:30:00,2025-10-16 16:35:00,2025-10-16 16:33:00,5,-2,1191,156,À l'heure
2739,WS1948,2025-10-16,WS,18,YWG,YYZ,2025-10-16 16:30:00,2025-10-16 16:37:00,2025-10-16 18:49:00,2025-10-16 18:52:00,7,3,1504,133,À l'heure
2740,UA666,2025-10-16,UA,46,YYZ,ORD,2025-10-16 16:50:00,2025-10-16 16:50:00,2025-10-16 18:07:00,2025-10-16 17:53:00,0,-14,701,111,À l'heure
2741,AC1593,2025-10-16,AC,15,YYZ,LHR,2025-10-16 19:00:00,2025-10-16 19:07:00,2025-10-17 02:38:00,2025-10-17 02:49:00,7,11,5707,222,À l'heure
2742,AC1283,2025-10-16,AC,6,YOW,YYZ,2025-10-16 21:55:00,2025-10-16 22:11:00,2025-10-16 22:58:00,2025-10-16 23:17:00,16,19,363,154,Retardé
2743,WS1170,2025-10-17,WS,17,YYC,YUL,2025-10-17 06:35:00,2025-10-17 06:33:00,2025-10-17 11:03:00,2025-10-17 11:02:00,-2,-1,3005,128,À l'heure
2744,AC178,2025-10-17,AC,2,YYZ,YUL,2025-10-17 07:50:00,2025-10-17 07:45:00,2025-10-17 08:58:00,2025-10-17 08:51:00,-5,-7,507,95,À l'heure
2745,AC218,2025-10-17,AC,1,YVR,YEG,2025-10-17 08:50:00,2025-10-17 08:57:00,2025-10-17 10:31:00,2025-10-17 10:45:00,7,14,809,95,À l'heure
2746,WS1403,2025-10-17,WS,20,YYZ,YWG,2025-10-17 09:55:00,2025-10-17 10:12:00,2025-10-17 12:29:00,2025-10-17 12:35:00,17,6,1504,114,À l'heure
2747,AC1807,2025-10-17,AC,16,LHR,YUL,2025-10-17 10:25:00,,2025-10-17 17:26:00,,,,5215,,Annulé
2748,AC1681,2025-10-17,AC,1,YYZ,YUL,2025-10-17 12:00:00,2025-10-17 11:57:00,2025-10-17 13:14:00,2025-10-17 13:10:00,-3,-4,507,112,À l'heure
2749,AC209,2025-10-17,AC,10,YYC,YYZ,2025-10-17 13:35:00,2025-10-17 13:34:00,2025-10-17 17:31:00,2025-10-17 17:25:00,-1,-6,2689,136,À l'heure
2750,AC1126,2025-10-17,AC,1,YYZ,YVR,2025-10-17 14:25:00,2025-10-17 17:52:00,2025-10-17 19:01:00,2025-10-17 22:17:00,207,196,3346,90,Retardé
2751,DL1619,2025-10-17,DL,52,YVR,LAX,2025-10-17 16:00:00,2025-10-17 15:58:00,2025-10-17 18:45:00,2025-10-17 18:51:00,-2,6,1741,159,À l'heure
2752,AC1974,2025-10-17,AC,3,YUL,YQB,2025-10-17 16:50:00,2025-10-17 16:47:00,2025-10-17 17:41:00,2025-10-17 17:26:00,-3,-15,233,135,À l'heure
2753,WS675,2025-10-17,WS,17,YYC,YYZ,2025-10-17 21:45:00,2025-10-17 22:00:00,2025-10-18 01:48:00,2025-10-18 02:06:00,15,18,2689,152,Retardé
2754,AC1339,2025-10-18,AC,3,YOW,YYZ,2025-10-18 07:10:00,2025-10-18 07:09:00,2025-10-18 08:07:00,2025-10-18 07:55:00,-1,-12,363,130,À l'heure
2755,AC1665,2025-10-18,AC,3,YUL,YHZ,2025-10-18 07:35:00,2025-10-18 07:41:00,2025-10-18 09:08:00,2025-10-18 09:14:00,6,6,804,132,À l'heure
2756,WS1854,2025-10-18,WS,18,YEG,YYC,2025-10-18 07:50:00,2025-10-18 07:46:00,2025-10-18 08:37:00,2025-10-18 08:27:00,-4,-10,244,164,À l'heure
2757,AC612,2025-10-18,AC,6,YUL,JFK,2025-10-18 09:55:00,2025-10-18 09:52:00,2025-10-18 11:05:00,2025-10-18 10:58:00,-3,-7,537,141,À l'heure
2758,AC511,2025-10-18,AC,11,CDG,YUL,2025-10-18 10:40:00,2025-10-18 10:55:00,2025-10-18 18:06:00,2025-10-18 18:31:00,15,25,5523,260,Retardé
2759,AC423,2025-10-18,AC,3,CUN,YUL,2025-10-18 16:00:00,2025-10-18 16:00:00,2025-10-18 20:10:00,2025-10-18 20:11:00,0,1,2970,174,À l'heure
2760,AF442,2025-10-18,AF,55,YUL,CDG,2025-10-18 17:55:00,2025-10-18 17:59:00,2025-10-19 01:16:00,2025-10-19 01:13:00,4,-3,5523,282,À l'heure
2761,AC301,2025-10-18,AC,4,ORD,YUL,2025-10-18 18:40:00,2025-10-18 18:42:00,2025-10-18 20:38:00,2025-10-18 20:47:00,2,9,1201,189,À l'heure
2762,PD1489,2025-10-18,PD,27,YHZ,YUL,2025-10-18 21:40:00,2025-10-18 21:49:00,2025-10-18 23:18:00,2025-10-18 23:33:00,9,15,804,108,À l'heure
2763,UA785,2025-10-19,UA,45,YUL,ORD,2025-10-19 09:10:00,2025-10-19 13:03:00,2025-10-19 11:16:00,2025-10-19 15:01:00,233,225,1201,157,Retardé
2764,AC1229,2025-10-19,AC,2,YYC,YVR,2025-10-19 09:45:00,2025-10-19 09:59:00,2025-10-19 11:01:00,2025-10-19 11:02:00,14,1,687,87,À l'heure
2765,AC1402,2025-10-19,AC,4,YQB,YUL,2025-10-19 10:20:00,2025-10-19 10:33:00,2025-10-19 11:16:00,2025-10-19 11:16:00,13,0,233,123,À l'heure
2766,UA1440,2025-10-19,UA,43,ORD,YYZ,2025-10-19 10:35:00,2025-10-19 10:47:00,2025-10-19 11:58:00,2025-10-19 12:08:00,12,10,701,150,À l'heure
2767,PD914,2025-10-19,PD,28,YUL,YYZ,2025-10-19 11:30:00,2025-10-19 11:32:00,2025-10-19 12:42:00,2025-10-19 12:30:00,2,-12,507,118,À l'heure
2768,AC1308,2025-10-19,AC,2,YVR,YUL,2025-10-19 13:05:00,2025-10-19 13:01:00,2025-10-19 18:22:00,2025-10-19 18:24:00,-4,2,3682,125,À l'heure
2769,F81116,2025-10-19,F8,39,YWG,YYC,2025-10-19 13:20:00,2025-10-19 13:34:00,2025-10-19 15:12:00,2025-10-19 15:20:00,14,8,1191,162,À l'heure
2770,PD1033,2025-10-19,PD,28,YUL,YOW,2025-10-19 17:00:00,2025-10-19 17:01:00,2025-10-19 17:38:00,2025-10-19 17:39:00,1,1,151,102,À l'heure
2771,DL1921,2025-10-19,DL,50,JFK,YUL,2025-10-19 19:40:00,2025-10-19 19:45:00,2025-10-19 20:51:00,2025-10-19 21:02:00,5,11,537,117,À l'heure
2772,AC1653,2025-10-19,AC,7,LAX,YUL,2025-10-19 20:10:00,2025-10-19 20:10:00,2025-10-20 01:48:00,2025-10-20 01:39:00,0,-9,3973,143,À l'heure
2773,AC1429,2025-10-19,AC,5,YYZ,YOW,2025-10-19 20:25:00,2025-10-19 20:23:00,2025-10-19 21:20:00,2025-10-19 21:17:00,-2,-3,363,157,À l'heure
2774,WS438,2025-10-19,WS,17,YUL,CUN,2025-10-19 21:15:00,2025-10-19 21:23:00,2025-10-20 01:35:00,2025-10-20 01:40:00,8,5,2970,157,À l'heure
2775,AC508,2025-10-20,AC,15,LHR,YYZ,2025-10-20 08:00:00,2025-10-20 08:10:00,2025-10-20 15:48:00,2025-10-20 15:59:00,10,11,5707,289,À l'heure
2776,F8583,2025-10-20,F8,42,YVR,YYC,2025-10-20 08:40:00,2025-10-20 08:41:00,2025-10-20 09:59:00,2025-10-20 10:01:00,1,2,687,162,À l'heure
2777,AC975,2025-10-20,AC,6,YHZ,YYZ,2025-10-20 13:35:00,2025-10-20 13:36:00,2025-10-20 15:38:00,2025-10-20 15:28:00,1,-10,1288,162,À l'heure
2778,F81161,2025-10-20,F8,40,YUL,YVR,2025-10-20 15:30:00,2025-10-20 15:37:00,2025-10-20 20:43:00,2025-10-20 20:37:00,7,-6,3682,152,À l'heure
2779,PD1949,2025-10-20,PD,29,YYZ,YUL,2025-10-20 17:05:00,2025-10-20 17:05:00,2025-10-20 18:23:00,2025-10-20 18:25:00,0,2,507,73,À l'heure
2780,WS563,2025-10-20,WS,17,YVR,YYZ,2025-10-20 20:40:00,2025-10-20 20:41:00,2025-10-21 01:24:00,2025-10-21 01:12:00,1,-12,3346,137,À l'heure
2781,F8472,2025-10-21,F8,39,YYC,YVR,2025-10-21 07:30:00,2025-10-21 07:32:00,2025-10-21 08:44:00,2025-10-21 08:41:00,2,-3,687,164,À l'heure
2782,WS643,2025-10-21,WS,18,YVR,YUL,2025-10-21 10:20:00,2025-10-21 10:18:00,2025-10-21 15:24:00,2025-10-21 15:26:00,-2,2,3682,119,À l'heure
2783,AC1225,2025-10-21,AC,3,YYZ,YVR,2025-10-21 11:05:00,2025-10-21 11:03:00,2025-10-21 15:53:00,2025-10-21 15:50:00,-2,-3,3346,125,À l'heure
2784,AF795,2025-10-21,AF,55,CDG,YUL,2025-10-21 12:55:00,2025-10-21 13:03:00,2025-10-21 20:25:00,2025-10-21 20:37:00,8,12,5523,290,À l'heure
2785,AC992,2025-10-21,AC,1,YYZ,YYC,2025-10-21 15:50:00,2025-10-21 15:51:00,2025-10-21 19:37:00,2025-10-21 19:25:00,1,-12,2689,113,À l'heure
2786,WS1236,2025-10-21,WS,19,CUN,YUL,2025-10-21 16:40:00,2025-10-21 16:40:00,2025-10-21 21:01:00,2025-10-21 21:06:00,0,5,2970,109,À l'heure
2787,WS489,2025-10-21,WS,18,YYZ,YUL,2025-10-21 19:15:00,2025-10-21 19:22:00,2025-10-21 20:20:00,2025-10-21 20:31:00,7,11,507,167,À l'heure
2788,DL328,2025-10-21,DL,50,JFK,YUL,2025-10-21 20:15:00,2025-10-21 20:21:00,2025-10-21 21:33:00,2025-10-21 21:45:00,6,12,537,107,À l'heure
2789,AC1992,2025-10-22,AC,6,YYZ,YHZ,2025-10-22 06:40:00,2025-10-22 06:46:00,2025-10-22 08:51:00,2025-10-22 08:51:00,6,0,1288,145,À l'heure
2790,UA1745,2025-10-22,UA,43,YUL,ORD,2025-10-22 20:20:00,2025-10-22 20:45:00,2025-10-22 22:22:00,2025-10-22 22:57:00,25,35,1201,112,Retardé
2791,AC195,2025-10-22,AC,10,YVR,YUL,2025-10-22 20:25:00,2025-10-22 20:25:00,2025-10-23 01:44:00,2025-10-23 01:32:00,0,-12,3682,110,À l'heure
2792,WS272,2025-10-23,WS,19,YYC,YVR,2025-10-23 07:45:00,2025-10-23 08:02:00,2025-10-23 09:05:00,2025-10-23 09:13:00,17,8,687,131,À l'heure
2793,AC1501,2025-10-23,AC,5,YYZ,YUL,2025-10-23 13:05:00,2025-10-23 13:02:00,2025-10-23 14:21:00,2025-10-23 14:05:00,-3,-16,507,135,À l'heure
2794,WS1256,2025-10-23,WS,17,YYZ,YVR,2025-10-23 14:25:00,2025-10-23 14:29:00,2025-10-23 19:11:00,2025-10-23 19:09:00,4,-2,3346,160,À l'heure
2795,TS1972,2025-10-23,TS,37,CDG,YUL,2025-10-23 14:30:00,2025-10-23 14:30:00,2025-10-23 22:03:00,2025-10-23 22:13:00,0,10,5523,217,À l'heure
2796,PD1292,2025-10-23,PD,28,YUL,YQB,2025-10-23 15:00:00,2025-10-23 15:06:00,2025-10-23 15:41:00,2025-10-23 15:46:00,6,5,233,127,À l'heure
2797,WS405,2025-10-23,WS,19,YUL,YYZ,2025-10-23 15:35:00,2025-10-23 15:34:00,2025-10-23 16:39:00,2025-10-23 16:39:00,-1,0,507,166,À l'heure
2798,PD1919,2025-10-23,PD,27,YUL,YOW,2025-10-23 15:35:00,2025-10-23 15:32:00,2025-10-23 16:22:00,2025-10-23 16:22:00,-3,0,151,106,À l'heure
2799,AF1110,2025-10-23,AF,59,YUL,CDG,2025-10-23 21:55:00,2025-10-23 22:18:00,2025-10-24 05:16:00,2025-10-24 05:25:00,23,9,5523,249,À l'heure
2800,AC952,2025-10-24,AC,8,YUL,LAX,2025-10-24 08:25:00,2025-10-24 08:31:00,2025-10-24 13:48:00,2025-10-24 13:55:00,6,7,3973,127,À l'heure
2801,PD146,2025-10-24,PD,27,YOW,YUL,2025-10-24 13:50:00,2025-10-24 14:15:00,2025-10-24 14:34:00,2025-10-24 14:51:00,25,17,151,124,Retardé
2802,AC1216,2025-10-24,AC,12,YUL,LHR,2025-10-24 18:00:00,2025-10-24 18:04:00,2025-10-25 01:03:00,2025-10-25 00:56:00,4,-7,5215,256,À l'heure
2803,AC1775,2025-10-24,AC,12,YYZ,LHR,2025-10-24 18:00:00,2025-10-24 18:18:00,2025-10-25 01:42:00,2025-10-25 02:10:00,18,28,5707,282,Retardé
2804,DL124,2025-10-24,DL,50,LAX,YVR,2025-10-24 18:25:00,2025-10-24 18:35:00,2025-10-24 21:13:00,2025-10-24 21:19:00,10,6,1741,94,À l'heure
2805,WS1086,2025-10-24,WS,19,CUN,YUL,2025-10-24 18:45:00,2025-10-24 20:50:00,2025-10-24 23:04:00,2025-10-25 00:59:00,125,115,2970,141,Retardé
2806,PD165,2025-10-24,PD,25,YUL,YHZ,2025-10-24 20:25:00,2025-10-24 20:33:00,2025-10-24 21:48:00,2025-10-24 21:58:00,8,10,804,111,À l'heure
2807,AC1228,2025-10-24,AC,7,YVR,YEG,2025-10-24 21:35:00,2025-10-24 22:48:00,2025-10-24 23:06:00,2025-10-25 00:28:00,73,82,809,108,Retardé
2808,WS336,2025-10-25,WS,19,YVR,YUL,2025-10-25 08:40:00,2025-10-25 08:39:00,2025-10-25 13:56:00,2025-10-25 13:57:00,-1,1,3682,140,À l'heure
2809,WS1572,2025-10-25,WS,17,YYZ,YWG,2025-10-25 08:45:00,2025-10-25 08:46:00,2025-10-25 11:07:00,2025-10-25 11:05:00,1,-2,1504,170,À l'heure
2810,AC1408,2025-10-25,AC,2,YYC,YUL,2025-10-25 11:45:00,2025-10-25 11:44:00,2025-10-25 15:56:00,2025-10-25 15:50:00,-1,-6,3005,113,À l'heure
2811,WS1347,2025-10-25,WS,20,YYC,YWG,2025-10-25 12:35:00,2025-10-25 13:03:00,2025-10-25 14:41:00,2025-10-25 15:16:00,28,35,1191,118,Retardé
2812,UA1017,2025-10-25,UA,48,ORD,YUL,2025-10-25 13:55:00,2025-10-25 13:57:00,2025-10-25 15:48:00,2025-10-25 15:49:00,2,1,1201,109,À l'heure
2813,AC118,2025-10-25,AC,10,YYZ,YOW,2025-10-25 14:05:00,2025-10-25 14:00:00,2025-10-25 14:56:00,2025-10-25 14:51:00,-5,-5,363,112,À l'heure
2814,AC648,2025-10-25,AC,10,YVR,YYZ,2025-10-25 15:25:00,2025-10-25 15:38:00,2025-10-25 20:19:00,2025-10-25 20:18:00,13,-1,3346,166,À l'heure
2815,AC1346,2025-10-25,AC,15,LHR,YYZ,2025-10-25 17:45:00,2025-10-25 18:00:00,2025-10-26 01:33:00,2025-10-26 01:52:00,15,19,5707,236,Retardé
2816,AC1106,2025-10-25,AC,10,YEG,YVR,2025-10-25 19:45:00,2025-10-25 19:45:00,2025-10-25 21:13:00,2025-10-25 21:08:00,0,-5,809,156,À l'heure
2817,WS1242,2025-10-25,WS,20,YYC,YYZ,2025-10-25 20:00:00,2025-10-25 20:06:00,2025-10-25 23:54:00,2025-10-26 00:05:00,6,11,2689,118,À l'heure
2818,UA541,2025-10-25,UA,43,YYZ,ORD,2025-10-25 20:25:00,2025-10-25 20:36:00,2025-10-25 21:49:00,2025-10-25 22:00:00,11,11,701,121,À l'heure
2819,AC308,2025-10-25,AC,6,YHZ,YYZ,2025-10-25 20:45:00,2025-10-25 20:43:00,2025-10-25 23:01:00,2025-10-25 23:08:00,-2,7,1288,142,À l'heure
2820,AC114,2025-10-25,AC,5,YWG,YYZ,2025-10-25 21:10:00,2025-10-25 21:40:00,2025-10-25 23:44:00,2025-10-26 00:14:00,30,30,1504,179,Retardé
2821,AC606,2025-10-25,AC,1,YYZ,YUL,2025-10-25 21:25:00,2025-10-25 21:25:00,2025-10-25 22:33:00,2025-10-25 22:19:00,0,-14,507,93,À l'heure
2822,WS1833,2025-10-26,WS,17,YYC,YYZ,2025-10-26 09:25:00,2025-10-26 09:21:00,2025-10-26 13:27:00,2025-10-26 13:33:00,-4,6,2689,124,À l'heure
2823,WS582,2025-10-26,WS,18,YUL,YVR,2025-10-26 11:00:00,2025-10-26 10:57:00,2025-10-26 16:16:00,2025-10-26 16:23:00,-3,7,3682,134,À l'heure
2824,AC1509,2025-10-26,AC,6,YUL,YYZ,2025-10-26 11:50:00,2025-10-26 12:05:00,2025-10-26 12:55:00,2025-10-26 13:17:00,15,22,507,121,Retardé
2825,PD1344,2025-10-26,PD,27,YHZ,YUL,2025-10-26 14:10:00,2025-10-26 14:13:00,2025-10-26 15:33:00,2025-10-26 15:26:00,3,-7,804,123,À l'heure
2826,AF640,2025-10-26,AF,59,CDG,YUL,2025-10-26 15:00:00,2025-10-26 15:02:00,2025-10-26 22:39:00,2025-10-26 22:46:00,2,7,5523,206,À l'heure
2827,WS1337,2025-10-26,WS,19,YYC,YEG,2025-10-26 17:40:00,2025-10-26 17:43:00,2025-10-26 18:31:00,2025-10-26 18:32:00,3,1,244,122,À l'heure
2828,AC1074,2025-10-26,AC,4,YUL,YVR,2025-10-26 19:10:00,2025-10-26 19:39:00,2025-10-27 00:23:00,2025-10-27 00:44:00,29,21,3682,138,Retardé
2829,WS733,2025-10-26,WS,17,YEG,YYC,2025-10-26 19:40:00,2025-10-26 19:45:00,2025-10-26 20:25:00,2025-10-26 20:27:00,5,2,244,109,À l'heure
2830,AC496,2025-10-26,AC,14,LHR,YUL,2025-10-26 20:35:00,2025-10-26 20:58:00,2025-10-27 03:44:00,2025-10-27 04:17:00,23,33,5215,237,Retardé
2831,AC814,2025-10-27,AC,7,YYZ,YVR,2025-10-27 10:20:00,2025-10-27 10:27:00,2025-10-27 15:12:00,2025-10-27 15:29:00,7,17,3346,153,Retardé
2832,TS252,2025-10-27,TS,32,YUL,CUN,2025-10-27 10:50:00,2025-10-27 13:22:00,2025-10-27 15:12:00,2025-10-27 17:45:00,152,153,2970,174,Retardé
2833,AC1878,2025-10-27,AC,4,YQB,YUL,2025-10-27 12:05:00,2025-10-27 12:17:00,2025-10-27 12:45:00,2025-10-27 12:52:00,12,7,233,158,À l'heure
2834,PD1906,2025-10-27,PD,29,YYZ,YUL,2025-10-27 13:10:00,2025-10-27 13:08:00,2025-10-27 14:12:00,2025-10-27 13:56:00,-2,-16,507,59,À l'heure
2835,AC221,2025-10-27,AC,8,YYC,YVR,2025-10-27 13:25:00,2025-10-27 13:30:00,2025-10-27 14:42:00,2025-10-27 14:53:00,5,11,687,109,À l'heure
2836,DL1459,2025-10-27,DL,51,YVR,LAX,2025-10-27 16:00:00,2025-10-27 15:57:00,2025-10-27 18:40:00,2025-10-27 18:35:00,-3,-5,1741,89,À l'heure
2837,PD255,2025-10-27,PD,25,YOW,YYZ,2025-10-27 17:05:00,2025-10-27 17:08:00,2025-10-27 18:11:00,2025-10-27 18:06:00,3,-5,363,103,À l'heure
2838,AF284,2025-10-27,AF,57,YUL,CDG,2025-10-27 18:20:00,2025-10-27 18:59:00,2025-10-28 01:57:00,2025-10-28 02:39:00,39,42,5523,244,Retardé
2839,AC1645,2025-10-27,AC,4,LAX,YUL,2025-10-27 18:50:00,2025-10-27 18:49:00,2025-10-28 00:16:00,2025-10-28 00:14:00,-1,-2,3973,122,À l'heure
2840,WS557,2025-10-27,WS,17,YWG,YYC,2025-10-27 20:10:00,2025-10-27 20:15:00,2025-10-27 22:12:00,2025-10-27 22:26:00,5,14,1191,132,À l'heure
2841,UA1879,2025-10-27,UA,48,ORD,YYZ,2025-10-27 20:20:00,2025-10-27 20:22:00,2025-10-27 21:44:00,2025-10-27 21:52:00,2,8,701,161,À l'heure
2842,AC1861,2025-10-27,AC,6,YUL,CUN,2025-10-27 21:05:00,2025-10-27 21:04:00,2025-10-28 01:21:00,2025-10-28 01:14:00,-1,-7,2970,180,À l'heure
2843,AC641,2025-10-27,AC,3,YYZ,YUL,2025-10-27 21:45:00,2025-10-27 22:08:00,2025-10-27 22:47:00,2025-10-27 23:05:00,23,18,507,177,Retardé
2844,WS1544,2025-10-28,WS,18,YUL,YYC,2025-10-28 07:45:00,2025-10-28 07:42:00,2025-10-28 11:57:00,2025-10-28 11:53:00,-3,-4,3005,146,À l'heure
2845,AC923,2025-10-28,AC,5,YOW,YYZ,2025-10-28 08:30:00,2025-10-28 08:28:00,2025-10-28 09:29:00,2025-10-28 09:30:00,-2,1,363,185,À l'heure
2846,PD512,2025-10-28,PD,30,YYZ,YOW,2025-10-28 09:00:00,2025-10-28 08:56:00,2025-10-28 09:57:00,2025-10-28 09:39:00,-4,-18,363,64,À l'heure
2847,WS154,2025-10-28,WS,20,YVR,YYZ,2025-10-28 11:45:00,,2025-10-28 16:39:00,,,,3346,,Annulé
2848,AC222,2025-10-28,AC,1,YYZ,YYC,2025-10-28 12:40:00,2025-10-28 12:51:00,2025-10-28 16:38:00,2025-10-28 16:48:00,11,10,2689,122,À l'heure
2849,AC1126,2025-10-28,AC,4,CUN,YUL,2025-10-28 14:45:00,2025-10-28 14:42:00,2025-10-28 18:59:00,2025-10-28 19:06:00,-3,7,2970,162,À l'heure
2850,WS1241,2025-10-28,WS,20,YVR,YYC,2025-10-28 15:55:00,2025-10-28 15:58:00,2025-10-28 17:14:00,2025-10-28 17:27:00,3,13,687,159,À l'heure
2851,AC937,2025-10-28,AC,2,JFK,YUL,2025-10-28 18:45:00,2025-10-28 19:05:00,2025-10-28 20:01:00,2025-10-28 20:15:00,20,14,537,104,À l'heure
2852,PD682,2025-10-28,PD,31,YUL,YYZ,2025-10-28 20:15:00,2025-10-28 20:16:00,2025-10-28 21:31:00,2025-10-28 21:35:00,1,4,507,74,À l'heure
2853,PD1163,2025-10-28,PD,29,YUL,YYZ,2025-10-28 20:20:00,2025-10-28 20:17:00,2025-10-28 21:23:00,2025-10-28 21:23:00,-3,0,507,73,À l'heure
2854,AC695,2025-10-28,AC,7,YUL,JFK,2025-10-28 21:25:00,2025-10-28 21:35:00,2025-10-28 22:37:00,2025-10-28 22:57:00,10,20,537,146,Retardé
2855,WS1874,2025-10-29,WS,18,YYZ,YYC,2025-10-29 06:25:00,2025-10-29 06:28:00,2025-10-29 10:17:00,2025-10-29 10:10:00,3,-7,2689,136,À l'heure
2856,F8447,2025-10-29,F8,39,YUL,YVR,2025-10-29 09:40:00,2025-10-29 09:52:00,2025-10-29 14:44:00,2025-10-29 15:04:00,12,20,3682,115,Retardé
2857,WS972,2025-10-29,WS,17,YYZ,YUL,2025-10-29 09:55:00,2025-10-29 09:56:00,2025-10-29 11:13:00,2025-10-29 11:24:00,1,11,507,152,À l'heure
2858,AC1953,2025-10-29,AC,9,YUL,ORD,2025-10-29 12:10:00,2025-10-29 12:08:00,2025-10-29 14:17:00,2025-10-29 14:13:00,-2,-4,1201,123,À l'heure
2859,UA1444,2025-10-29,UA,45,YYZ,ORD,2025-10-29 13:45:00,2025-10-29 14:19:00,2025-10-29 15:12:00,2025-10-29 15:36:00,34,24,701,156,Retardé
2860,AC1313,2025-10-29,AC,8,YEG,YVR,2025-10-29 20:15:00,2025-10-29 20:12:00,2025-10-29 21:41:00,2025-10-29 21:32:00,-3,-9,809,152,À l'heure
2861,AC1463,2025-10-29,AC,8,LAX,YUL,2025-10-29 20:25:00,2025-10-29 20:24:00,2025-10-30 02:00:00,2025-10-30 01:52:00,-1,-8,3973,143,À l'heure
2862,PD191,2025-10-30,PD,27,YYZ,YOW,2025-10-30 07:05:00,2025-10-30 08:23:00,2025-10-30 08:06:00,2025-10-30 09:14:00,78,68,363,90,Retardé
2863,WS183,2025-10-30,WS,18,YVR,YYC,2025-10-30 08:45:00,2025-10-30 08:44:00,2025-10-30 10:00:00,2025-10-30 09:53:00,-1,-7,687,152,À l'heure
2864,AC579,2025-10-30,AC,7,YVR,LAX,2025-10-30 09:00:00,2025-10-30 12:02:00,2025-10-30 11:42:00,2025-10-30 14:49:00,182,187,1741,114,Retardé
2865,PD924,2025-10-30,PD,28,YYZ,YOW,2025-10-30 13:45:00,2025-10-30 13:46:00,2025-10-30 14:40:00,2025-10-30 14:40:00,1,0,363,108,À l'heure
2866,AC1084,2025-10-30,AC,10,YUL,JFK,2025-10-30 14:45:00,2025-10-30 14:58:00,2025-10-30 16:01:00,2025-10-30 16:04:00,13,3,537,130,À l'heure
2867,F81824,2025-10-30,F8,39,YYC,YVR,2025-10-30 18:20:00,2025-10-30 18:15:00,2025-10-30 19:49:00,2025-10-30 19:47:00,-5,-2,687,125,À l'heure
2868,F8108,2025-10-31,F8,42,YVR,YYZ,2025-10-31 06:25:00,2025-10-31 06:27:00,2025-10-31 11:18:00,2025-10-31 11:29:00,2,11,3346,146,À l'heure
2869,F8624,2025-10-31,F8,42,YYC,YWG,2025-10-31 07:00:00,2025-10-31 06:56:00,2025-10-31 09:03:00,2025-10-31 08:53:00,-4,-10,1191,131,À l'heure
2870,AC610,2025-10-31,AC,12,LHR,YYZ,2025-10-31 10:40:00,2025-10-31 10:41:00,2025-10-31 18:23:00,2025-10-31 18:29:00,1,6,5707,196,À l'heure
2871,AC166,2025-10-31,AC,10,YHZ,YYZ,2025-10-31 12:25:00,2025-10-31 12:26:00,2025-10-31 14:29:00,2025-10-31 14:28:00,1,-1,1288,116,À l'heure
2872,WS1740,2025-10-31,WS,17,YYZ,YVR,2025-10-31 13:05:00,2025-10-31 13:17:00,2025-10-31 17:48:00,2025-10-31 17:47:00,12,-1,3346,135,À l'heure
2873,AC1274,2025-10-31,AC,6,YVR,YEG,2025-10-31 13:05:00,2025-10-31 13:09:00,2025-10-31 14:30:00,2025-10-31 14:31:00,4,1,809,168,À l'heure
2874,AC511,2025-10-31,AC,4,YYC,YYZ,2025-10-31 15:40:00,2025-10-31 15:45:00,2025-10-31 19:31:00,2025-10-31 19:36:00,5,5,2689,134,À l'heure
2875,PD283,2025-10-31,PD,27,YUL,YOW,2025-10-31 16:20:00,2025-10-31 16:21:00,2025-10-31 16:56:00,2025-10-31 16:48:00,1,-8,151,96,À l'heure
2876,AC604,2025-10-31,AC,11,YUL,LHR,2025-10-31 17:20:00,2025-10-31 17:25:00,2025-11-01 00:20:00,2025-11-01 00:28:00,5,8,5215,215,À l'heure
2877,AC776,2025-10-31,AC,7,YHZ,YUL,2025-10-31 18:35:00,2025-10-31 18:45:00,2025-10-31 20:13:00,2025-10-31 20:19:00,10,6,804,109,À l'heure
2878,WS1189,2025-10-31,WS,17,YEG,YYC,2025-10-31 20:15:00,2025-10-31 20:10:00,2025-10-31 21:10:00,2025-10-31 21:12:00,-5,2,244,157,À l'heure
2879,AC1784,2025-11-01,AC,3,YUL,YHZ,2025-11-01 06:50:00,2025-11-01 07:03:00,2025-11-01 08:15:00,2025-11-01 08:29:00,13,14,804,141,À l'heure
2880,DL522,2025-11-01,DL,52,JFK,YUL,2025-11-01 07:10:00,2025-11-01 07:15:00,2025-11-01 08:17:00,2025-11-01 08:19:00,5,2,537,166,À l'heure
2881,DL1717,2025-11-01,DL,50,YUL,JFK,2025-11-01 08:25:00,2025-11-01 08:20:00,2025-11-01 09:45:00,2025-11-01 09:37:00,-5,-8,537,112,À l'heure
2882,AF578,2025-11-01,AF,56,CDG,YUL,2025-11-01 09:35:00,2025-11-01 09:36:00,2025-11-01 17:06:00,2025-11-01 16:57:00,1,-9,5523,268,À l'heure
2883,PD1512,2025-11-01,PD,25,YUL,YYZ,2025-11-01 14:00:00,,2025-11-01 15:14:00,,,,507,,Annulé
2884,F81080,2025-11-01,F8,39,YVR,YUL,2025-11-01 19:15:00,2025-11-01 19:12:00,2025-11-02 00:16:00,2025-11-02 00:11:00,-3,-5,3682,127,À l'heure
2885,AC1105,2025-11-01,AC,8,CUN,YUL,2025-11-01 21:40:00,2025-11-01 21:58:00,2025-11-02 02:02:00,2025-11-02 02:28:00,18,26,2970,144,Retardé
2886,PD1753,2025-11-02,PD,28,YOW,YYZ,2025-11-02 11:10:00,2025-11-02 11:19:00,2025-11-02 12:17:00,2025-11-02 12:29:00,9,12,363,82,À l'heure
2887,AC312,2025-11-02,AC,3,YYC,YUL,2025-11-02 11:25:00,2025-11-02 11:27:00,2025-11-02 15:40:00,2025-11-02 15:32:00,2,-8,3005,165,À l'heure
2888,PD319,2025-11-02,PD,29,YOW,YUL,2025-11-02 13:45:00,2025-11-02 13:46:00,2025-11-02 14:20:00,2025-11-02 14:16:00,1,-4,151,75,À l'heure
2889,AC1542,2025-11-02,AC,5,YUL,YVR,2025-11-02 14:10:00,2025-11-02 14:31:00,2025-11-02 19:25:00,2025-11-02 19:38:00,21,13,3682,157,À l'heure
2890,WS990,2025-11-02,WS,17,CUN,YUL,2025-11-02 15:05:00,2025-11-02 15:12:00,2025-11-02 19:18:00,2025-11-02 19:14:00,7,-4,2970,135,À l'heure
2891,WS1952,2025-11-02,WS,18,YVR,YYZ,2025-11-02 16:45:00,2025-11-02 16:54:00,2025-11-02 21:25:00,2025-11-02 21:34:00,9,9,3346,141,À l'heure
2892,DL1012,2025-11-02,DL,51,LAX,YVR,2025-11-02 17:00:00,2025-11-02 17:00:00,2025-11-02 19:40:00,2025-11-02 19:26:00,0,-14,1741,119,À l'heure
2893,F8449,2025-11-02,F8,41,YYC,YYZ,2025-11-02 19:25:00,2025-11-02 19:25:00,2025-11-02 23:15:00,2025-11-02 23:20:00,0,5,2689,111,À l'heure
2894,UA1362,2025-11-02,UA,47,ORD,YYZ,2025-11-02 19:25:00,2025-11-02 19:39:00,2025-11-02 20:41:00,2025-11-02 20:48:00,14,7,701,141,À l'heure
2895,PD1231,2025-11-02,PD,27,YUL,YYZ,2025-11-02 19:50:00,2025-11-02 19:50:00,2025-11-02 21:06:00,2025-11-02 21:07:00,0,1,507,120,À l'heure
2896,WS1041,2025-11-02,WS,18,YYZ,YYC,2025-11-02 20:10:00,2025-11-02 20:30:00,2025-11-03 00:04:00,2025-11-03 00:16:00,20,12,2689,166,À l'heure
2897,AC173,2025-11-02,AC,1,YUL,CUN,2025-11-02 20:40:00,2025-11-02 20:46:00,2025-11-03 00:56:00,2025-11-03 01:10:00,6,14,2970,101,À l'heure
2898,WS1148,2025-11-03,WS,19,YYZ,YVR,2025-11-03 06:05:00,2025-11-03 06:04:00,2025-11-03 10:57:00,2025-11-03 10:44:00,-1,-13,3346,169,À l'heure
2899,UA910,2025-11-03,UA,45,ORD,YUL,2025-11-03 08:15:00,2025-11-03 08:31:00,2025-11-03 10:20:00,2025-11-03 10:29:00,16,9,1201,126,À l'heure
2900,AC1279,2025-11-03,AC,11,LHR,YUL,2025-11-03 09:15:00,2025-11-03 09:11:00,2025-11-03 16:26:00,2025-11-03 16:28:00,-4,2,5215,205,À l'heure
2901,AC1239,2025-11-03,AC,9,YYZ,YUL,2025-11-03 09:30:00,2025-11-03 09:42:00,2025-11-03 10:34:00,2025-11-03 10:45:00,12,11,507,127,À l'heure
2902,PD919,2025-11-03,PD,26,YUL,YYZ,2025-11-03 10:00:00,2025-11-03 09:59:00,2025-11-03 11:14:00,2025-11-03 11:05:00,-1,-9,507,124,À l'heure
2903,WS183,2025-11-03,WS,18,YYZ,YWG,2025-11-03 10:30:00,2025-11-03 10:43:00,2025-11-03 12:59:00,2025-11-03 13:22:00,13,23,1504,160,Retardé
2904,WS1382,2025-11-03,WS,17,YYZ,YUL,2025-11-03 12:15:00,2025-11-03 12:18:00,2025-11-03 13:33:00,2025-11-03 13:22:00,3,-11,507,160,À l'heure
2905,TS1811,2025-11-03,TS,34,YUL,CUN,2025-11-03 14:00:00,2025-11-03 13:59:00,2025-11-03 18:14:00,2025-11-03 18:15:00,-1,1,2970,136,À l'heure
2906,F8370,2025-11-03,F8,41,YVR,YUL,2025-11-03 15:20:00,2025-11-03 15:46:00,2025-11-03 20:21:00,2025-11-03 20:35:00,26,14,3682,108,À l'heure
2907,AC373,2025-11-03,AC,5,YUL,YYC,2025-11-03 15:25:00,2025-11-03 15:27:00,2025-11-03 19:37:00,2025-11-03 19:35:00,2,-2,3005,160,À l'heure
2908,AC561,2025-11-03,AC,5,YVR,YYC,2025-11-03 16:30:00,2025-11-03 16:26:00,2025-11-03 18:00:00,2025-11-03 17:50:00,-4,-10,687,184,À l'heure
2909,TS1353,2025-11-03,TS,36,YUL,CDG,2025-11-03 18:35:00,2025-11-03 18:46:00,2025-11-04 02:01:00,2025-11-04 02:14:00,11,13,5523,258,À l'heure
2910,WS1964,2025-11-03,WS,17,YYC,YVR,2025-11-03 19:00:00,2025-11-03 19:01:00,2025-11-03 20:24:00,2025-11-03 20:22:00,1,-2,687,126,À l'heure
2911,AC925,2025-11-03,AC,7,YOW,YYZ,2025-11-03 21:10:00,2025-11-03 21:20:00,2025-11-03 22:15:00,2025-11-03 22:27:00,10,12,363,136,À l'heure
2912,AC1759,2025-11-03,AC,16,YYZ,LHR,2025-11-03 21:50:00,2025-11-03 22:02:00,2025-11-04 05:26:00,2025-11-04 05:33:00,12,7,5707,222,À l'heure
2913,WS480,2025-11-04,WS,17,YWG,YYC,2025-11-04 07:00:00,2025-11-04 07:00:00,2025-11-04 09:03:00,2025-11-04 08:54:00,0,-9,1191,122,À l'heure
2914,AC735,2025-11-04,AC,1,YYZ,YUL,2025-11-04 08:40:00,2025-11-04 11:22:00,2025-11-04 09:58:00,2025-11-04 12:48:00,162,170,507,87,Retardé
2915,WS1134,2025-11-04,WS,17,YUL,YYZ,2025-11-04 09:30:00,2025-11-04 09:29:00,2025-11-04 10:39:00,2025-11-04 10:25:00,-1,-14,507,117,À l'heure
2916,AC166,2025-11-04,AC,2,YUL,LAX,2025-11-04 13:15:00,2025-11-04 13:18:00,2025-11-04 18:42:00,2025-11-04 18:38:00,3,-4,3973,109,À l'heure
2917,AC1629,2025-11-04,AC,9,YUL,YQB,2025-11-04 14:50:00,2025-11-04 14:45:00,2025-11-04 15:31:00,2025-11-04 15:22:00,-5,-9,233,157,À l'heure
2918,WS418,2025-11-04,WS,20,YWG,YYZ,2025-11-04 17:00:00,2025-11-04 17:22:00,2025-11-04 19:27:00,2025-11-04 19:53:00,22,26,1504,161,Retardé
2919,AC895,2025-11-04,AC,13,YUL,CDG,2025-11-04 17:25:00,2025-11-04 17:29:00,2025-11-05 01:03:00,2025-11-05 01:04:00,4,1,5523,272,À l'heure
2920,AF277,2025-11-04,AF,56,CDG,YUL,2025-11-04 18:15:00,2025-11-04 18:20:00,2025-11-05 01:54:00,2025-11-05 01:46:00,5,-8,5523,251,À l'heure
2921,AC1099,2025-11-04,AC,4,YQB,YUL,2025-11-04 18:25:00,2025-11-04 18:22:00,2025-11-04 19:19:00,2025-11-04 19:15:00,-3,-4,233,154,À l'heure
2922,WS852,2025-11-04,WS,17,YYC,YEG,2025-11-04 18:50:00,2025-11-04 19:12:00,2025-11-04 19:32:00,2025-11-04 19:57:00,22,25,244,167,Retardé
2923,AC1226,2025-11-04,AC,1,YYZ,YHZ,2025-11-04 21:25:00,2025-11-04 21:42:00,2025-11-04 23:24:00,2025-11-04 23:41:00,17,17,1288,113,Retardé
2924,AC822,2025-11-05,AC,16,LHR,YUL,2025-11-05 07:35:00,2025-11-05 07:42:00,2025-11-05 14:36:00,2025-11-05 14:33:00,7,-3,5215,263,À l'heure
2925,AC1309,2025-11-05,AC,5,YYZ,YWG,2025-11-05 10:00:00,2025-11-05 09:57:00,2025-11-05 12:21:00,2025-11-05 12:14:00,-3,-7,1504,138,À l'heure
2926,WS255,2025-11-05,WS,19,YVR,YUL,2025-11-05 12:35:00,2025-11-05 12:47:00,2025-11-05 17:48:00,2025-11-05 18:09:00,12,21,3682,135,Retardé
2927,AC436,2025-11-05,AC,10,YUL,JFK,2025-11-05 15:10:00,2025-11-05 15:20:00,2025-11-05 16:28:00,2025-11-05 16:29:00,10,1,537,146,À l'heure
2928,WS207,2025-11-05,WS,17,YUL,YYZ,2025-11-05 15:35:00,2025-11-05 15:59:00,2025-11-05 16:38:00,2025-11-05 17:05:00,24,27,507,158,Retardé
2929,WS511,2025-11-05,WS,20,YYZ,YUL,2025-11-05 16:20:00,2025-11-05 16:44:00,2025-11-05 17:33:00,2025-11-05 17:51:00,24,18,507,128,Retardé
2930,PD1032,2025-11-05,PD,25,YOW,YUL,2025-11-05 18:00:00,2025-11-05 18:07:00,2025-11-05 18:48:00,2025-11-05 18:47:00,7,-1,151,119,À l'heure
2931,F81084,2025-11-05,F8,39,YVR,YUL,2025-11-05 20:35:00,2025-11-05 20:33:00,2025-11-06 01:38:00,2025-11-06 01:39:00,-2,1,3682,156,À l'heure
2932,WS811,2025-11-05,WS,18,YEG,YVR,2025-11-05 20:40:00,2025-11-05 20:50:00,2025-11-05 22:19:00,2025-11-05 22:28:00,10,9,809,146,À l'heure
2933,WS909,2025-11-05,WS,18,YYC,YEG,2025-11-05 20:55:00,2025-11-05 21:01:00,2025-11-05 21:38:00,2025-11-05 21:45:00,6,7,244,140,À l'heure
2934,WS784,2025-11-05,WS,17,YYC,YUL,2025-11-05 21:10:00,2025-11-05 21:31:00,2025-11-06 01:32:00,2025-11-06 01:47:00,21,15,3005,133,À l'heure
2935,AC857,2025-11-05,AC,1,YWG,YYZ,2025-11-05 21:35:00,2025-11-05 21:32:00,2025-11-06 00:04:00,2025-11-05 23:50:00,-3,-14,1504,102,À l'heure
2936,AC1103,2025-11-06,AC,5,CUN,YUL,2025-11-06 08:10:00,2025-11-06 08:17:00,2025-11-06 12:31:00,2025-11-06 12:44:00,7,13,2970,177,À l'heure
2937,AC1161,2025-11-06,AC,7,YUL,YYC,2025-11-06 09:40:00,2025-11-06 09:48:00,2025-11-06 13:55:00,2025-11-06 13:56:00,8,1,3005,136,À l'heure
2938,WS1398,2025-11-06,WS,17,YUL,YYZ,2025-11-06 10:00:00,2025-11-06 09:59:00,2025-11-06 11:15:00,2025-11-06 11:11:00,-1,-4,507,123,À l'heure
2939,F81893,2025-11-06,F8,41,YYZ,YVR,2025-11-06 16:10:00,2025-11-06 16:18:00,2025-11-06 21:00:00,2025-11-06 21:16:00,8,16,3346,124,Retardé
2940,AC1547,2025-11-06,AC,4,YUL,YVR,2025-11-06 17:35:00,2025-11-06 17:37:00,2025-11-06 22:53:00,2025-11-06 22:46:00,2,-7,3682,131,À l'heure
2941,DL825,2025-11-06,DL,52,LAX,YVR,2025-11-06 17:55:00,2025-11-06 18:12:00,2025-11-06 20:46:00,2025-11-06 20:56:00,17,10,1741,164,À l'heure
2942,DL1078,2025-11-06,DL,54,YVR,LAX,2025-11-06 21:10:00,2025-11-06 21:11:00,2025-11-06 23:49:00,2025-11-06 23:51:00,1,2,1741,177,À l'heure
2943,AC1321,2025-11-07,AC,1,YUL,YYZ,2025-11-07 06:20:00,2025-11-07 06:25:00,2025-11-07 07:26:00,2025-11-07 07:39:00,5,13,507,111,À l'heure
2944,AC353,2025-11-07,AC,11,LHR,YYZ,2025-11-07 09:20:00,2025-11-07 09:23:00,2025-11-07 17:07:00,2025-11-07 16:59:00,3,-8,5707,285,À l'heure
2945,WS1474,2025-11-07,WS,17,YYZ,YYC,2025-11-07 10:10:00,2025-11-07 10:14:00,2025-11-07 14:11:00,2025-11-07 14:12:00,4,1,2689,149,À l'heure
2946,AC1536,2025-11-07,AC,1,YYZ,YOW,2025-11-07 10:55:00,2025-11-07 11:19:00,2025-11-07 12:01:00,2025-11-07 12:32:00,24,31,363,112,Retardé
2947,AC1153,2025-11-07,AC,2,YHZ,YYZ,2025-11-07 11:20:00,2025-11-07 11:18:00,2025-11-07 13:31:00,2025-11-07 13:35:00,-2,4,1288,105,À l'heure
2948,F81223,2025-11-07,F8,41,YUL,YVR,2025-11-07 12:40:00,2025-11-07 13:02:00,2025-11-07 17:50:00,2025-11-07 18:06:00,22,16,3682,170,Retardé
2949,WS238,2025-11-07,WS,17,YYZ,YVR,2025-11-07 13:30:00,2025-11-07 13:40:00,2025-11-07 18:18:00,2025-11-07 18:29:00,10,11,3346,127,À l'heure
2950,AC757,2025-11-07,AC,10,YYC,YVR,2025-11-07 14:25:00,2025-11-07 14:21:00,2025-11-07 15:47:00,2025-11-07 15:51:00,-4,4,687,126,À l'heure
2951,AC510,2025-11-07,AC,16,YYZ,LHR,2025-11-07 19:40:00,2025-11-07 19:50:00,2025-11-08 03:28:00,2025-11-08 03:38:00,10,10,5707,240,À l'heure
2952,WS1616,2025-11-07,WS,18,YWG,YYC,2025-11-07 20:55:00,2025-11-07 21:15:00,2025-11-07 23:03:00,2025-11-07 23:22:00,20,19,1191,112,Retardé
2953,UA1178,2025-11-08,UA,46,ORD,YYZ,2025-11-08 06:00:00,2025-11-08 06:01:00,2025-11-08 07:20:00,2025-11-08 07:08:00,1,-12,701,145,À l'heure
2954,PD756,2025-11-08,PD,29,YUL,YYZ,2025-11-08 06:20:00,2025-11-08 06:19:00,2025-11-08 07:31:00,2025-11-08 07:30:00,-1,-1,507,75,À l'heure
2955,UA973,2025-11-08,UA,49,YYZ,ORD,2025-11-08 08:30:00,2025-11-08 08:29:00,2025-11-08 09:56:00,2025-11-08 10:01:00,-1,5,701,116,À l'heure
2956,TS1036,2025-11-08,TS,36,CDG,YUL,2025-11-08 10:50:00,2025-11-08 10:46:00,2025-11-08 18:28:00,2025-11-08 18:11:00,-4,-17,5523,187,À l'heure
2957,AC552,2025-11-08,AC,9,YUL,LAX,2025-11-08 10:55:00,2025-11-08 11:32:00,2025-11-08 16:20:00,2025-11-08 17:00:00,37,40,3973,129,Retardé
2958,F81277,2025-11-08,F8,40,YYC,YYZ,2025-11-08 16:45:00,2025-11-08 16:54:00,2025-11-08 20:43:00,2025-11-08 20:50:00,9,7,2689,113,À l'heure
2959,WS1406,2025-11-08,WS,18,YYZ,YHZ,2025-11-08 17:10:00,2025-11-08 17:30:00,2025-11-08 19:10:00,2025-11-08 19:28:00,20,18,1288,165,Retardé
2960,AC1102,2025-11-08,AC,6,YUL,JFK,2025-11-08 17:20:00,2025-11-08 17:20:00,2025-11-08 18:39:00,2025-11-08 18:47:00,0,8,537,158,À l'heure
2961,TS1433,2025-11-08,TS,36,YUL,CDG,2025-11-08 19:15:00,2025-11-08 19:15:00,2025-11-09 02:54:00,2025-11-09 03:00:00,0,6,5523,212,À l'heure
2962,AC326,2025-11-08,AC,5,LAX,YUL,2025-11-08 21:25:00,2025-11-08 21:28:00,2025-11-09 02:59:00,2025-11-09 02:58:00,3,-1,3973,157,À l'heure
2963,F81469,2025-11-09,F8,42,YVR,YYC,2025-11-09 06:25:00,2025-11-09 06:20:00,2025-11-09 07:40:00,2025-11-09 07:34:00,-5,-6,687,135,À l'heure
2964,WS1580,2025-11-09,WS,17,YYZ,YUL,2025-11-09 07:10:00,2025-11-09 07:11:00,2025-11-09 08:16:00,2025-11-09 08:10:00,1,-6,507,145,À l'heure
2965,AC522,2025-11-09,AC,8,YUL,ORD,2025-11-09 08:45:00,2025-11-09 08:46:00,2025-11-09 10:38:00,2025-11-09 10:46:00,1,8,1201,158,À l'heure
2966,PD418,2025-11-09,PD,26,YOW,YYZ,2025-11-09 16:55:00,2025-11-09 17:12:00,2025-11-09 17:55:00,2025-11-09 17:59:00,17,4,363,123,À l'heure
2967,AC1420,2025-11-09,AC,8,YUL,YHZ,2025-11-09 17:05:00,2025-11-09 17:26:00,2025-11-09 18:37:00,2025-11-09 18:52:00,21,15,804,148,À l'heure
2968,UA307,2025-11-09,UA,45,ORD,YUL,2025-11-09 17:45:00,2025-11-09 17:50:00,2025-11-09 19:49:00,2025-11-09 19:48:00,5,-1,1201,114,À l'heure
2969,AC801,2025-11-09,AC,11,YUL,CDG,2025-11-09 18:35:00,2025-11-09 18:30:00,2025-11-10 02:10:00,2025-11-10 02:13:00,-5,3,5523,280,À l'heure
2970,AC112,2025-11-09,AC,8,YOW,YYZ,2025-11-09 19:00:00,2025-11-09 19:24:00,2025-11-09 19:53:00,2025-11-09 20:14:00,24,21,363,162,Retardé
2971,PD726,2025-11-09,PD,29,YUL,YOW,2025-11-09 21:10:00,2025-11-09 21:15:00,2025-11-09 21:51:00,2025-11-09 21:58:00,5,7,151,57,À l'heure
2972,WS1115,2025-11-10,WS,19,YVR,YYC,2025-11-10 07:40:00,2025-11-10 07:43:00,2025-11-10 09:03:00,2025-11-10 08:53:00,3,-10,687,129,À l'heure
2973,TS902,2025-11-10,TS,33,YUL,CUN,2025-11-10 08:55:00,2025-11-10 08:50:00,2025-11-10 13:17:00,2025-11-10 13:14:00,-5,-3,2970,181,À l'heure
2974,WS1880,2025-11-10,WS,18,YEG,YYC,2025-11-10 10:10:00,2025-11-10 10:31:00,2025-11-10 11:01:00,2025-11-10 11:08:00,21,7,244,169,À l'heure
2975,AC1629,2025-11-10,AC,10,YYZ,YUL,2025-11-10 11:20:00,2025-11-10 11:28:00,2025-11-10 12:25:00,2025-11-10 12:36:00,8,11,507,113,À l'heure
2976,PD1374,2025-11-10,PD,31,YUL,YQB,2025-11-10 11:30:00,2025-11-10 11:30:00,2025-11-10 12:26:00,2025-11-10 12:20:00,0,-6,233,62,À l'heure
2977,AC1362,2025-11-10,AC,10,YQB,YUL,2025-11-10 13:00:00,2025-11-10 13:13:00,2025-11-10 13:55:00,2025-11-10 14:17:00,13,22,233,124,Retardé
2978,PD138,2025-11-10,PD,26,YYZ,YOW,2025-11-10 17:55:00,2025-11-10 18:03:00,2025-11-10 19:01:00,2025-11-10 19:14:00,8,13,363,106,À l'heure
2979,PD1914,2025-11-10,PD,27,YHZ,YUL,2025-11-10 18:45:00,2025-11-10 18:42:00,2025-11-10 20:23:00,2025-11-10 20:18:00,-3,-5,804,126,À l'heure
2980,AC172,2025-11-10,AC,16,YUL,LHR,2025-11-10 19:05:00,2025-11-10 19:03:00,2025-11-11 02:06:00,2025-11-11 01:51:00,-2,-15,5215,202,À l'heure
2981,AC1977,2025-11-10,AC,6,YYC,YVR,2025-11-10 20:40:00,2025-11-10 20:47:00,2025-11-10 22:05:00,2025-11-10 22:14:00,7,9,687,174,À l'heure
2982,F81723,2025-11-10,F8,39,YYC,YWG,2025-11-10 21:55:00,2025-11-10 22:14:00,2025-11-10 23:49:00,2025-11-10 23:55:00,19,6,1191,122,À l'heure
2983,WS1841,2025-11-11,WS,19,CUN,YUL,2025-11-11 08:45:00,2025-11-11 09:02:00,2025-11-11 12:57:00,2025-11-11 13:14:00,17,17,2970,148,Retardé
2984,F8858,2025-11-11,F8,41,YVR,YYZ,2025-11-11 10:00:00,2025-11-11 10:00:00,2025-11-11 14:37:00,2025-11-11 14:35:00,0,-2,3346,129,À l'heure
2985,TS389,2025-11-11,TS,38,CDG,YUL,2025-11-11 11:50:00,2025-11-11 12:01:00,2025-11-11 19:19:00,2025-11-11 19:17:00,11,-2,5523,220,À l'heure
2986,AC1655,2025-11-11,AC,3,YVR,YYZ,2025-11-11 13:00:00,2025-11-11 13:02:00,2025-11-11 17:42:00,2025-11-11 17:33:00,2,-9,3346,168,À l'heure
2987,AC1796,2025-11-11,AC,8,YUL,CUN,2025-11-11 15:00:00,2025-11-11 15:03:00,2025-11-11 19:19:00,2025-11-11 19:27:00,3,8,2970,142,À l'heure
2988,AC1678,2025-11-11,AC,4,JFK,YUL,2025-11-11 15:35:00,2025-11-11 15:34:00,2025-11-11 16:50:00,2025-11-11 16:38:00,-1,-12,537,153,À l'heure
2989,WS762,2025-11-11,WS,18,YYZ,YYC,2025-11-11 15:50:00,2025-11-11 16:07:00,2025-11-11 19:40:00,2025-11-11 19:58:00,17,18,2689,158,Retardé
2990,AC1914,2025-11-11,AC,3,YVR,YEG,2025-11-11 17:05:00,2025-11-11 17:02:00,2025-11-11 18:36:00,2025-11-11 18:24:00,-3,-12,809,161,À l'heure
2991,F8724,2025-11-11,F8,42,YYC,YYZ,2025-11-11 20:45:00,2025-11-11 20:45:00,2025-11-12 00:33:00,2025-11-12 00:38:00,0,5,2689,109,À l'heure
2992,WS1355,2025-11-12,WS,18,YYZ,YYC,2025-11-12 07:00:00,2025-11-12 06:54:00,2025-11-12 10:49:00,2025-11-12 10:43:00,-6,-6,2689,108,À l'heure
2993,WS591,2025-11-12,WS,19,YVR,YYZ,2025-11-12 07:40:00,2025-11-12 07:40:00,2025-11-12 12:32:00,2025-11-12 12:37:00,0,5,3346,117,À l'heure
2994,AC298,2025-11-12,AC,2,JFK,YUL,2025-11-12 16:10:00,2025-11-12 16:06:00,2025-11-12 17:26:00,2025-11-12 17:28:00,-4,2,537,108,À l'heure
2995,AC1914,2025-11-12,AC,4,YUL,YHZ,2025-11-12 16:35:00,2025-11-12 16:36:00,2025-11-12 17:59:00,2025-11-12 17:49:00,1,-10,804,128,À l'heure
2996,AC1002,2025-11-12,AC,5,YUL,YQB,2025-11-12 18:50:00,2025-11-12 18:50:00,2025-11-12 19:35:00,2025-11-12 19:36:00,0,1,233,178,À l'heure
2997,AC1323,2025-11-12,AC,10,YVR,LAX,2025-11-12 21:00:00,2025-11-12 21:11:00,2025-11-12 23:43:00,2025-11-12 23:46:00,11,3,1741,122,À l'heure
2998,WS1317,2025-11-13,WS,19,YYC,YEG,2025-11-13 06:05:00,2025-11-13 06:03:00,2025-11-13 06:59:00,2025-11-13 07:04:00,-2,5,244,140,À l'heure
2999,AC576,2025-11-13,AC,6,YYC,YUL,2025-11-13 06:20:00,2025-11-13 06:18:00,2025-11-13 10:37:00,2025-11-13 10:28:00,-2,-9,3005,184,À l'heure
3000,PD373,2025-11-13,PD,26,YYZ,YOW,2025-11-13 08:05:00,2025-11-13 08:01:00,2025-11-13 09:07:00,2025-11-13 09:07:00,-4,0,363,115,À l'heure
3001,WS415,2025-11-13,WS,19,YVR,YYC,2025-11-13 08:15:00,2025-11-13 08:21:00,2025-11-13 09:30:00,2025-11-13 09:37:00,6,7,687,129,À l'heure
3002,AC1425,2025-11-13,AC,16,CDG,YUL,2025-11-13 09:25:00,2025-11-13 09:20:00,2025-11-13 16:47:00,2025-11-13 16:38:00,-5,-9,5523,290,À l'heure
3003,UA1103,2025-11-13,UA,43,ORD,YYZ,2025-11-13 11:50:00,2025-11-13 11:52:00,2025-11-13 13:08:00,2025-11-13 13:05:00,2,-3,701,121,À l'heure
3004,TS1990,2025-11-13,TS,32,YUL,CUN,2025-11-13 12:00:00,2025-11-13 12:02:00,2025-11-13 16:14:00,2025-11-13 16:20:00,2,6,2970,156,À l'heure
3005,WS627,2025-11-13,WS,18,YYZ,YVR,2025-11-13 12:50:00,2025-11-13 13:01:00,2025-11-13 17:26:00,2025-11-13 17:28:00,11,2,3346,116,À l'heure
3006,UA1015,2025-11-13,UA,44,ORD,YUL,2025-11-13 13:35:00,2025-11-13 13:54:00,2025-11-13 15:29:00,2025-11-13 15:55:00,19,26,1201,143,Retardé
3007,AC1453,2025-11-13,AC,2,YVR,YEG,2025-11-13 14:25:00,2025-11-13 14:26:00,2025-11-13 16:03:00,2025-11-13 16:06:00,1,3,809,118,À l'heure
3008,TS500,2025-11-13,TS,38,YUL,CDG,2025-11-13 17:15:00,2025-11-13 20:59:00,2025-11-14 00:43:00,2025-11-14 04:15:00,224,212,5523,255,Retardé
3009,F81261,2025-11-13,F8,39,YYC,YVR,2025-11-13 19:10:00,2025-11-13 19:11:00,2025-11-13 20:36:00,2025-11-13 20:31:00,1,-5,687,121,À l'heure
3010,WS1956,2025-11-13,WS,17,YYZ,YVR,2025-11-13 20:20:00,2025-11-13 20:26:00,2025-11-14 01:14:00,2025-11-14 01:07:00,6,-7,3346,145,À l'heure
3011,WS1742,2025-11-13,WS,20,YYC,YVR,2025-11-13 21:30:00,2025-11-13 23:52:00,2025-11-13 22:53:00,2025-11-14 01:22:00,142,149,687,155,Retardé
3012,PD484,2025-11-13,PD,28,YUL,YOW,2025-11-13 21:50:00,2025-11-13 21:51:00,2025-11-13 22:31:00,2025-11-13 22:40:00,1,9,151,104,À l'heure
3013,WS243,2025-11-14,WS,19,YWG,YYZ,2025-11-14 08:40:00,2025-11-14 08:38:00,2025-11-14 11:13:00,2025-11-14 11:00:00,-2,-13,1504,120,À l'heure
3014,WS1777,2025-11-14,WS,17,YHZ,YYZ,2025-11-14 09:15:00,2025-11-14 09:22:00,2025-11-14 11:18:00,2025-11-14 11:14:00,7,-4,1288,133,À l'heure
3015,AC1509,2025-11-14,AC,14,CDG,YUL,2025-11-14 09:35:00,2025-11-14 13:26:00,2025-11-14 17:09:00,2025-11-14 21:01:00,231,232,5523,210,Retardé
3016,AC669,2025-11-14,AC,9,YUL,CUN,2025-11-14 10:45:00,2025-11-14 10:43:00,2025-11-14 15:08:00,2025-11-14 14:55:00,-2,-13,2970,152,À l'heure
3017,AC1304,2025-11-14,AC,4,LAX,YVR,2025-11-14 11:40:00,2025-11-14 11:41:00,2025-11-14 14:27:00,2025-11-14 14:31:00,1,4,1741,126,À l'heure
3018,WS1238,2025-11-14,WS,17,YYZ,YUL,2025-11-14 13:50:00,2025-11-14 14:15:00,2025-11-14 15:02:00,2025-11-14 15:16:00,25,14,507,148,À l'heure
3019,AC1561,2025-11-14,AC,2,YYZ,YUL,2025-11-14 20:45:00,2025-11-14 21:00:00,2025-11-14 21:50:00,2025-11-14 21:51:00,15,1,507,121,À l'heure
3020,AC1097,2025-11-14,AC,7,YYZ,YHZ,2025-11-14 21:00:00,2025-11-14 20:58:00,2025-11-14 23:15:00,2025-11-14 23:06:00,-2,-9,1288,109,À l'heure
3021,TS1472,2025-11-14,TS,37,YUL,CDG,2025-11-14 21:25:00,2025-11-14 21:48:00,2025-11-15 04:53:00,2025-11-15 05:15:00,23,22,5523,274,Retardé
3022,PD207,2025-11-15,PD,25,YUL,YYZ,2025-11-15 08:35:00,2025-11-15 08:38:00,2025-11-15 09:52:00,2025-11-15 09:57:00,3,5,507,102,À l'heure
3023,AC1802,2025-11-15,AC,1,CUN,YUL,2025-11-15 08:40:00,2025-11-15 08:40:00,2025-11-15 13:05:00,2025-11-15 12:56:00,0,-9,2970,86,À l'heure
3024,WS1068,2025-11-15,WS,19,YUL,YYZ,2025-11-15 15:30:00,2025-11-15 15:59:00,2025-11-15 16:38:00,2025-11-15 17:02:00,29,24,507,123,Retardé
3025,AC1126,2025-11-15,AC,6,YUL,YYC,2025-11-15 19:20:00,2025-11-15 19:18:00,2025-11-15 23:43:00,2025-11-15 23:50:00,-2,7,3005,189,À l'heure
3026,AC1623,2025-11-16,AC,7,YQB,YUL,2025-11-16 08:35:00,2025-11-16 08:44:00,2025-11-16 09:30:00,2025-11-16 09:40:00,9,10,233,143,À l'heure
3027,AC611,2025-11-16,AC,7,YUL,YYZ,2025-11-16 10:10:00,2025-11-16 12:40:00,2025-11-16 11:22:00,2025-11-16 14:02:00,150,160,507,153,Retardé
3028,UA303,2025-11-16,UA,46,YUL,ORD,2025-11-16 11:00:00,2025-11-16 11:02:00,2025-11-16 13:01:00,2025-11-16 13:05:00,2,4,1201,141,À l'heure
3029,AC835,2025-11-16,AC,6,YHZ,YUL,2025-11-16 11:30:00,2025-11-16 11:50:00,2025-11-16 12:56:00,2025-11-16 13:23:00,20,27,804,167,Retardé
3030,WS1331,2025-11-16,WS,17,YUL,YVR,2025-11-16 12:55:00,2025-11-16 12:51:00,2025-11-16 18:09:00,2025-11-16 18:00:00,-4,-9,3682,110,À l'heure
3031,F81392,2025-11-16,F8,42,YYC,YWG,2025-11-16 14:05:00,2025-11-16 14:09:00,2025-11-16 15:58:00,2025-11-16 16:01:00,4,3,1191,122,À l'heure
3032,AC997,2025-11-16,AC,15,LHR,YUL,2025-11-16 14:15:00,2025-11-16 14:18:00,2025-11-16 21:17:00,2025-11-16 21:16:00,3,-1,5215,275,À l'heure
3033,PD1943,2025-11-16,PD,27,YOW,YUL,2025-11-16 16:25:00,2025-11-16 16:29:00,2025-11-16 17:02:00,2025-11-16 16:53:00,4,-9,151,125,À l'heure
3034,AC582,2025-11-16,AC,8,LAX,YUL,2025-11-16 17:25:00,2025-11-16 17:32:00,2025-11-16 22:48:00,2025-11-16 22:59:00,7,11,3973,149,À l'heure
3035,PD291,2025-11-16,PD,29,YOW,YYZ,2025-11-16 17:35:00,2025-11-16 17:55:00,2025-11-16 18:25:00,2025-11-16 18:46:00,20,21,363,59,Retardé
3036,AC1284,2025-11-16,AC,11,YYZ,LHR,2025-11-16 19:05:00,2025-11-16 19:14:00,2025-11-17 02:51:00,2025-11-17 02:50:00,9,-1,5707,227,À l'heure
3037,WS460,2025-11-16,WS,20,YYC,YYZ,2025-11-16 21:10:00,2025-11-16 21:11:00,2025-11-17 01:11:00,2025-11-17 01:02:00,1,-9,2689,148,À l'heure
3038,AC301,2025-11-16,AC,3,YYZ,YUL,2025-11-16 21:40:00,2025-11-16 21:50:00,2025-11-16 22:43:00,2025-11-16 22:47:00,10,4,507,146,À l'heure
3039,WS1723,2025-11-17,WS,18,YVR,YYZ,2025-11-17 06:45:00,2025-11-17 06:53:00,2025-11-17 11:30:00,2025-11-17 11:42:00,8,12,3346,135,À l'heure
3040,WS1882,2025-11-17,WS,17,YWG,YYC,2025-11-17 06:55:00,2025-11-17 06:54:00,2025-11-17 09:01:00,2025-11-17 09:06:00,-1,5,1191,147,À l'heure
3041,F81742,2025-11-17,F8,39,YVR,YUL,2025-11-17 07:10:00,2025-11-17 07:08:00,2025-11-17 12:21:00,2025-11-17 12:23:00,-2,2,3682,149,À l'heure
3042,F81305,2025-11-17,F8,40,YYC,YYZ,2025-11-17 07:55:00,2025-11-17 07:53:00,2025-11-17 11:50:00,2025-11-17 11:52:00,-2,2,2689,146,À l'heure
3043,AC1372,2025-11-17,AC,1,YUL,JFK,2025-11-17 09:30:00,2025-11-17 09:41:00,2025-11-17 10:40:00,2025-11-17 10:43:00,11,3,537,125,À l'heure
3044,WS1208,2025-11-17,WS,18,YEG,YYC,2025-11-17 09:55:00,2025-11-17 09:51:00,2025-11-17 10:47:00,2025-11-17 10:29:00,-4,-18,244,132,À l'heure
3045,WS916,2025-11-17,WS,19,YVR,YYC,2025-11-17 11:20:00,2025-11-17 11:22:00,2025-11-17 12:52:00,2025-11-17 12:59:00,2,7,687,147,À l'heure
3046,PD293,2025-11-17,PD,25,YOW,YYZ,2025-11-17 11:40:00,2025-11-17 11:43:00,2025-11-17 12:46:00,2025-11-17 12:46:00,3,0,363,98,À l'heure
3047,F8990,2025-11-17,F8,41,YYZ,YYC,2025-11-17 13:35:00,2025-11-17 13:51:00,2025-11-17 17:22:00,2025-11-17 17:45:00,16,23,2689,130,Retardé
3048,AC1118,2025-11-17,AC,13,YUL,LHR,2025-11-17 21:00:00,2025-11-17 21:33:00,2025-11-18 04:04:00,2025-11-18 04:28:00,33,24,5215,200,Retardé
3049,AC1514,2025-11-18,AC,10,YEG,YVR,2025-11-18 09:35:00,2025-11-18 09:41:00,2025-11-18 11:15:00,2025-11-18 11:25:00,6,10,809,133,À l'heure
3050,UA215,2025-11-18,UA,48,YYZ,ORD,2025-11-18 09:50:00,2025-11-18 10:15:00,2025-11-18 11:15:00,2025-11-18 11:43:00,25,28,701,136,Retardé
3051,PD1109,2025-11-18,PD,31,YYZ,YUL,2025-11-18 10:35:00,2025-11-18 10:34:00,2025-11-18 11:36:00,2025-11-18 11:33:00,-1,-3,507,66,À l'heure
3052,AC489,2025-11-18,AC,5,YYZ,YWG,2025-11-18 11:25:00,2025-11-18 11:28:00,2025-11-18 13:45:00,2025-11-18 13:57:00,3,12,1504,132,À l'heure
3053,TS1357,2025-11-18,TS,32,CUN,YUL,2025-11-18 12:30:00,2025-11-18 12:35:00,2025-11-18 16:39:00,2025-11-18 16:51:00,5,12,2970,175,À l'heure
3054,AC1582,2025-11-18,AC,7,JFK,YUL,2025-11-18 13:35:00,2025-11-18 13:31:00,2025-11-18 14:37:00,2025-11-18 14:40:00,-4,3,537,166,À l'heure
3055,AC1649,2025-11-18,AC,14,LHR,YYZ,2025-11-18 19:15:00,2025-11-18 19:20:00,2025-11-19 02:52:00,2025-11-19 02:50:00,5,-2,5707,269,À l'heure
3056,DL1715,2025-11-18,DL,52,YUL,JFK,2025-11-18 20:10:00,2025-11-18 20:15:00,2025-11-18 21:28:00,2025-11-18 21:38:00,5,10,537,174,À l'heure
3057,AC1968,2025-11-18,AC,2,YUL,LAX,2025-11-18 20:20:00,2025-11-18 20:28:00,2025-11-19 01:51:00,2025-11-19 01:53:00,8,2,3973,124,À l'heure
3058,DL643,2025-11-19,DL,51,JFK,YUL,2025-11-19 06:20:00,2025-11-19 06:15:00,2025-11-19 07:35:00,2025-11-19 07:29:00,-5,-6,537,101,À l'heure
3059,AC1346,2025-11-19,AC,8,CUN,YUL,2025-11-19 06:45:00,2025-11-19 06:45:00,2025-11-19 11:07:00,2025-11-19 11:16:00,0,9,2970,150,À l'heure
3060,F81568,2025-11-19,F8,39,YVR,YYC,2025-11-19 10:35:00,2025-11-19 10:33:00,2025-11-19 12:06:00,2025-11-19 11:53:00,-2,-13,687,134,À l'heure
3061,AC1907,2025-11-19,AC,8,YYZ,YUL,2025-11-19 11:05:00,2025-11-19 11:17:00,2025-11-19 12:23:00,2025-11-19 12:32:00,12,9,507,121,À l'heure
3062,WS1055,2025-11-19,WS,18,YVR,YEG,2025-11-19 13:25:00,2025-11-19 13:22:00,2025-11-19 14:51:00,2025-11-19 14:44:00,-3,-7,809,156,À l'heure
3063,F8216,2025-11-19,F8,42,YYC,YWG,2025-11-19 13:25:00,2025-11-19 13:46:00,2025-11-19 15:31:00,2025-11-19 15:55:00,21,24,1191,123,Retardé
3064,F81181,2025-11-19,F8,42,YWG,YYC,2025-11-19 15:15:00,2025-11-19 15:38:00,2025-11-19 17:08:00,2025-11-19 17:36:00,23,28,1191,160,Retardé
3065,AC1254,2025-11-19,AC,16,LHR,YYZ,2025-11-19 16:25:00,2025-11-19 16:49:00,2025-11-20 00:11:00,2025-11-20 00:23:00,24,12,5707,198,À l'heure
3066,WS1577,2025-11-19,WS,19,YYC,YVR,2025-11-19 16:25:00,2025-11-19 16:26:00,2025-11-19 17:46:00,2025-11-19 17:40:00,1,-6,687,144,À l'heure
3067,AC1773,2025-11-19,AC,4,LAX,YUL,2025-11-19 16:55:00,2025-11-19 16:49:00,2025-11-19 22:35:00,2025-11-19 22:27:00,-6,-8,3973,171,À l'heure
3068,AC1619,2025-11-19,AC,15,CDG,YUL,2025-11-19 19:20:00,2025-11-19 19:20:00,2025-11-20 02:54:00,2025-11-20 02:50:00,0,-4,5523,280,À l'heure
3069,PD201,2025-11-19,PD,25,YYZ,YOW,2025-11-19 21:10:00,2025-11-19 21:39:00,2025-11-19 22:10:00,2025-11-19 22:44:00,29,34,363,96,Retardé
3070,WS1307,2025-11-20,WS,19,YYZ,YYC,2025-11-20 06:05:00,2025-11-20 06:12:00,2025-11-20 09:55:00,2025-11-20 09:54:00,7,-1,2689,144,À l'heure
3071,AC1111,2025-11-20,AC,5,YUL,JFK,2025-11-20 06:45:00,2025-11-20 06:54:00,2025-11-20 07:58:00,2025-11-20 08:14:00,9,16,537,140,Retardé
3072,WS113,2025-11-20,WS,19,YVR,YYC,2025-11-20 15:00:00,2025-11-20 15:02:00,2025-11-20 16:21:00,2025-11-20 16:19:00,2,-2,687,150,À l'heure
3073,UA1707,2025-11-20,UA,49,ORD,YYZ,2025-11-20 18:40:00,2025-11-20 18:50:00,2025-11-20 19:59:00,2025-11-20 20:04:00,10,5,701,131,À l'heure
3074,AC1959,2025-11-20,AC,13,LHR,YUL,2025-11-20 21:05:00,2025-11-20 21:03:00,2025-11-21 04:05:00,2025-11-21 04:11:00,-2,6,5215,263,À l'heure
3075,AC509,2025-11-20,AC,10,YOW,YYZ,2025-11-20 21:15:00,2025-11-20 21:24:00,2025-11-20 22:18:00,2025-11-20 22:14:00,9,-4,363,149,À l'heure
3076,AC1805,2025-11-21,AC,8,JFK,YUL,2025-11-21 06:35:00,2025-11-21 06:51:00,2025-11-21 07:40:00,2025-11-21 07:45:00,16,5,537,139,À l'heure
3077,PD720,2025-11-21,PD,28,YHZ,YUL,2025-11-21 14:45:00,2025-11-21 14:52:00,2025-11-21 16:11:00,2025-11-21 16:16:00,7,5,804,128,À l'heure
3078,WS1225,2025-11-21,WS,18,YEG,YVR,2025-11-21 20:10:00,2025-11-21 20:10:00,2025-11-21 21:35:00,2025-11-21 21:21:00,0,-14,809,145,À l'heure
3079,WS1224,2025-11-22,WS,18,YVR,YYZ,2025-11-22 07:30:00,2025-11-22 07:26:00,2025-11-22 12:09:00,2025-11-22 11:54:00,-4,-15,3346,142,À l'heure
3080,AC1898,2025-11-22,AC,16,CDG,YUL,2025-11-22 12:15:00,2025-11-22 12:16:00,2025-11-22 19:44:00,2025-11-22 19:45:00,1,1,5523,243,À l'heure
3081,DL416,2025-11-22,DL,51,YVR,LAX,2025-11-22 13:25:00,2025-11-22 13:25:00,2025-11-22 16:10:00,2025-11-22 16:09:00,0,-1,1741,89,À l'heure
3082,PD242,2025-11-22,PD,29,YQB,YUL,2025-11-22 14:25:00,2025-11-22 14:23:00,2025-11-22 15:14:00,2025-11-22 15:15:00,-2,1,233,54,À l'heure
3083,PD1685,2025-11-22,PD,31,YUL,YYZ,2025-11-22 18:55:00,2025-11-22 19:17:00,2025-11-22 20:09:00,2025-11-22 20:24:00,22,15,507,73,À l'heure
3084,WS1616,2025-11-22,WS,17,YYC,YEG,2025-11-22 20:55:00,2025-11-22 21:16:00,2025-11-22 21:48:00,2025-11-22 22:03:00,21,15,244,112,À l'heure
3085,WS1287,2025-11-22,WS,18,YYZ,YYC,2025-11-22 21:00:00,2025-11-22 21:09:00,2025-11-23 00:49:00,2025-11-23 00:59:00,9,10,2689,158,À l'heure
3086,AC1080,2025-11-22,AC,10,LAX,YVR,2025-11-22 21:00:00,2025-11-22 21:00:00,2025-11-22 23:45:00,2025-11-22 23:37:00,0,-8,1741,146,À l'heure
3087,AC355,2025-11-23,AC,8,YYZ,YOW,2025-11-23 06:45:00,2025-11-23 06:46:00,2025-11-23 07:49:00,2025-11-23 07:54:00,1,5,363,160,À l'heure
3088,PD789,2025-11-23,PD,28,YOW,YYZ,2025-11-23 08:45:00,2025-11-23 08:50:00,2025-11-23 09:37:00,2025-11-23 09:33:00,5,-4,363,99,À l'heure
3089,F81149,2025-11-23,F8,42,YVR,YUL,2025-11-23 09:40:00,2025-11-23 09:40:00,2025-11-23 14:49:00,2025-11-23 14:56:00,0,7,3682,122,À l'heure
3090,AC1825,2025-11-23,AC,7,YYC,YYZ,2025-11-23 09:50:00,2025-11-23 09:50:00,2025-11-23 13:48:00,2025-11-23 13:35:00,0,-13,2689,154,À l'heure
3091,PD838,2025-11-23,PD,26,YHZ,YYZ,2025-11-23 16:10:00,2025-11-23 16:31:00,2025-11-23 18:12:00,2025-11-23 18:28:00,21,16,1288,96,Retardé
3092,UA1601,2025-11-23,UA,46,ORD,YUL,2025-11-23 16:50:00,2025-11-23 17:11:00,2025-11-23 19:00:00,2025-11-23 19:16:00,21,16,1201,127,Retardé
3093,AC1473,2025-11-23,AC,3,YUL,YQB,2025-11-23 17:50:00,2025-11-23 17:56:00,2025-11-23 18:33:00,2025-11-23 18:40:00,6,7,233,135,À l'heure
3094,TS1735,2025-11-23,TS,36,YUL,CDG,2025-11-23 19:05:00,2025-11-23 19:07:00,2025-11-24 02:40:00,2025-11-24 02:35:00,2,-5,5523,187,À l'heure
3095,WS857,2025-11-23,WS,19,YWG,YYZ,2025-11-23 19:40:00,2025-11-23 20:02:00,2025-11-23 22:02:00,2025-11-23 22:15:00,22,13,1504,115,À l'heure
3096,AC1699,2025-11-24,AC,10,YYZ,YHZ,2025-11-24 07:00:00,2025-11-24 06:58:00,2025-11-24 09:10:00,2025-11-24 09:11:00,-2,1,1288,158,À l'heure
3097,AC752,2025-11-24,AC,9,YUL,CUN,2025-11-24 08:40:00,2025-11-24 08:41:00,2025-11-24 13:00:00,2025-11-24 12:49:00,1,-11,2970,119,À l'heure
3098,PD825,2025-11-24,PD,26,YYZ,YUL,2025-11-24 08:45:00,2025-11-24 08:48:00,2025-11-24 09:55:00,2025-11-24 09:52:00,3,-3,507,103,À l'heure
3099,AC966,2025-11-24,AC,4,YYZ,YVR,2025-11-24 08:45:00,2025-11-24 09:19:00,2025-11-24 13:31:00,2025-11-24 14:06:00,34,35,3346,139,Retardé
3100,WS1539,2025-11-24,WS,18,YVR,YYZ,2025-11-24 13:25:00,,2025-11-24 18:07:00,,,,3346,,Annulé
3101,UA1515,2025-11-24,UA,45,YUL,ORD,2025-11-24 17:20:00,2025-11-24 17:27:00,2025-11-24 19:20:00,2025-11-24 19:34:00,7,14,1201,156,À l'heure
3102,TS1353,2025-11-24,TS,33,YUL,CUN,2025-11-24 17:50:00,2025-11-24 18:01:00,2025-11-24 22:07:00,2025-11-24 22:14:00,11,7,2970,173,À l'heure
3103,DL1534,2025-11-24,DL,51,YUL,JFK,2025-11-24 18:35:00,2025-11-24 18:46:00,2025-11-24 19:51:00,2025-11-24 20:10:00,11,19,537,114,Retardé
3104,AC950,2025-11-24,AC,16,YUL,LHR,2025-11-24 19:05:00,2025-11-24 19:16:00,2025-11-25 02:21:00,2025-11-25 02:30:00,11,9,5215,268,À l'heure
3105,AC709,2025-11-24,AC,3,YUL,LAX,2025-11-24 20:40:00,2025-11-24 20:56:00,2025-11-25 02:17:00,2025-11-25 02:37:00,16,20,3973,126,Retardé
3106,WS1596,2025-11-25,WS,20,YUL,YYZ,2025-11-25 06:10:00,2025-11-25 06:09:00,2025-11-25 07:28:00,2025-11-25 07:14:00,-1,-14,507,117,À l'heure
3107,WS1803,2025-11-25,WS,20,YUL,YYC,2025-11-25 06:15:00,2025-11-25 06:24:00,2025-11-25 10:41:00,2025-11-25 10:50:00,9,9,3005,111,À l'heure
3108,PD1984,2025-11-25,PD,27,YOW,YUL,2025-11-25 06:20:00,2025-11-25 06:16:00,2025-11-25 06:56:00,2025-11-25 06:57:00,-4,1,151,122,À l'heure
3109,WS1927,2025-11-25,WS,17,YYC,YUL,2025-11-25 07:30:00,2025-11-25 07:27:00,2025-11-25 11:50:00,2025-11-25 11:52:00,-3,2,3005,157,À l'heure
3110,PD1533,2025-11-25,PD,25,YUL,YYZ,2025-11-25 08:10:00,2025-11-25 08:35:00,2025-11-25 09:16:00,2025-11-25 09:46:00,25,30,507,98,Retardé
3111,AC150,2025-11-25,AC,8,YYZ,YVR,2025-11-25 09:05:00,2025-11-25 09:09:00,2025-11-25 13:54:00,2025-11-25 13:52:00,4,-2,3346,152,À l'heure
3112,PD1310,2025-11-25,PD,30,YUL,YOW,2025-11-25 09:15:00,2025-11-25 09:15:00,2025-11-25 10:05:00,2025-11-25 09:53:00,0,-12,151,59,À l'heure
3113,AC1514,2025-11-25,AC,3,YYZ,YUL,2025-11-25 11:25:00,2025-11-25 11:26:00,2025-11-25 12:27:00,2025-11-25 12:25:00,1,-2,507,163,À l'heure
3114,UA1602,2025-11-25,UA,49,YYZ,ORD,2025-11-25 12:45:00,2025-11-25 12:43:00,2025-11-25 14:06:00,2025-11-25 13:56:00,-2,-10,701,119,À l'heure
3115,WS1702,2025-11-25,WS,19,YYZ,YWG,2025-11-25 12:55:00,2025-11-25 12:55:00,2025-11-25 15:18:00,2025-11-25 15:25:00,0,7,1504,119,À l'heure
3116,AC940,2025-11-25,AC,3,CUN,YUL,2025-11-25 14:20:00,2025-11-25 14:38:00,2025-11-25 18:34:00,2025-11-25 18:57:00,18,23,2970,127,Retardé
3117,AC950,2025-11-25,AC,3,YUL,YVR,2025-11-25 15:15:00,2025-11-25 15:38:00,2025-11-25 20:27:00,2025-11-25 20:57:00,23,30,3682,150,Retardé
3118,WS165,2025-11-25,WS,17,YEG,YYC,2025-11-25 15:55:00,2025-11-25 16:44:00,2025-11-25 16:36:00,2025-11-25 17:13:00,49,37,244,158,Retardé
3119,TS408,2025-11-25,TS,38,YUL,CDG,2025-11-25 17:05:00,2025-11-25 17:16:00,2025-11-26 00:39:00,2025-11-26 00:43:00,11,4,5523,200,À l'heure
3120,AC1661,2025-11-25,AC,12,YYZ,LHR,2025-11-25 18:30:00,2025-11-25 19:08:00,2025-11-26 02:07:00,2025-11-26 02:46:00,38,39,5707,207,Retardé
3121,AC1031,2025-11-25,AC,5,YUL,YHZ,2025-11-25 20:40:00,2025-11-25 20:38:00,2025-11-25 22:11:00,2025-11-25 22:07:00,-2,-4,804,157,À l'heure
3122,PD1874,2025-11-26,PD,31,YUL,YYZ,2025-11-26 08:45:00,2025-11-26 08:46:00,2025-11-26 10:01:00,2025-11-26 09:50:00,1,-11,507,55,À l'heure
3123,DL791,2025-11-26,DL,52,YUL,JFK,2025-11-26 10:10:00,2025-11-26 10:20:00,2025-11-26 11:26:00,2025-11-26 11:44:00,10,18,537,167,Retardé
3124,AC236,2025-11-26,AC,9,YVR,YUL,2025-11-26 10:15:00,2025-11-26 10:11:00,2025-11-26 15:19:00,2025-11-26 15:01:00,-4,-18,3682,143,À l'heure
3125,WS342,2025-11-26,WS,20,YYZ,YUL,2025-11-26 11:00:00,2025-11-26 11:06:00,2025-11-26 12:07:00,2025-11-26 12:23:00,6,16,507,117,Retardé
3126,WS1295,2025-11-26,WS,19,CUN,YUL,2025-11-26 13:30:00,2025-11-26 13:24:00,2025-11-26 17:51:00,2025-11-26 17:34:00,-6,-17,2970,109,À l'heure
3127,WS487,2025-11-26,WS,20,YUL,YYZ,2025-11-26 13:40:00,2025-11-26 13:49:00,2025-11-26 14:58:00,2025-11-26 15:04:00,9,6,507,112,À l'heure
3128,WS631,2025-11-26,WS,18,YYC,YVR,2025-11-26 13:45:00,2025-11-26 13:47:00,2025-11-26 15:04:00,2025-11-26 15:07:00,2,3,687,155,À l'heure
3129,WS1376,2025-11-26,WS,17,YWG,YYC,2025-11-26 14:15:00,2025-11-26 14:17:00,2025-11-26 16:18:00,2025-11-26 16:24:00,2,6,1191,142,À l'heure
3130,WS1143,2025-11-26,WS,17,YYZ,YVR,2025-11-26 14:30:00,2025-11-26 14:36:00,2025-11-26 19:23:00,2025-11-26 19:15:00,6,-8,3346,156,À l'heure
3131,F81644,2025-11-26,F8,41,YVR,YYC,2025-11-26 16:35:00,2025-11-26 16:35:00,2025-11-26 17:50:00,2025-11-26 17:45:00,0,-5,687,123,À l'heure
3132,AC1703,2025-11-26,AC,5,YYZ,YOW,2025-11-26 19:40:00,2025-11-26 22:52:00,2025-11-26 20:31:00,2025-11-26 23:48:00,192,197,363,173,Retardé
3133,AF1147,2025-11-26,AF,59,YUL,CDG,2025-11-26 20:10:00,2025-11-26 20:31:00,2025-11-27 03:44:00,2025-11-27 04:14:00,21,30,5523,209,Retardé
3134,AC230,2025-11-26,AC,16,YYZ,LHR,2025-11-26 21:05:00,2025-11-27 00:06:00,2025-11-27 04:49:00,2025-11-27 07:58:00,181,189,5707,218,Retardé
3135,PD185,2025-11-26,PD,26,YHZ,YYZ,2025-11-26 21:35:00,2025-11-26 21:41:00,2025-11-26 23:34:00,2025-11-26 23:37:00,6,3,1288,92,À l'heure
3136,WS1312,2025-11-26,WS,17,YUL,YYZ,2025-11-26 21:50:00,2025-11-26 22:10:00,2025-11-26 22:53:00,2025-11-26 23:11:00,20,18,507,109,Retardé
3137,AC434,2025-11-27,AC,10,YEG,YVR,2025-11-27 06:20:00,2025-11-27 06:18:00,2025-11-27 07:54:00,2025-11-27 07:51:00,-2,-3,809,137,À l'heure
3138,AC1331,2025-11-27,AC,9,YOW,YYZ,2025-11-27 07:15:00,2025-11-27 07:16:00,2025-11-27 08:22:00,2025-11-27 08:12:00,1,-10,363,117,À l'heure
3139,WS1949,2025-11-27,WS,19,YVR,YYZ,2025-11-27 12:20:00,2025-11-27 12:34:00,2025-11-27 16:58:00,2025-11-27 16:58:00,14,0,3346,139,À l'heure
3140,AC1450,2025-11-27,AC,3,YUL,YHZ,2025-11-27 13:15:00,2025-11-27 13:18:00,2025-11-27 14:41:00,2025-11-27 14:42:00,3,1,804,182,À l'heure
3141,AC1464,2025-11-27,AC,6,YUL,YVR,2025-11-27 14:00:00,2025-11-27 14:10:00,2025-11-27 19:07:00,2025-11-27 19:04:00,10,-3,3682,168,À l'heure
3142,UA147,2025-11-27,UA,47,YYZ,ORD,2025-11-27 17:20:00,2025-11-27 17:24:00,2025-11-27 18:44:00,2025-11-27 18:56:00,4,12,701,165,À l'heure
3143,AC359,2025-11-27,AC,5,YVR,YEG,2025-11-27 18:50:00,2025-11-27 19:16:00,2025-11-27 20:20:00,2025-11-27 20:44:00,26,24,809,166,Retardé
3144,AC111,2025-11-27,AC,9,JFK,YUL,2025-11-27 19:40:00,2025-11-27 19:40:00,2025-11-27 20:49:00,2025-11-27 20:51:00,0,2,537,117,À l'heure
3145,AC1668,2025-11-28,AC,6,YUL,CUN,2025-11-28 06:15:00,2025-11-28 06:18:00,2025-11-28 10:24:00,2025-11-28 10:32:00,3,8,2970,164,À l'heure
3146,AC924,2025-11-28,AC,8,YYZ,YWG,2025-11-28 09:35:00,2025-11-28 09:34:00,2025-11-28 12:06:00,2025-11-28 12:01:00,-1,-5,1504,128,À l'heure
3147,WS372,2025-11-28,WS,18,YYC,YUL,2025-11-28 12:55:00,2025-11-28 12:58:00,2025-11-28 17:16:00,2025-11-28 17:25:00,3,9,3005,118,À l'heure
3148,PD1117,2025-11-28,PD,26,YUL,YOW,2025-11-28 13:20:00,2025-11-28 13:59:00,2025-11-28 13:59:00,2025-11-28 14:47:00,39,48,151,91,Retardé
3149,AC1180,2025-11-28,AC,13,LHR,YYZ,2025-11-28 15:30:00,2025-11-28 15:29:00,2025-11-28 23:13:00,2025-11-28 23:06:00,-1,-7,5707,220,À l'heure
3150,AC1648,2025-11-28,AC,4,YYZ,YUL,2025-11-28 19:05:00,2025-11-28 19:36:00,2025-11-28 20:13:00,2025-11-28 20:36:00,31,23,507,163,Retardé
3151,DL1984,2025-11-29,DL,52,YVR,LAX,2025-11-29 06:10:00,2025-11-29 06:08:00,2025-11-29 08:55:00,2025-11-29 08:45:00,-2,-10,1741,164,À l'heure
3152,WS430,2025-11-29,WS,20,YYZ,YVR,2025-11-29 06:30:00,2025-11-29 06:25:00,2025-11-29 11:13:00,2025-11-29 11:07:00,-5,-6,3346,135,À l'heure
3153,PD386,2025-11-29,PD,27,YOW,YUL,2025-11-29 08:20:00,2025-11-29 08:23:00,2025-11-29 08:56:00,2025-11-29 09:03:00,3,7,151,101,À l'heure
3154,WS346,2025-11-29,WS,18,YYC,YYZ,2025-11-29 11:35:00,2025-11-29 11:37:00,2025-11-29 15:38:00,2025-11-29 15:45:00,2,7,2689,138,À l'heure
3155,AC1337,2025-11-29,AC,9,YUL,ORD,2025-11-29 14:20:00,2025-11-29 14:22:00,2025-11-29 16:30:00,2025-11-29 16:40:00,2,10,1201,122,À l'heure
3156,AC891,2025-11-29,AC,9,YWG,YYZ,2025-11-29 14:25:00,2025-11-29 14:33:00,2025-11-29 16:46:00,2025-11-29 16:54:00,8,8,1504,114,À l'heure
3157,AC390,2025-11-29,AC,3,YYC,YYZ,2025-11-29 17:10:00,2025-11-29 17:31:00,2025-11-29 21:00:00,2025-11-29 21:13:00,21,13,2689,129,À l'heure
3158,F8869,2025-11-29,F8,40,YYC,YWG,2025-11-29 19:00:00,2025-11-29 19:03:00,2025-11-29 21:03:00,2025-11-29 21:15:00,3,12,1191,130,À l'heure
3159,TS1455,2025-11-29,TS,37,CDG,YUL,2025-11-29 19:45:00,2025-11-29 19:51:00,2025-11-30 03:10:00,2025-11-30 03:12:00,6,2,5523,191,À l'heure
3160,AC116,2025-11-29,AC,6,LAX,YVR,2025-11-29 20:00:00,2025-11-29 20:29:00,2025-11-29 22:51:00,2025-11-29 23:08:00,29,17,1741,125,Retardé
3161,AC1144,2025-11-30,AC,16,LHR,YUL,2025-11-30 07:25:00,2025-11-30 07:22:00,2025-11-30 14:37:00,2025-11-30 14:20:00,-3,-17,5215,200,À l'heure
3162,WS1041,2025-11-30,WS,17,YEG,YYC,2025-11-30 09:40:00,2025-11-30 09:40:00,2025-11-30 10:29:00,2025-11-30 10:21:00,0,-8,244,109,À l'heure
3163,WS1360,2025-11-30,WS,19,YVR,YUL,2025-11-30 10:45:00,2025-11-30 10:41:00,2025-11-30 16:02:00,2025-11-30 15:44:00,-4,-18,3682,168,À l'heure
3164,AC1479,2025-11-30,AC,2,LAX,YUL,2025-11-30 10:50:00,2025-11-30 10:53:00,2025-11-30 16:30:00,2025-11-30 16:34:00,3,4,3973,100,À l'heure
3165,AC1039,2025-11-30,AC,7,YUL,YYC,2025-11-30 16:15:00,2025-11-30 16:10:00,2025-11-30 20:30:00,2025-11-30 20:11:00,-5,-19,3005,134,À l'heure
3166,PD458,2025-11-30,PD,25,YUL,YYZ,2025-11-30 16:50:00,2025-11-30 16:56:00,2025-11-30 17:50:00,2025-11-30 17:42:00,6,-8,507,96,À l'heure
3167,PD1383,2025-11-30,PD,31,YYZ,YUL,2025-11-30 17:00:00,2025-11-30 17:10:00,2025-11-30 18:03:00,2025-11-30 18:17:00,10,14,507,53,À l'heure
3168,WS387,2025-11-30,WS,18,YVR,YYZ,2025-11-30 21:40:00,2025-11-30 21:39:00,2025-12-01 02:22:00,2025-12-01 02:12:00,-1,-10,3346,157,À l'heure
3169,PD1976,2025-12-01,PD,28,YYZ,YHZ,2025-12-01 06:30:00,2025-12-01 06:28:00,2025-12-01 08:42:00,2025-12-01 08:46:00,-2,4,1288,99,À l'heure
3170,F81698,2025-12-01,F8,40,YYZ,YYC,2025-12-01 06:35:00,2025-12-01 06:36:00,2025-12-01 10:30:00,2025-12-01 10:33:00,1,3,2689,117,À l'heure
3171,UA1732,2025-12-01,UA,44,ORD,YUL,2025-12-01 07:20:00,2025-12-01 07:27:00,2025-12-01 09:22:00,2025-12-01 09:28:00,7,6,1201,111,À l'heure
3172,AC1636,2025-12-01,AC,4,YQB,YUL,2025-12-01 08:20:00,2025-12-01 08:22:00,2025-12-01 09:06:00,2025-12-01 09:08:00,2,2,233,122,À l'heure
3173,PD1172,2025-12-01,PD,29,YHZ,YUL,2025-12-01 09:30:00,2025-12-01 09:39:00,2025-12-01 11:00:00,2025-12-01 11:12:00,9,12,804,62,À l'heure
3174,TS927,2025-12-01,TS,36,CDG,YUL,2025-12-01 15:20:00,2025-12-01 15:53:00,2025-12-01 22:54:00,2025-12-01 23:19:00,33,25,5523,199,Retardé
3175,DL1672,2025-12-01,DL,53,YUL,JFK,2025-12-01 17:00:00,2025-12-01 17:17:00,2025-12-01 18:02:00,2025-12-01 18:08:00,17,6,537,125,À l'heure
3176,AC1472,2025-12-02,AC,5,YYZ,YOW,2025-12-02 08:55:00,2025-12-02 09:02:00,2025-12-02 09:47:00,2025-12-02 10:00:00,7,13,363,128,À l'heure
3177,WS1875,2025-12-02,WS,17,YYC,YEG,2025-12-02 09:20:00,2025-12-02 09:28:00,2025-12-02 10:01:00,2025-12-02 10:13:00,8,12,244,163,À l'heure
3178,AC146,2025-12-02,AC,7,YUL,LAX,2025-12-02 10:25:00,2025-12-02 10:22:00,2025-12-02 15:53:00,2025-12-02 15:50:00,-3,-3,3973,150,À l'heure
3179,AC1244,2025-12-02,AC,4,YUL,YQB,2025-12-02 15:40:00,2025-12-02 15:57:00,2025-12-02 16:23:00,2025-12-02 16:40:00,17,17,233,169,Retardé
3180,WS1982,2025-12-02,WS,17,YVR,YYC,2025-12-02 16:25:00,2025-12-02 16:43:00,2025-12-02 17:55:00,2025-12-02 18:16:00,18,21,687,166,Retardé
3181,AC1431,2025-12-02,AC,16,YUL,CDG,2025-12-02 17:10:00,2025-12-02 17:14:00,2025-12-03 00:43:00,2025-12-03 00:33:00,4,-10,5523,271,À l'heure
3182,UA1805,2025-12-02,UA,46,ORD,YYZ,2025-12-02 17:25:00,2025-12-02 18:12:00,2025-12-02 18:43:00,2025-12-02 19:37:00,47,54,701,149,Retardé
3183,WS312,2025-12-02,WS,18,YYZ,YYC,2025-12-02 18:30:00,2025-12-02 18:33:00,2025-12-02 22:28:00,2025-12-02 22:34:00,3,6,2689,157,À l'heure
3184,PD967,2025-12-02,PD,30,YOW,YYZ,2025-12-02 18:55:00,2025-12-02 19:45:00,2025-12-02 19:46:00,2025-12-02 20:43:00,50,57,363,54,Retardé
3185,AC1667,2025-12-02,AC,14,YUL,LHR,2025-12-02 19:20:00,2025-12-02 20:19:00,2025-12-03 02:19:00,2025-12-03 03:27:00,59,68,5215,281,Retardé
3186,TS1594,2025-12-02,TS,34,YUL,CUN,2025-12-02 21:55:00,2025-12-02 21:58:00,2025-12-03 02:10:00,2025-12-03 02:10:00,3,0,2970,127,À l'heure
3187,PD1110,2025-12-03,PD,31,YYZ,YUL,2025-12-03 06:05:00,2025-12-03 09:01:00,2025-12-03 07:14:00,2025-12-03 10:14:00,176,180,507,56,Retardé
3188,AC1217,2025-12-03,AC,3,YYZ,YUL,2025-12-03 06:55:00,2025-12-03 06:50:00,2025-12-03 07:58:00,2025-12-03 07:56:00,-5,-2,507,139,À l'heure
3189,WS307,2025-12-03,WS,18,CUN,YUL,2025-12-03 11:05:00,2025-12-03 11:04:00,2025-12-03 15:20:00,2025-12-03 15:29:00,-1,9,2970,167,À l'heure
3190,AC1988,2025-12-03,AC,2,YOW,YYZ,2025-12-03 11:50:00,2025-12-03 11:55:00,2025-12-03 12:47:00,2025-12-03 13:02:00,5,15,363,88,À l'heure
3191,AC1192,2025-12-03,AC,6,YHZ,YYZ,2025-12-03 15:20:00,2025-12-03 15:19:00,2025-12-03 17:25:00,2025-12-03 17:10:00,-1,-15,1288,170,À l'heure
3192,AC1042,2025-12-03,AC,2,YYZ,YHZ,2025-12-03 15:45:00,2025-12-03 15:45:00,2025-12-03 17:44:00,2025-12-03 17:41:00,0,-3,1288,114,À l'heure
3193,AC1972,2025-12-03,AC,9,YUL,JFK,2025-12-03 21:05:00,2025-12-03 21:15:00,2025-12-03 22:09:00,2025-12-03 22:15:00,10,6,537,134,À l'heure
3194,AC1662,2025-12-03,AC,13,CDG,YUL,2025-12-03 21:15:00,2025-12-03 21:25:00,2025-12-04 04:51:00,2025-12-04 05:05:00,10,14,5523,242,À l'heure
3195,AF1777,2025-12-03,AF,61,CDG,YUL,2025-12-03 21:55:00,,2025-12-04 05:32:00,,,,5523,,Annulé
3196,AC348,2025-12-04,AC,6,YUL,LAX,2025-12-04 06:05:00,2025-12-04 09:34:00,2025-12-04 11:36:00,2025-12-04 15:10:00,209,214,3973,163,Retardé
3197,AC1861,2025-12-04,AC,7,ORD,YUL,2025-12-04 06:35:00,2025-12-04 06:38:00,2025-12-04 08:34:00,2025-12-04 08:27:00,3,-7,1201,120,À l'heure
3198,AC614,2025-12-04,AC,13,LHR,YYZ,2025-12-04 08:40:00,2025-12-04 08:54:00,2025-12-04 16:24:00,2025-12-04 16:47:00,14,23,5707,220,Retardé
3199,PD1560,2025-12-04,PD,25,YOW,YUL,2025-12-04 09:10:00,2025-12-04 09:37:00,2025-12-04 09:55:00,2025-12-04 10:30:00,27,35,151,119,Retardé
3200,AC322,2025-12-04,AC,6,YUL,YHZ,2025-12-04 09:55:00,2025-12-04 09:57:00,2025-12-04 11:35:00,2025-12-04 11:38:00,2,3,804,131,À l'heure
3201,WS1603,2025-12-04,WS,18,YYC,YYZ,2025-12-04 12:40:00,2025-12-04 12:54:00,2025-12-04 16:38:00,2025-12-04 16:57:00,14,19,2689,108,Retardé
3202,AC909,2025-12-04,AC,4,YUL,YYZ,2025-12-04 13:35:00,2025-12-04 13:48:00,2025-12-04 14:52:00,2025-12-04 15:02:00,13,10,507,172,À l'heure
3203,PD1535,2025-12-04,PD,30,YUL,YOW,2025-12-04 14:10:00,,2025-12-04 14:53:00,,,,151,,Annulé
3204,WS1929,2025-12-04,WS,19,YEG,YVR,2025-12-04 16:25:00,2025-12-04 16:26:00,2025-12-04 17:56:00,2025-12-04 18:05:00,1,9,809,140,À l'heure
3205,UA1566,2025-12-04,UA,46,YYZ,ORD,2025-12-04 16:40:00,2025-12-04 17:12:00,2025-12-04 18:01:00,2025-12-04 18:24:00,32,23,701,107,Retardé
3206,AC1288,2025-12-04,AC,15,YYZ,LHR,2025-12-04 18:25:00,2025-12-04 19:36:00,2025-12-05 02:14:00,2025-12-05 03:28:00,71,74,5707,234,Retardé
3207,AC402,2025-12-04,AC,10,LAX,YUL,2025-12-04 18:45:00,2025-12-04 19:13:00,2025-12-05 00:20:00,2025-12-05 00:41:00,28,21,3973,160,Retardé
3208,PD1557,2025-12-04,PD,26,YUL,YYZ,2025-12-04 19:15:00,2025-12-04 20:14:00,2025-12-04 20:29:00,2025-12-04 21:36:00,59,67,507,126,Retardé
3209,AC913,2025-12-04,AC,13,YUL,LHR,2025-12-04 19:55:00,2025-12-04 20:33:00,2025-12-05 02:55:00,2025-12-05 03:28:00,38,33,5215,237,Retardé
3210,WS1541,2025-12-05,WS,18,YVR,YEG,2025-12-05 08:10:00,2025-12-05 10:55:00,2025-12-05 09:33:00,2025-12-05 12:24:00,165,171,809,138,Retardé
3211,UA185,2025-12-05,UA,45,ORD,YYZ,2025-12-05 10:05:00,2025-12-05 10:17:00,2025-12-05 11:31:00,2025-12-05 11:39:00,12,8,701,115,À l'heure
3212,AC1191,2025-12-05,AC,3,LAX,YVR,2025-12-05 12:00:00,2025-12-05 12:16:00,2025-12-05 14:46:00,2025-12-05 15:12:00,16,26,1741,145,Retardé
3213,DL676,2025-12-05,DL,54,JFK,YUL,2025-12-05 16:20:00,2025-12-05 16:18:00,2025-12-05 17:33:00,2025-12-05 17:31:00,-2,-2,537,147,À l'heure
3214,PD799,2025-12-05,PD,31,YUL,YYZ,2025-12-05 17:35:00,2025-12-05 17:40:00,2025-12-05 18:40:00,2025-12-05 18:42:00,5,2,507,52,À l'heure
3215,PD1897,2025-12-06,PD,25,YQB,YUL,2025-12-06 08:45:00,2025-12-06 08:43:00,2025-12-06 09:40:00,2025-12-06 09:24:00,-2,-16,233,101,À l'heure
3216,WS1556,2025-12-06,WS,17,YYC,YEG,2025-12-06 10:30:00,2025-12-06 10:52:00,2025-12-06 11:23:00,2025-12-06 11:39:00,22,16,244,115,Retardé
3217,F81916,2025-12-06,F8,40,YYC,YVR,2025-12-06 10:40:00,2025-12-06 10:39:00,2025-12-06 12:09:00,2025-12-06 12:18:00,-1,9,687,161,À l'heure
3218,AC221,2025-12-06,AC,4,YUL,YVR,2025-12-06 11:45:00,2025-12-06 11:52:00,2025-12-06 16:56:00,2025-12-06 17:04:00,7,8,3682,127,À l'heure
3219,AC749,2025-12-06,AC,2,CUN,YUL,2025-12-06 13:15:00,2025-12-06 13:49:00,2025-12-06 17:33:00,2025-12-06 18:03:00,34,30,2970,92,Retardé
3220,DL802,2025-12-06,DL,54,YUL,JFK,2025-12-06 15:00:00,2025-12-06 15:22:00,2025-12-06 16:20:00,2025-12-06 16:28:00,22,8,537,130,À l'heure
3221,PD1866,2025-12-06,PD,28,YYZ,YOW,2025-12-06 15:30:00,2025-12-06 16:03:00,2025-12-06 16:19:00,2025-12-06 16:40:00,33,21,363,122,Retardé
3222,AC1832,2025-12-06,AC,3,YUL,ORD,2025-12-06 15:55:00,2025-12-06 15:59:00,2025-12-06 17:49:00,2025-12-06 17:50:00,4,1,1201,163,À l'heure
3223,AC1500,2025-12-06,AC,7,JFK,YUL,2025-12-06 17:40:00,2025-12-06 17:48:00,2025-12-06 18:57:00,2025-12-06 19:14:00,8,17,537,139,Retardé
3224,F81453,2025-12-06,F8,40,YYC,YVR,2025-12-06 18:00:00,2025-12-06 18:23:00,2025-12-06 19:32:00,2025-12-06 19:50:00,23,18,687,144,Retardé
3225,WS1791,2025-12-06,WS,17,YYZ,YVR,2025-12-06 18:45:00,2025-12-06 19:15:00,2025-12-06 23:26:00,2025-12-06 23:52:00,30,26,3346,110,Retardé
3226,AC1066,2025-12-06,AC,7,YUL,YYZ,2025-12-06 20:45:00,2025-12-06 21:07:00,2025-12-06 22:01:00,2025-12-06 22:16:00,22,15,507,137,À l'heure
3227,AC142,2025-12-07,AC,6,YUL,CUN,2025-12-07 06:05:00,2025-12-07 06:04:00,2025-12-07 10:21:00,2025-12-07 10:13:00,-1,-8,2970,147,À l'heure
3228,F81844,2025-12-07,F8,41,YVR,YYC,2025-12-07 07:50:00,2025-12-07 08:09:00,2025-12-07 09:14:00,2025-12-07 09:27:00,19,13,687,134,À l'heure
3229,AC1149,2025-12-07,AC,2,YVR,YUL,2025-12-07 14:00:00,2025-12-07 13:58:00,2025-12-07 19:19:00,2025-12-07 19:13:00,-2,-6,3682,93,À l'heure
3230,PD1593,2025-12-07,PD,29,YYZ,YOW,2025-12-07 16:25:00,2025-12-07 16:31:00,2025-12-07 17:28:00,2025-12-07 17:32:00,6,4,363,59,À l'heure
3231,AC478,2025-12-07,AC,10,YHZ,YUL,2025-12-07 21:55:00,2025-12-07 22:09:00,2025-12-07 23:21:00,2025-12-07 23:45:00,14,24,804,131,Retardé
3232,AC1593,2025-12-08,AC,7,YVR,LAX,2025-12-08 06:40:00,2025-12-08 06:37:00,2025-12-08 09:32:00,2025-12-08 09:33:00,-3,1,1741,166,À l'heure
3233,WS1915,2025-12-08,WS,18,YEG,YYC,2025-12-08 07:00:00,2025-12-08 07:02:00,2025-12-08 07:53:00,2025-12-08 07:42:00,2,-11,244,130,À l'heure
3234,AC110,2025-12-08,AC,4,YUL,YVR,2025-12-08 09:40:00,2025-12-08 09:37:00,2025-12-08 14:45:00,2025-12-08 14:42:00,-3,-3,3682,125,À l'heure
3235,PD1258,2025-12-08,PD,27,YYZ,YUL,2025-12-08 10:25:00,2025-12-08 10:42:00,2025-12-08 11:36:00,2025-12-08 11:46:00,17,10,507,107,À l'heure
3236,F8219,2025-12-08,F8,39,YVR,YYZ,2025-12-08 14:10:00,2025-12-08 15:04:00,2025-12-08 18:49:00,2025-12-08 19:29:00,54,40,3346,151,Retardé
3237,PD929,2025-12-08,PD,28,YUL,YQB,2025-12-08 14:35:00,2025-12-08 14:47:00,2025-12-08 15:17:00,2025-12-08 15:28:00,12,11,233,106,À l'heure
3238,AC1279,2025-12-08,AC,4,YYZ,YVR,2025-12-08 15:05:00,2025-12-08 17:39:00,2025-12-08 19:51:00,2025-12-08 22:11:00,154,140,3346,156,Retardé
3239,PD1518,2025-12-08,PD,31,YOW,YYZ,2025-12-08 15:35:00,2025-12-08 15:55:00,2025-12-08 16:24:00,2025-12-08 16:32:00,20,8,363,73,À l'heure
3240,F8244,2025-12-08,F8,40,YYC,YYZ,2025-12-08 16:05:00,2025-12-08 16:05:00,2025-12-08 20:06:00,2025-12-08 19:55:00,0,-11,2689,136,À l'heure
3241,AC1863,2025-12-08,AC,11,LHR,YUL,2025-12-08 19:35:00,2025-12-08 19:47:00,2025-12-09 02:39:00,2025-12-09 02:56:00,12,17,5215,250,Retardé
3242,TS658,2025-12-08,TS,36,YUL,CDG,2025-12-08 19:45:00,2025-12-08 19:58:00,2025-12-09 03:17:00,2025-12-09 03:34:00,13,17,5523,195,Retardé
3243,F81180,2025-12-08,F8,39,YVR,YYZ,2025-12-08 20:00:00,2025-12-08 20:06:00,2025-12-09 00:36:00,2025-12-09 00:28:00,6,-8,3346,136,À l'heure
3244,AC1829,2025-12-08,AC,4,YWG,YYZ,2025-12-08 20:00:00,2025-12-08 23:19:00,2025-12-08 22:25:00,2025-12-09 01:34:00,199,189,1504,122,Retardé
3245,WS1623,2025-12-08,WS,20,YWG,YYC,2025-12-08 21:40:00,2025-12-08 22:11:00,2025-12-08 23:32:00,2025-12-08 23:55:00,31,23,1191,157,Retardé
3246,WS1255,2025-12-09,WS,19,YYZ,YYC,2025-12-09 07:55:00,2025-12-09 07:57:00,2025-12-09 11:59:00,2025-12-09 12:03:00,2,4,2689,155,À l'heure
3247,AC649,2025-12-09,AC,4,YUL,YYC,2025-12-09 11:05:00,2025-12-09 11:32:00,2025-12-09 15:18:00,2025-12-09 15:45:00,27,27,3005,166,Retardé
3248,F8952,2025-12-09,F8,42,YVR,YUL,2025-12-09 13:20:00,2025-12-09 13:24:00,2025-12-09 18:39:00,2025-12-09 18:33:00,4,-6,3682,139,À l'heure
3249,WS530,2025-12-09,WS,19,YYC,YUL,2025-12-09 16:45:00,2025-12-09 17:03:00,2025-12-09 21:09:00,2025-12-09 21:37:00,18,28,3005,110,Retardé
3250,WS637,2025-12-09,WS,17,YYZ,YWG,2025-12-09 17:55:00,2025-12-09 18:21:00,2025-12-09 20:23:00,2025-12-09 20:39:00,26,16,1504,155,Retardé
3251,WS1325,2025-12-09,WS,20,YYC,YWG,2025-12-09 20:15:00,2025-12-09 20:19:00,2025-12-09 22:19:00,2025-12-09 22:20:00,4,1,1191,151,À l'heure
3252,AF470,2025-12-09,AF,60,YUL,CDG,2025-12-09 21:25:00,2025-12-09 22:08:00,2025-12-10 04:59:00,2025-12-10 05:43:00,43,44,5523,268,Retardé
3253,TS1575,2025-12-09,TS,34,YUL,CUN,2025-12-09 21:55:00,2025-12-09 22:00:00,2025-12-10 02:06:00,2025-12-10 02:02:00,5,-4,2970,159,À l'heure
3254,AC1622,2025-12-10,AC,6,YOW,YYZ,2025-12-10 06:05:00,2025-12-10 06:06:00,2025-12-10 07:12:00,2025-12-10 07:01:00,1,-11,363,148,À l'heure
3255,PD1878,2025-12-10,PD,29,YHZ,YYZ,2025-12-10 08:35:00,2025-12-10 08:37:00,2025-12-10 10:45:00,2025-12-10 10:49:00,2,4,1288,67,À l'heure
3256,AC194,2025-12-10,AC,6,YYC,YVR,2025-12-10 08:35:00,2025-12-10 08:37:00,2025-12-10 10:03:00,2025-12-10 10:01:00,2,-2,687,177,À l'heure
3257,TS1204,2025-12-10,TS,38,CDG,YUL,2025-12-10 16:10:00,2025-12-10 17:01:00,2025-12-10 23:33:00,2025-12-11 00:16:00,51,43,5523,225,Retardé
3258,F8688,2025-12-10,F8,40,YVR,YYZ,2025-12-10 18:10:00,2025-12-10 18:25:00,2025-12-10 22:47:00,2025-12-10 23:01:00,15,14,3346,149,À l'heure
3259,AC667,2025-12-10,AC,16,YYZ,LHR,2025-12-10 20:05:00,2025-12-10 21:10:00,2025-12-11 03:43:00,2025-12-11 04:41:00,65,58,5707,269,Retardé
3260,AC1692,2025-12-10,AC,10,YUL,LAX,2025-12-10 20:10:00,2025-12-10 21:03:00,2025-12-11 01:39:00,2025-12-11 02:30:00,53,51,3973,144,Retardé
3261,WS1531,2025-12-10,WS,17,YVR,YYZ,2025-12-10 21:30:00,2025-12-10 21:30:00,2025-12-11 02:13:00,2025-12-11 02:02:00,0,-11,3346,128,À l'heure
3262,WS546,2025-12-11,WS,19,YYZ,YWG,2025-12-11 08:05:00,2025-12-11 08:02:00,2025-12-11 10:37:00,2025-12-11 10:39:00,-3,2,1504,111,À l'heure
3263,AC210,2025-12-11,AC,10,YYC,YYZ,2025-12-11 08:25:00,2025-12-11 08:28:00,2025-12-11 12:28:00,2025-12-11 12:26:00,3,-2,2689,162,À l'heure
3264,PD1826,2025-12-11,PD,25,YUL,YQB,2025-12-11 10:55:00,2025-12-11 12:05:00,2025-12-11 11:40:00,2025-12-11 12:51:00,70,71,233,108,Retardé
3265,AC776,2025-12-11,AC,15,LHR,YYZ,2025-12-11 11:05:00,2025-12-11 11:04:00,2025-12-11 18:46:00,2025-12-11 18:55:00,-1,9,5707,220,À l'heure
3266,UA165,2025-12-11,UA,47,YYZ,ORD,2025-12-11 12:35:00,2025-12-11 13:28:00,2025-12-11 13:51:00,2025-12-11 14:39:00,53,48,701,144,Retardé
3267,AC616,2025-12-11,AC,4,YVR,YUL,2025-12-11 15:55:00,2025-12-11 16:17:00,2025-12-11 21:06:00,2025-12-11 21:33:00,22,27,3682,161,Retardé
3268,AC643,2025-12-11,AC,4,YYZ,YUL,2025-12-11 21:30:00,2025-12-11 21:28:00,2025-12-11 22:35:00,2025-12-11 22:35:00,-2,0,507,162,À l'heure
3269,AF479,2025-12-11,AF,60,YUL,CDG,2025-12-11 21:40:00,2025-12-11 21:41:00,2025-12-12 05:14:00,2025-12-12 05:04:00,1,-10,5523,206,À l'heure
3270,PD1972,2025-12-12,PD,30,YUL,YOW,2025-12-12 09:40:00,2025-12-12 09:38:00,2025-12-12 10:20:00,2025-12-12 10:08:00,-2,-12,151,62,À l'heure
3271,TS1989,2025-12-12,TS,33,CUN,YUL,2025-12-12 09:50:00,2025-12-12 09:53:00,2025-12-12 14:11:00,2025-12-12 14:08:00,3,-3,2970,160,À l'heure
3272,WS1262,2025-12-12,WS,20,YYC,YEG,2025-12-12 11:25:00,2025-12-12 11:25:00,2025-12-12 12:11:00,2025-12-12 12:19:00,0,8,244,142,À l'heure
3273,PD1268,2025-12-12,PD,31,YYZ,YOW,2025-12-12 12:35:00,2025-12-12 12:34:00,2025-12-12 13:32:00,2025-12-12 13:41:00,-1,9,363,72,À l'heure
3274,AC957,2025-12-12,AC,7,YYZ,YOW,2025-12-12 13:15:00,2025-12-12 15:05:00,2025-12-12 14:08:00,2025-12-12 16:05:00,110,117,363,120,Retardé
3275,WS1418,2025-12-12,WS,20,YUL,YVR,2025-12-12 13:45:00,2025-12-12 13:51:00,2025-12-12 18:50:00,2025-12-12 18:48:00,6,-2,3682,133,À l'heure
3276,PD1426,2025-12-12,PD,29,YUL,YYZ,2025-12-12 14:10:00,2025-12-12 14:07:00,2025-12-12 15:12:00,2025-12-12 14:57:00,-3,-15,507,51,À l'heure
3277,PD575,2025-12-12,PD,25,YUL,YYZ,2025-12-12 15:25:00,2025-12-12 15:42:00,2025-12-12 16:26:00,2025-12-12 16:46:00,17,20,507,121,Retardé
3278,DL1074,2025-12-12,DL,54,YUL,JFK,2025-12-12 19:00:00,2025-12-12 19:02:00,2025-12-12 20:08:00,2025-12-12 20:07:00,2,-1,537,189,À l'heure
3279,WS1373,2025-12-12,WS,18,YYC,YYZ,2025-12-12 20:15:00,2025-12-12 20:47:00,2025-12-13 00:05:00,2025-12-13 00:41:00,32,36,2689,149,Retardé
3280,DL1908,2025-12-12,DL,52,YVR,LAX,2025-12-12 21:00:00,2025-12-12 21:53:00,2025-12-12 23:34:00,2025-12-13 00:25:00,53,51,1741,175,Retardé
3281,AC1238,2025-12-12,AC,3,YVR,YYC,2025-12-12 21:25:00,2025-12-12 21:24:00,2025-12-12 22:43:00,2025-12-12 22:48:00,-1,5,687,147,À l'heure
3282,WS1908,2025-12-13,WS,19,YUL,YYC,2025-12-13 06:35:00,2025-12-13 06:57:00,2025-12-13 10:47:00,2025-12-13 11:10:00,22,23,3005,166,Retardé
3283,AC639,2025-12-13,AC,5,YUL,CUN,2025-12-13 10:40:00,2025-12-13 10:53:00,2025-12-13 14:57:00,2025-12-13 14:59:00,13,2,2970,177,À l'heure
3284,F81544,2025-12-13,F8,42,YUL,YVR,2025-12-13 12:15:00,2025-12-13 12:23:00,2025-12-13 17:19:00,2025-12-13 17:26:00,8,7,3682,113,À l'heure
3285,WS1299,2025-12-13,WS,19,YVR,YUL,2025-12-13 12:25:00,2025-12-13 12:45:00,2025-12-13 17:32:00,2025-12-13 17:39:00,20,7,3682,157,À l'heure
3286,PD182,2025-12-13,PD,26,YQB,YUL,2025-12-13 16:45:00,,2025-12-13 17:28:00,,,,233,,Annulé
3287,WS1274,2025-12-13,WS,19,YVR,YEG,2025-12-13 17:30:00,2025-12-13 17:51:00,2025-12-13 18:55:00,2025-12-13 19:21:00,21,26,809,137,Retardé
3288,UA1859,2025-12-13,UA,47,YUL,ORD,2025-12-13 18:45:00,2025-12-13 19:16:00,2025-12-13 20:44:00,2025-12-13 21:06:00,31,22,1201,150,Retardé
3289,AC1664,2025-12-13,AC,16,YUL,LHR,2025-12-13 19:05:00,2025-12-13 19:15:00,2025-12-14 02:03:00,2025-12-14 02:03:00,10,0,5215,223,À l'heure
3290,AC1091,2025-12-13,AC,9,YHZ,YUL,2025-12-13 20:40:00,2025-12-13 22:47:00,2025-12-13 22:04:00,2025-12-14 00:11:00,127,127,804,141,Retardé
3291,AF353,2025-12-13,AF,57,CDG,YUL,2025-12-13 21:15:00,2025-12-13 21:34:00,2025-12-14 04:36:00,2025-12-14 04:53:00,19,17,5523,262,Retardé
3292,WS303,2025-12-13,WS,19,YEG,YVR,2025-12-13 21:15:00,2025-12-13 22:06:00,2025-12-13 22:46:00,2025-12-13 23:39:00,51,53,809,132,Retardé
3293,F8454,2025-12-14,F8,40,YYZ,YVR,2025-12-14 06:25:00,,2025-12-14 11:11:00,,,,3346,,Annulé
3294,AC1397,2025-12-14,AC,7,LAX,YUL,2025-12-14 08:30:00,2025-12-14 08:31:00,2025-12-14 14:10:00,2025-12-14 14:04:00,1,-6,3973,131,À l'heure
3295,WS743,2025-12-14,WS,19,YUL,YYZ,2025-12-14 10:50:00,2025-12-14 10:50:00,2025-12-14 11:53:00,2025-12-14 11:52:00,0,-1,507,125,À l'heure
3296,AC335,2025-12-14,AC,7,YUL,YYZ,2025-12-14 11:15:00,2025-12-14 11:27:00,2025-12-14 12:17:00,2025-12-14 12:35:00,12,18,507,112,Retardé
3297,AC1364,2025-12-14,AC,5,JFK,YUL,2025-12-14 17:40:00,2025-12-14 18:01:00,2025-12-14 18:49:00,2025-12-14 19:08:00,21,19,537,179,Retardé
3298,AC882,2025-12-14,AC,8,YYZ,YYC,2025-12-14 18:55:00,2025-12-14 18:59:00,2025-12-14 22:56:00,2025-12-14 22:52:00,4,-4,2689,123,À l'heure
3299,AC1723,2025-12-14,AC,9,YOW,YYZ,2025-12-14 18:55:00,2025-12-14 19:13:00,2025-12-14 19:48:00,2025-12-14 20:03:00,18,15,363,161,À l'heure
3300,AC1159,2025-12-14,AC,1,YWG,YYZ,2025-12-14 19:00:00,2025-12-14 19:13:00,2025-12-14 21:24:00,2025-12-14 21:47:00,13,23,1504,105,Retardé
3301,AC390,2025-12-14,AC,9,YYZ,YYC,2025-12-14 19:35:00,2025-12-14 20:01:00,2025-12-14 23:28:00,2025-12-15 00:00:00,26,32,2689,159,Retardé
3302,WS1827,2025-12-15,WS,20,YYZ,YUL,2025-12-15 08:50:00,2025-12-15 09:03:00,2025-12-15 09:52:00,2025-12-15 10:06:00,13,14,507,115,À l'heure
3303,WS1834,2025-12-15,WS,20,YWG,YYC,2025-12-15 09:10:00,2025-12-15 09:17:00,2025-12-15 11:02:00,2025-12-15 10:57:00,7,-5,1191,143,À l'heure
3304,AC1825,2025-12-15,AC,16,LHR,YUL,2025-12-15 10:05:00,2025-12-15 10:09:00,2025-12-15 17:06:00,2025-12-15 16:56:00,4,-10,5215,218,À l'heure
3305,AC1258,2025-12-15,AC,6,YUL,YHZ,2025-12-15 10:55:00,2025-12-15 11:41:00,2025-12-15 12:24:00,2025-12-15 12:58:00,46,34,804,137,Retardé
3306,AC1980,2025-12-15,AC,3,JFK,YUL,2025-12-15 11:20:00,2025-12-15 11:14:00,2025-12-15 12:27:00,2025-12-15 12:10:00,-6,-17,537,157,À l'heure
3307,UA1536,2025-12-15,UA,47,ORD,YYZ,2025-12-15 15:45:00,2025-12-15 15:46:00,2025-12-15 17:09:00,2025-12-15 17:18:00,1,9,701,131,À l'heure
3308,PD103,2025-12-15,PD,30,YYZ,YHZ,2025-12-15 15:50:00,2025-12-15 15:53:00,2025-12-15 17:57:00,2025-12-15 18:03:00,3,6,1288,71,À l'heure
3309,WS676,2025-12-15,WS,19,YYC,YWG,2025-12-15 15:50:00,2025-12-15 16:04:00,2025-12-15 17:59:00,2025-12-15 18:01:00,14,2,1191,159,À l'heure
3310,WS1381,2025-12-15,WS,20,YYC,YVR,2025-12-15 18:30:00,2025-12-15 18:45:00,2025-12-15 19:56:00,2025-12-15 20:16:00,15,20,687,149,Retardé
3311,WS287,2025-12-15,WS,20,CUN,YUL,2025-12-15 20:15:00,2025-12-15 20:32:00,2025-12-16 00:26:00,2025-12-16 00:35:00,17,9,2970,110,À l'heure
3312,AF1431,2025-12-15,AF,57,YUL,CDG,2025-12-15 20:40:00,2025-12-15 20:39:00,2025-12-16 04:19:00,2025-12-16 04:10:00,-1,-9,5523,187,À l'heure
3313,AC837,2025-12-16,AC,10,YYZ,YUL,2025-12-16 06:05:00,2025-12-16 06:07:00,2025-12-16 07:05:00,2025-12-16 06:56:00,2,-9,507,164,À l'heure
3314,WS255,2025-12-16,WS,17,YEG,YYC,2025-12-16 06:15:00,2025-12-16 06:20:00,2025-12-16 07:10:00,2025-12-16 07:01:00,5,-9,244,121,À l'heure
3315,DL997,2025-12-16,DL,51,LAX,YVR,2025-12-16 08:50:00,2025-12-16 08:53:00,2025-12-16 11:34:00,2025-12-16 11:45:00,3,11,1741,97,À l'heure
3316,PD1960,2025-12-16,PD,25,YOW,YUL,2025-12-16 12:45:00,2025-12-16 12:41:00,2025-12-16 13:36:00,2025-12-16 13:36:00,-4,0,151,104,À l'heure
3317,TS732,2025-12-16,TS,35,YUL,CUN,2025-12-16 13:55:00,2025-12-16 14:00:00,2025-12-16 18:09:00,2025-12-16 18:02:00,5,-7,2970,129,À l'heure
3318,AC920,2025-12-16,AC,6,YYZ,YVR,2025-12-16 14:20:00,2025-12-16 14:31:00,2025-12-16 19:14:00,2025-12-16 19:28:00,11,14,3346,181,À l'heure
3319,UA1077,2025-12-16,UA,44,ORD,YUL,2025-12-16 14:45:00,2025-12-16 14:50:00,2025-12-16 16:40:00,2025-12-16 16:33:00,5,-7,1201,113,À l'heure
3320,PD1532,2025-12-16,PD,29,YYZ,YUL,2025-12-16 15:00:00,2025-12-16 15:03:00,2025-12-16 16:10:00,2025-12-16 16:01:00,3,-9,507,75,À l'heure
3321,AC956,2025-12-16,AC,10,YYC,YUL,2025-12-16 19:25:00,2025-12-16 19:27:00,2025-12-16 23:51:00,2025-12-16 23:54:00,2,3,3005,143,À l'heure
3322,AC1390,2025-12-17,AC,1,YYZ,YWG,2025-12-17 11:05:00,2025-12-17 11:02:00,2025-12-17 13:35:00,2025-12-17 13:25:00,-3,-10,1504,91,À l'heure
3323,AC1063,2025-12-17,AC,1,YUL,ORD,2025-12-17 13:25:00,2025-12-17 13:26:00,2025-12-17 15:23:00,2025-12-17 15:29:00,1,6,1201,121,À l'heure
3324,PD558,2025-12-17,PD,30,YQB,YUL,2025-12-17 13:45:00,2025-12-17 13:52:00,2025-12-17 14:24:00,2025-12-17 14:41:00,7,17,233,74,Retardé
3325,AC557,2025-12-17,AC,15,LHR,YUL,2025-12-17 15:05:00,2025-12-17 15:02:00,2025-12-17 22:15:00,2025-12-17 22:22:00,-3,7,5215,244,À l'heure
3326,AF1904,2025-12-17,AF,61,CDG,YUL,2025-12-17 17:30:00,2025-12-17 17:36:00,2025-12-18 00:51:00,2025-12-18 00:59:00,6,8,5523,195,À l'heure
3327,AC1588,2025-12-17,AC,12,YUL,LHR,2025-12-17 17:40:00,2025-12-17 17:40:00,2025-12-18 00:47:00,2025-12-18 00:48:00,0,1,5215,222,À l'heure
3328,TS705,2025-12-17,TS,32,YUL,CUN,2025-12-17 18:35:00,2025-12-17 18:39:00,2025-12-17 22:50:00,2025-12-17 22:41:00,4,-9,2970,125,À l'heure
3329,AC247,2025-12-18,AC,9,YVR,YEG,2025-12-18 07:25:00,2025-12-18 07:42:00,2025-12-18 09:04:00,2025-12-18 09:21:00,17,17,809,163,Retardé
3330,AC1485,2025-12-18,AC,9,LAX,YVR,2025-12-18 07:40:00,2025-12-18 07:39:00,2025-12-18 10:18:00,2025-12-18 10:13:00,-1,-5,1741,130,À l'heure
3331,AC1270,2025-12-18,AC,12,LHR,YYZ,2025-12-18 09:10:00,2025-12-18 09:04:00,2025-12-18 16:47:00,2025-12-18 16:39:00,-6,-8,5707,205,À l'heure
3332,WS671,2025-12-18,WS,19,YYC,YEG,2025-12-18 11:00:00,2025-12-18 11:11:00,2025-12-18 11:56:00,2025-12-18 12:00:00,11,4,244,130,À l'heure
3333,AC1342,2025-12-18,AC,3,YWG,YYZ,2025-12-18 12:00:00,2025-12-18 12:09:00,2025-12-18 14:34:00,2025-12-18 14:29:00,9,-5,1504,171,À l'heure
3334,UA1476,2025-12-18,UA,47,ORD,YYZ,2025-12-18 12:30:00,2025-12-18 12:34:00,2025-12-18 14:03:00,2025-12-18 14:02:00,4,-1,701,134,À l'heure
3335,PD1068,2025-12-18,PD,26,YUL,YHZ,2025-12-18 16:25:00,2025-12-18 16:53:00,2025-12-18 17:48:00,2025-12-18 18:18:00,28,30,804,90,Retardé
3336,WS1865,2025-12-18,WS,17,YYC,YYZ,2025-12-18 18:20:00,2025-12-18 18:47:00,2025-12-18 22:21:00,2025-12-18 22:39:00,27,18,2689,111,Retardé
3337,AC1232,2025-12-18,AC,2,JFK,YUL,2025-12-18 19:15:00,2025-12-18 19:17:00,2025-12-18 20:27:00,2025-12-18 20:19:00,2,-8,537,131,À l'heure
3338,PD1083,2025-12-19,PD,28,YUL,YYZ,2025-12-19 08:25:00,2025-12-19 08:29:00,2025-12-19 09:43:00,2025-12-19 09:44:00,4,1,507,114,À l'heure
3339,WS186,2025-12-19,WS,19,YYZ,YUL,2025-12-19 19:35:00,2025-12-19 19:46:00,2025-12-19 20:50:00,2025-12-19 20:55:00,11,5,507,114,À l'heure
3340,WS948,2025-12-19,WS,18,YUL,YYZ,2025-12-19 20:15:00,2025-12-19 20:59:00,2025-12-19 21:19:00,2025-12-19 22:13:00,44,54,507,165,Retardé
3341,AC919,2025-12-19,AC,9,YUL,JFK,2025-12-19 20:20:00,2025-12-20 01:32:00,2025-12-19 21:30:00,2025-12-20 02:32:00,312,302,537,111,Retardé
3342,WS1957,2025-12-20,WS,20,YUL,YVR,2025-12-20 06:25:00,2025-12-20 06:22:00,2025-12-20 11:40:00,2025-12-20 11:40:00,-3,0,3682,116,À l'heure
3343,UA1678,2025-12-20,UA,44,YYZ,ORD,2025-12-20 06:45:00,2025-12-20 06:49:00,2025-12-20 08:06:00,2025-12-20 08:06:00,4,0,701,156,À l'heure
3344,WS1182,2025-12-20,WS,19,YYZ,YUL,2025-12-20 07:10:00,2025-12-20 07:10:00,2025-12-20 08:10:00,2025-12-20 07:58:00,0,-12,507,115,À l'heure
3345,AC757,2025-12-20,AC,5,YOW,YYZ,2025-12-20 08:30:00,2025-12-20 08:32:00,2025-12-20 09:25:00,2025-12-20 09:18:00,2,-7,363,137,À l'heure
3346,WS1041,2025-12-20,WS,18,YVR,YYC,2025-12-20 08:50:00,2025-12-20 08:46:00,2025-12-20 10:08:00,2025-12-20 09:56:00,-4,-12,687,163,À l'heure
3347,TS1710,2025-12-20,TS,37,CDG,YUL,2025-12-20 10:45:00,2025-12-20 10:44:00,2025-12-20 18:22:00,2025-12-20 18:15:00,-1,-7,5523,216,À l'heure
3348,AC849,2025-12-20,AC,10,LAX,YUL,2025-12-20 11:20:00,2025-12-20 11:41:00,2025-12-20 17:00:00,2025-12-20 17:29:00,21,29,3973,160,Retardé
3349,F81012,2025-12-20,F8,40,YVR,YUL,2025-12-20 16:45:00,2025-12-20 16:42:00,2025-12-20 21:55:00,2025-12-20 21:58:00,-3,3,3682,159,À l'heure
3350,PD1260,2025-12-20,PD,31,YOW,YUL,2025-12-20 16:50:00,2025-12-20 16:51:00,2025-12-20 17:39:00,2025-12-20 17:44:00,1,5,151,75,À l'heure
3351,WS306,2025-12-20,WS,18,YYC,YWG,2025-12-20 16:50:00,2025-12-20 17:11:00,2025-12-20 18:44:00,2025-12-20 18:57:00,21,13,1191,149,À l'heure
3352,WS1455,2025-12-20,WS,20,YVR,YUL,2025-12-20 17:05:00,2025-12-20 17:31:00,2025-12-20 22:10:00,2025-12-20 22:28:00,26,18,3682,114,Retardé
3353,WS1232,2025-12-20,WS,19,YYZ,YHZ,2025-12-20 17:35:00,2025-12-20 17:48:00,2025-12-20 19:47:00,2025-12-20 19:59:00,13,12,1288,168,À l'heure
3354,UA1045,2025-12-20,UA,49,ORD,YUL,2025-12-20 20:00:00,2025-12-20 20:00:00,2025-12-20 22:03:00,2025-12-20 21:59:00,0,-4,1201,117,À l'heure
3355,TS256,2025-12-20,TS,34,CUN,YUL,2025-12-20 20:00:00,2025-12-20 20:10:00,2025-12-21 00:20:00,2025-12-21 00:19:00,10,-1,2970,153,À l'heure
3356,AC277,2025-12-20,AC,11,YUL,CDG,2025-12-20 20:25:00,2025-12-20 21:01:00,2025-12-21 04:04:00,2025-12-21 04:47:00,36,43,5523,203,Retardé
3357,PD647,2025-12-20,PD,30,YHZ,YYZ,2025-12-20 20:35:00,2025-12-20 20:43:00,2025-12-20 22:41:00,2025-12-20 22:53:00,8,12,1288,51,À l'heure
3358,AC1689,2025-12-20,AC,6,YVR,YYZ,2025-12-20 20:50:00,2025-12-20 20:49:00,2025-12-21 01:26:00,2025-12-21 01:18:00,-1,-8,3346,176,À l'heure
3359,AC967,2025-12-20,AC,5,YHZ,YUL,2025-12-20 20:55:00,2025-12-20 20:52:00,2025-12-20 22:31:00,2025-12-20 22:33:00,-3,2,804,172,À l'heure
3360,PD1964,2025-12-21,PD,26,YYZ,YOW,2025-12-21 08:10:00,2025-12-21 08:44:00,2025-12-21 09:01:00,2025-12-21 09:23:00,34,22,363,121,Retardé
3361,AC1119,2025-12-21,AC,6,YUL,YYC,2025-12-21 08:15:00,2025-12-21 08:20:00,2025-12-21 12:28:00,2025-12-21 12:41:00,5,13,3005,130,À l'heure
3362,AC977,2025-12-21,AC,5,YYZ,YYC,2025-12-21 10:20:00,2025-12-21 10:27:00,2025-12-21 14:19:00,2025-12-21 14:28:00,7,9,2689,179,À l'heure
3363,AC662,2025-12-21,AC,5,YVR,LAX,2025-12-21 10:50:00,2025-12-21 10:55:00,2025-12-21 13:42:00,2025-12-21 13:41:00,5,-1,1741,141,À l'heure
3364,AC284,2025-12-21,AC,4,YYC,YYZ,2025-12-21 11:45:00,2025-12-21 11:49:00,2025-12-21 15:47:00,2025-12-21 15:47:00,4,0,2689,149,À l'heure
3365,AC1907,2025-12-21,AC,8,YYZ,YVR,2025-12-21 12:30:00,2025-12-21 13:26:00,2025-12-21 17:06:00,2025-12-21 17:57:00,56,51,3346,134,Retardé
3366,AC852,2025-12-21,AC,2,YUL,YYZ,2025-12-21 15:40:00,2025-12-21 15:42:00,2025-12-21 16:58:00,2025-12-21 17:07:00,2,9,507,115,À l'heure
3367,DL1790,2025-12-21,DL,52,JFK,YUL,2025-12-21 18:25:00,2025-12-21 18:32:00,2025-12-21 19:37:00,2025-12-21 19:30:00,7,-7,537,148,À l'heure
3368,WS1909,2025-12-21,WS,20,YYZ,YUL,2025-12-21 18:50:00,2025-12-21 18:59:00,2025-12-21 20:05:00,2025-12-21 20:15:00,9,10,507,143,À l'heure
3369,F8556,2025-12-21,F8,41,YYZ,YVR,2025-12-21 19:10:00,2025-12-21 19:46:00,2025-12-21 23:58:00,2025-12-22 00:24:00,36,26,3346,151,Retardé
3370,WS882,2025-12-21,WS,20,YUL,YYZ,2025-12-21 20:20:00,2025-12-21 20:57:00,2025-12-21 21:29:00,2025-12-21 21:56:00,37,27,507,108,Retardé
3371,AC1555,2025-12-22,AC,1,YEG,YVR,2025-12-22 09:30:00,2025-12-22 09:36:00,2025-12-22 11:07:00,2025-12-22 11:09:00,6,2,809,107,À l'heure
3372,WS706,2025-12-22,WS,19,YVR,YYZ,2025-12-22 18:00:00,2025-12-22 18:49:00,2025-12-22 22:49:00,2025-12-22 23:43:00,49,54,3346,131,Retardé
3373,TS1720,2025-12-22,TS,36,YUL,CDG,2025-12-22 19:05:00,2025-12-22 19:05:00,2025-12-23 02:26:00,2025-12-23 02:29:00,0,3,5523,263,À l'heure
3374,PD693,2025-12-22,PD,28,YYZ,YUL,2025-12-22 20:45:00,2025-12-22 20:46:00,2025-12-22 22:00:00,2025-12-22 22:00:00,1,0,507,116,À l'heure
3375,F81212,2025-12-23,F8,39,YWG,YYC,2025-12-23 06:55:00,2025-12-23 07:12:00,2025-12-23 08:54:00,2025-12-23 09:08:00,17,14,1191,129,À l'heure
3376,F81303,2025-12-23,F8,39,YVR,YYC,2025-12-23 07:50:00,2025-12-23 08:10:00,2025-12-23 09:20:00,2025-12-23 09:33:00,20,13,687,130,À l'heure
3377,WS902,2025-12-23,WS,17,YYC,YVR,2025-12-23 08:30:00,2025-12-23 08:27:00,2025-12-23 09:45:00,2025-12-23 09:30:00,-3,-15,687,142,À l'heure
3378,PD1490,2025-12-23,PD,27,YUL,YOW,2025-12-23 10:50:00,2025-12-23 13:59:00,2025-12-23 11:26:00,2025-12-23 14:31:00,189,185,151,94,Retardé
3379,F81744,2025-12-23,F8,41,YYZ,YYC,2025-12-23 12:10:00,2025-12-23 12:31:00,2025-12-23 16:07:00,2025-12-23 16:26:00,21,19,2689,108,Retardé
3380,AC1579,2025-12-23,AC,9,YUL,YQB,2025-12-23 16:30:00,2025-12-23 17:22:00,2025-12-23 17:18:00,2025-12-23 18:09:00,52,51,233,123,Retardé
3381,PD1585,2025-12-23,PD,30,YYZ,YOW,2025-12-23 17:20:00,2025-12-23 18:13:00,2025-12-23 18:14:00,2025-12-23 19:01:00,53,47,363,49,Retardé
3382,AC606,2025-12-23,AC,5,YUL,LAX,2025-12-23 18:15:00,2025-12-23 18:14:00,2025-12-23 23:52:00,2025-12-23 23:49:00,-1,-3,3973,166,À l'heure
3383,WS1106,2025-12-23,WS,19,YEG,YYC,2025-12-23 19:20:00,2025-12-23 19:57:00,2025-12-23 20:18:00,2025-12-23 20:43:00,37,25,244,129,Retardé
3384,TS1440,2025-12-23,TS,34,CUN,YUL,2025-12-23 19:30:00,2025-12-23 19:45:00,2025-12-23 23:38:00,2025-12-24 00:03:00,15,25,2970,134,Retardé
3385,WS566,2025-12-23,WS,19,YYC,YUL,2025-12-23 19:40:00,2025-12-23 19:50:00,2025-12-23 23:52:00,2025-12-23 23:49:00,10,-3,3005,158,À l'heure
3386,AC1427,2025-12-23,AC,15,YYZ,LHR,2025-12-23 20:25:00,2025-12-23 21:08:00,2025-12-24 04:09:00,2025-12-24 04:41:00,43,32,5707,239,Retardé
3387,PD1258,2025-12-24,PD,26,YYZ,YOW,2025-12-24 06:05:00,2025-12-24 06:05:00,2025-12-24 06:55:00,2025-12-24 06:41:00,0,-14,363,88,À l'heure
3388,AC1488,2025-12-24,AC,10,YUL,LAX,2025-12-24 06:50:00,2025-12-24 06:54:00,2025-12-24 12:26:00,2025-12-24 12:18:00,4,-8,3973,137,À l'heure
3389,PD437,2025-12-24,PD,25,YUL,YQB,2025-12-24 08:05:00,2025-12-24 08:06:00,2025-12-24 08:53:00,2025-12-24 08:50:00,1,-3,233,87,À l'heure
3390,AC749,2025-12-24,AC,4,YUL,YYZ,2025-12-24 08:25:00,2025-12-24 09:06:00,2025-12-24 09:29:00,2025-12-24 10:05:00,41,36,507,155,Retardé
3391,AC1543,2025-12-24,AC,3,YHZ,YUL,2025-12-24 09:30:00,2025-12-24 10:07:00,2025-12-24 11:03:00,2025-12-24 11:36:00,37,33,804,177,Retardé
3392,PD1373,2025-12-24,PD,31,YYZ,YOW,2025-12-24 09:45:00,2025-12-24 09:47:00,2025-12-24 10:37:00,2025-12-24 10:32:00,2,-5,363,61,À l'heure
3393,UA155,2025-12-24,UA,43,YYZ,ORD,2025-12-24 11:25:00,2025-12-24 11:49:00,2025-12-24 12:56:00,2025-12-24 13:12:00,24,16,701,160,Retardé
3394,F81240,2025-12-24,F8,41,YYC,YVR,2025-12-24 13:40:00,2025-12-24 13:39:00,2025-12-24 15:07:00,2025-12-24 15:06:00,-1,-1,687,140,À l'heure
3395,F8137,2025-12-24,F8,42,YYZ,YYC,2025-12-24 14:40:00,2025-12-24 14:36:00,2025-12-24 18:35:00,2025-12-24 18:34:00,-4,-1,2689,164,À l'heure
3396,WS1950,2025-12-24,WS,17,YUL,YYC,2025-12-24 16:50:00,2025-12-24 16:52:00,2025-12-24 21:03:00,2025-12-24 20:51:00,2,-12,3005,155,À l'heure
3397,F81301,2025-12-24,F8,41,YWG,YYC,2025-12-24 18:05:00,2025-12-24 20:05:00,2025-12-24 20:08:00,2025-12-24 22:02:00,120,114,1191,119,Retardé
3398,AC1885,2025-12-24,AC,4,ORD,YUL,2025-12-24 19:15:00,2025-12-24 19:14:00,2025-12-24 21:15:00,2025-12-24 21:01:00,-1,-14,1201,137,À l'heure
3399,WS729,2025-12-24,WS,17,YEG,YYC,2025-12-24 21:00:00,2025-12-24 20:58:00,2025-12-24 21:41:00,2025-12-24 21:44:00,-2,3,244,111,À l'heure
3400,AC1980,2025-12-25,AC,1,YWG,YYZ,2025-12-25 08:35:00,2025-12-25 08:33:00,2025-12-25 10:52:00,2025-12-25 10:58:00,-2,6,1504,122,À l'heure
3401,AC577,2025-12-25,AC,3,YYZ,YYC,2025-12-25 10:15:00,2025-12-25 10:22:00,2025-12-25 14:16:00,2025-12-25 14:21:00,7,5,2689,122,À l'heure
3402,PD144,2025-12-25,PD,28,YOW,YUL,2025-12-25 14:45:00,2025-12-25 14:57:00,2025-12-25 15:29:00,2025-12-25 15:31:00,12,2,151,85,À l'heure
3403,AC944,2025-12-25,AC,10,YYZ,YUL,2025-12-25 17:10:00,2025-12-25 17:08:00,2025-12-25 18:11:00,2025-12-25 18:04:00,-2,-7,507,140,À l'heure
3404,AC1780,2025-12-25,AC,2,YYZ,YHZ,2025-12-25 20:35:00,2025-12-25 20:36:00,2025-12-25 22:37:00,2025-12-25 22:36:00,1,-1,1288,90,À l'heure
3405,AC340,2025-12-25,AC,2,YYZ,YVR,2025-12-25 21:55:00,2025-12-25 22:09:00,2025-12-26 02:32:00,2025-12-26 02:33:00,14,1,3346,87,À l'heure
3406,WS1004,2025-12-26,WS,18,YYZ,YUL,2025-12-26 06:45:00,2025-12-26 06:59:00,2025-12-26 07:52:00,2025-12-26 08:09:00,14,17,507,134,Retardé
3407,PD1389,2025-12-26,PD,25,YUL,YHZ,2025-12-26 06:45:00,2025-12-26 06:45:00,2025-12-26 08:15:00,2025-12-26 08:12:00,0,-3,804,89,À l'heure
3408,WS1350,2025-12-26,WS,18,YUL,YYZ,2025-12-26 08:10:00,2025-12-26 08:09:00,2025-12-26 09:10:00,2025-12-26 09:07:00,-1,-3,507,170,À l'heure
3409,PD594,2025-12-26,PD,30,YOW,YYZ,2025-12-26 08:35:00,2025-12-26 08:54:00,2025-12-26 09:42:00,2025-12-26 09:52:00,19,10,363,73,À l'heure
3410,WS858,2025-12-26,WS,19,YYZ,YVR,2025-12-26 10:35:00,2025-12-26 11:29:00,2025-12-26 15:11:00,2025-12-26 16:09:00,54,58,3346,125,Retardé
3411,WS989,2025-12-26,WS,19,YUL,CUN,2025-12-26 11:30:00,2025-12-26 11:46:00,2025-12-26 15:53:00,2025-12-26 16:06:00,16,13,2970,163,À l'heure
3412,F8849,2025-12-26,F8,41,YUL,YVR,2025-12-26 14:00:00,2025-12-26 14:01:00,2025-12-26 19:01:00,2025-12-26 18:57:00,1,-4,3682,110,À l'heure
3413,TS855,2025-12-26,TS,34,YUL,CUN,2025-12-26 14:35:00,2025-12-26 15:10:00,2025-12-26 18:54:00,2025-12-26 19:26:00,35,32,2970,139,Retardé
3414,WS346,2025-12-26,WS,20,YYZ,YUL,2025-12-26 16:40:00,2025-12-26 16:42:00,2025-12-26 17:55:00,2025-12-26 18:02:00,2,7,507,120,À l'heure
3415,AC708,2025-12-26,AC,12,YYZ,LHR,2025-12-26 18:25:00,2025-12-26 18:24:00,2025-12-27 02:12:00,2025-12-27 02:15:00,-1,3,5707,281,À l'heure
3416,AC1496,2025-12-26,AC,2,LAX,YUL,2025-12-26 19:35:00,,2025-12-27 01:09:00,,,,3973,,Annulé
3417,PD290,2025-12-26,PD,26,YQB,YUL,2025-12-26 19:45:00,2025-12-26 20:04:00,2025-12-26 20:29:00,2025-12-26 20:35:00,19,6,233,95,À l'heure
3418,AC303,2025-12-26,AC,14,LHR,YYZ,2025-12-26 21:05:00,2025-12-26 21:31:00,2025-12-27 04:41:00,2025-12-27 05:07:00,26,26,5707,262,Retardé
3419,WS336,2025-12-27,WS,20,YVR,YEG,2025-12-27 07:05:00,2025-12-27 07:13:00,2025-12-27 08:28:00,2025-12-27 08:35:00,8,7,809,113,À l'heure
3420,AC389,2025-12-27,AC,8,CUN,YUL,2025-12-27 10:45:00,2025-12-27 10:49:00,2025-12-27 14:54:00,2025-12-27 15:06:00,4,12,2970,128,À l'heure
3421,DL1894,2025-12-27,DL,52,YUL,JFK,2025-12-27 10:55:00,2025-12-27 10:52:00,2025-12-27 12:09:00,2025-12-27 11:57:00,-3,-12,537,161,À l'heure
3422,AC499,2025-12-27,AC,10,YOW,YYZ,2025-12-27 12:50:00,2025-12-27 12:58:00,2025-12-27 13:47:00,2025-12-27 13:43:00,8,-4,363,131,À l'heure
3423,DL1507,2025-12-27,DL,53,YVR,LAX,2025-12-27 13:30:00,2025-12-27 13:36:00,2025-12-27 16:18:00,2025-12-27 16:12:00,6,-6,1741,128,À l'heure
3424,PD234,2025-12-27,PD,30,YYZ,YUL,2025-12-27 15:30:00,2025-12-27 15:36:00,2025-12-27 16:33:00,2025-12-27 16:47:00,6,14,507,60,À l'heure
3425,AC1259,2025-12-27,AC,16,YUL,CDG,2025-12-27 17:40:00,2025-12-27 17:40:00,2025-12-28 01:18:00,2025-12-28 01:04:00,0,-14,5523,201,À l'heure
3426,AC1711,2025-12-27,AC,6,LAX,YVR,2025-12-27 19:15:00,2025-12-27 19:18:00,2025-12-27 21:57:00,2025-12-27 21:50:00,3,-7,1741,174,À l'heure
3427,AC1066,2025-12-27,AC,13,YUL,LHR,2025-12-27 21:05:00,2025-12-27 21:41:00,2025-12-28 04:15:00,2025-12-28 04:41:00,36,26,5215,208,Retardé
3428,AC1103,2025-12-27,AC,14,LHR,YUL,2025-12-27 21:30:00,2025-12-27 22:24:00,2025-12-28 04:46:00,2025-12-28 05:33:00,54,47,5215,195,Retardé
3429,AC1661,2025-12-27,AC,12,YUL,CDG,2025-12-27 21:50:00,2025-12-27 22:25:00,2025-12-28 05:11:00,2025-12-28 05:55:00,35,44,5523,248,Retardé
3430,F81755,2025-12-28,F8,40,YVR,YYZ,2025-12-28 06:55:00,2025-12-28 07:07:00,2025-12-28 11:37:00,2025-12-28 11:36:00,12,-1,3346,119,À l'heure
3431,PD1097,2025-12-28,PD,25,YUL,YOW,2025-12-28 08:20:00,2025-12-28 08:20:00,2025-12-28 08:55:00,2025-12-28 08:58:00,0,3,151,117,À l'heure
3432,AC1839,2025-12-28,AC,3,YYC,YVR,2025-12-28 11:45:00,2025-12-28 11:50:00,2025-12-28 13:16:00,2025-12-28 13:21:00,5,5,687,130,À l'heure
3433,AC416,2025-12-28,AC,16,CDG,YUL,2025-12-28 13:20:00,2025-12-28 13:22:00,2025-12-28 20:57:00,2025-12-28 20:48:00,2,-9,5523,202,À l'heure
3434,WS522,2025-12-28,WS,17,CUN,YUL,2025-12-28 13:25:00,2025-12-28 13:24:00,2025-12-28 17:39:00,2025-12-28 17:44:00,-1,5,2970,170,À l'heure
3435,WS1530,2025-12-28,WS,20,YYC,YEG,2025-12-28 14:00:00,2025-12-28 14:08:00,2025-12-28 14:50:00,2025-12-28 14:57:00,8,7,244,112,À l'heure
3436,AC1978,2025-12-28,AC,9,YUL,ORD,2025-12-28 15:35:00,2025-12-28 15:45:00,2025-12-28 17:36:00,2025-12-28 17:51:00,10,15,1201,166,À l'heure
3437,F8933,2025-12-28,F8,42,YVR,YYC,2025-12-28 18:00:00,2025-12-28 18:15:00,2025-12-28 19:31:00,2025-12-28 19:33:00,15,2,687,136,À l'heure
3438,AC538,2025-12-29,AC,1,YYC,YUL,2025-12-29 07:15:00,2025-12-29 07:16:00,2025-12-29 11:26:00,2025-12-29 11:32:00,1,6,3005,94,À l'heure
3439,F8315,2025-12-29,F8,42,YVR,YYZ,2025-12-29 11:30:00,2025-12-29 11:34:00,2025-12-29 16:12:00,2025-12-29 16:19:00,4,7,3346,140,À l'heure
3440,F8427,2025-12-29,F8,42,YYC,YYZ,2025-12-29 12:20:00,2025-12-29 12:20:00,2025-12-29 16:13:00,2025-12-29 16:09:00,0,-4,2689,159,À l'heure
3441,AC424,2025-12-29,AC,5,YUL,YYZ,2025-12-29 13:25:00,2025-12-29 13:51:00,2025-12-29 14:27:00,2025-12-29 14:44:00,26,17,507,189,Retardé
3442,F81202,2025-12-29,F8,42,YYC,YWG,2025-12-29 18:35:00,2025-12-29 18:38:00,2025-12-29 20:38:00,2025-12-29 20:27:00,3,-11,1191,165,À l'heure
3443,AC1915,2025-12-29,AC,5,JFK,YUL,2025-12-29 19:10:00,2025-12-29 19:08:00,2025-12-29 20:24:00,2025-12-29 20:29:00,-2,5,537,166,À l'heure
3444,AC413,2025-12-29,AC,2,YVR,YYC,2025-12-29 20:45:00,2025-12-29 20:52:00,2025-12-29 22:17:00,2025-12-29 22:21:00,7,4,687,108,À l'heure
3445,AC1226,2025-12-29,AC,10,YUL,YYZ,2025-12-29 21:10:00,2025-12-29 22:04:00,2025-12-29 22:22:00,2025-12-29 23:16:00,54,54,507,138,Retardé
3446,AC288,2025-12-29,AC,5,YUL,JFK,2025-12-29 21:55:00,2025-12-29 22:05:00,2025-12-29 23:06:00,2025-12-29 23:07:00,10,1,537,147,À l'heure
3447,PD1833,2025-12-30,PD,29,YHZ,YYZ,2025-12-30 08:05:00,2025-12-30 08:12:00,2025-12-30 10:11:00,2025-12-30 10:18:00,7,7,1288,62,À l'heure
3448,AC174,2025-12-30,AC,9,YEG,YVR,2025-12-30 08:30:00,2025-12-30 08:30:00,2025-12-30 10:11:00,2025-12-30 09:58:00,0,-13,809,133,À l'heure
3449,UA1242,2025-12-30,UA,44,ORD,YYZ,2025-12-30 08:40:00,2025-12-30 08:50:00,2025-12-30 10:02:00,2025-12-30 10:13:00,10,11,701,110,À l'heure
3450,WS1453,2025-12-30,WS,17,YVR,YUL,2025-12-30 13:20:00,2025-12-30 13:21:00,2025-12-30 18:24:00,2025-12-30 18:30:00,1,6,3682,123,À l'heure
3451,TS1583,2025-12-30,TS,36,CDG,YUL,2025-12-30 14:15:00,2025-12-30 14:22:00,2025-12-30 21:51:00,2025-12-30 21:59:00,7,8,5523,227,À l'heure
3452,AC1444,2025-12-30,AC,9,YVR,YUL,2025-12-30 17:25:00,2025-12-30 18:18:00,2025-12-30 22:26:00,2025-12-30 23:28:00,53,62,3682,158,Retardé
3453,DL1005,2025-12-30,DL,52,JFK,YUL,2025-12-30 17:50:00,2025-12-30 17:49:00,2025-12-30 19:00:00,2025-12-30 18:51:00,-1,-9,537,178,À l'heure
3454,WS652,2025-12-30,WS,19,YYZ,YWG,2025-12-30 17:55:00,2025-12-30 19:06:00,2025-12-30 20:25:00,2025-12-30 21:27:00,71,62,1504,137,Retardé
